concrete_attention_temp,dim_attention_max
0.43426787126215582,0.35334568202685929
0.72438638202646566,0.57613321036458542
1.0998740819915391,0.45293928058057298
1.4425082750561824,0.59587540904568759
1.6300809430264018,0.47019818976601457
1.762049149969827,0.38598883356239672
1.8676369503048091,0.3954434193041918
1.9433628800773095,0.3640379892590101
2.0093095798324501,0.35509588795941222
2.0667171856777529,0.34777390255627377
2.115710781430709,0.34750066430341681
2.1567968712730212,0.34051949736571557
2.1928379682750339,0.3398984778829946
2.2260724457451562,0.35425012823429147
2.253648356003727,0.3395275137686109
2.2815259754437784,0.36650327102061198
2.3028426716941981,0.35090080736943019
2.3231727152194863,0.35975796373273339
2.3427890661012403,0.34242129111795477
2.3598243543512742,0.3533746143156814
2.3755928618720965,0.3473458627372239
2.3905696646595405,0.37700625331001392
2.4040700657324763,0.34819091730547369
2.4176414224615201,0.35170532608492538
2.429878518396988,0.35807712832630739
2.4403255821098497,0.35822920466641739
2.4508923768098283,0.34864837818704258
2.4605070835774576,0.33996660311551991
2.4695748696501507,0.36108629741239101
2.4777349718348161,0.3510482363126699
0.43706312041223938,0.36763453569956828
0.64500236258959287,0.82475772584025075
0.75594576229824884,0.68335497652665211
0.80293532919429156,0.75112445177917286
0.87409149606656156,0.51944343780434976
0.92209191805616442,0.51511774119446219
0.95912655475331743,0.50779381300750093
1.0033632547739,0.43144891373772531
1.0317288507219295,0.50415728193890685
1.0586458394911156,0.44053661717017112
1.0767932213698752,0.4787704501704641
1.0690932594873159,0.75277418912484684
1.0696024560576398,0.70899641207768227
1.0811829176818537,0.6660440173361758
1.0945398717443169,0.40079140310420908
1.1057843965955871,0.42889194983242529
1.1278080003042774,0.50042309007496433
1.1440983764438299,0.39205850806091053
1.1499376718510843,0.58181693669365675
1.1633852155618307,0.51396201297704103
1.170183813094527,0.48706115948174761
1.1759626850238127,0.47096652397621319
1.1801418237518388,0.43546437139730909
1.1838742652167973,0.50845311352809464
1.1871767101074866,0.47772382634409388
1.1911969012215655,0.46893638791236741
1.1939518841138963,0.45219921855645218
1.1964242037779944,0.46341190719880149
1.1990455248385978,0.39063602430680339
1.2098635713126511,0.59905718961741738
0.0163660171264998,0.36710014651640788
0.065836761852239703,0.53342213102694291
0.11384916875071829,0.71554674020358766
0.14576574911562509,0.70894987002862198
0.29949491193742611,0.89054080506173161
0.41872579517429259,0.62008170754729042
0.47205091991707099,0.61647121706324659
0.53466444481655451,0.3961550932892991
0.6072060091980287,0.68857426963528912
0.64305367031964566,0.67324329402943339
0.66895987228932108,0.58626065082662826
0.70814976710214561,0.54673992252527703
0.73825117668025131,0.4193007298854553
0.76848207551899039,0.6218503671813197
0.79097882166711231,0.65140331511788496
0.80620764093508501,0.58969041887176665
0.81951793424574415,0.58884654895209698
0.83165137158064106,0.52381009748533136
0.84482801145296871,0.40714067891181821
0.85928475810290528,0.6509463836998266
0.87341285289204618,0.57407068369950798
0.88591719710407157,0.41295123502308151
0.89635373154033871,0.50106949286369573
0.90677347519798057,0.53475345286797193
0.91925206096163403,0.62791384517288162
0.92927455040234441,0.43700091357049659
0.93737207281462742,0.41991539700345459
0.94433667875554494,0.52920387253977386
0.95136545606745482,0.3711896164716687
0.95860403703950325,0.35576516279905118
0.0596883786284114,0.39126785250761659
0.1161618625731862,0.56837138222923844
0.2426863251766235,0.56617648369747287
0.36221711941648582,0.49000256397560188
0.49279259740992643,0.39659447892871408
0.53124572216923871,0.44750167153360892
0.50687597563459263,0.61452132533573967
0.57617026695542972,0.49790530083261569
0.60584031956922191,0.59692115012064684
0.61865831945792005,0.59381486260193839
0.67613608142370463,0.60320146626111681
0.73156195339587771,0.57923904201156884
0.77480209721487459,0.69942063009026489
0.8079533373729062,0.62276212854824964
0.83037227860333518,0.60152444335204747
0.84458376684066105,0.61844375795325179
0.85607347443918691,0.58387472682137787
0.87161452176352339,0.45504386820363818
0.88662760170760835,0.46217479436196429
0.89975591071666317,0.41665373579374138
0.90881631488947401,0.4023338825485151
0.91842823960027919,0.45320944090608972
0.19110737317045981,0.36797631388703622
0.50195014636655477,0.50474803927137402
0.78585198709639892,0.76048279393139495
1.1279631746234002,0.71591944591926482
1.5021301006860632,0.57495685270979113
1.8479550838527248,0.41699873434100199
2.1043425872999686,0.37890824026740683
2.2990071218521919,0.36910568562263291
2.4531782047174464,0.36497029632532818
2.577754678846488,0.36532785086749259
2.688857013511893,0.3522215349752062
2.7826180394458686,0.3419311745521495
2.8643665326395062,0.33920649056116331
2.9375602656413995,0.33887838187516789
3.002669555245177,0.35536726891562193
3.0620641552859968,0.35008181614021472
3.1124495466487554,0.34796419832626668
3.1613282016259885,0.35137908700719273
3.2053534587485446,0.34364814164006419
3.2458557873147456,0.34406878483015357
3.2837231154184483,0.3576482339599647
3.3189873708579283,0.34376176994500229
3.350410009348217,0.34397519951323807
3.3803275608612022,0.34144112540681071
3.4077529759816287,0.34043693894713201
3.4335924839087117,0.34569895704117959
3.4574175513332759,0.340892625432687
3.4797329955414571,0.3518687186162347
3.501394052304001,0.33835666684171761
3.5214100432617035,0.34510332559968099
0.1141229675983372,0.37579454370312559
0.24449721794696971,0.37219039508780138
0.365092445602334,0.4260921455160317
0.40653132738184511,0.60567649821091651
0.43653023120811768,0.53532661317493169
0.4621714219592819,0.54731802637192573
0.52695289328856387,0.48036453433463489
0.57195360519044813,0.46048297234326918
0.61810826795462837,0.45189474655935358
0.69352282183948011,0.61477401712667135
0.71980159864727367,0.5819704584550105
0.75447245073974623,0.52972891636284869
0.79425873178807938,0.73011539916585
0.81067743577216222,0.77383140228917557
0.85092334004946513,0.65628479081862534
0.28765509604881689,0.38506155451375468
1.1311224377613045,0.37736115183879698
2.5702947802773508,0.4202706859622794
4.3334433213028491,0.35065035309444981
6.0444453417507615,0.33931933240561718
7.4973818071611111,0.33542153307391748
8.7793270430438533,0.33816162099235347
9.8501097233732366,0.33731238635009159
10.756305563305769,0.33488259051650349
11.640127659623181,0.3350229330098588
12.411567411306986,0.33536525921857802
13.116100001409656,0.33702103790847882
13.725925113128666,0.33397433274545008
14.291206122914565,0.33403838661663471
14.781561598904354,0.34101014307107952
15.226096721363664,0.33361052332485641
15.700560498437738,0.3360545417908633
16.117573041459817,0.33527340320884902
16.487666414593463,0.33845960025537081
16.815706208315685,0.33407863277012129
17.123818340749359,0.33390731018320691
17.412031959457952,0.33372579984040579
17.694745580834834,0.33577793732687611
17.96518449063138,0.33958031501827268
18.21013186671621,0.33464446409887239
18.435887398807171,0.33606379930118829
18.644998078664589,0.3348745487365502
18.846009102935795,0.33492201205531719
19.03285106137908,0.33569847936125768
19.212153502107885,0.33405709695368141
0.1087538337089644,0.35638599822859618
0.20971787147499379,0.54429974340150811
0.34829084579424019,0.72968821311627274
0.56565784804900754,0.55248360686713149
0.71903923347715093,0.42053367941738379
0.8537275508369635,0.4232428697041975
0.9708387862593072,0.38168132092770701
1.0607222168857089,0.34052086102639462
1.1185702606929009,0.44576712050896627
1.1662954549569651,0.37391878601014389
1.2051047134755164,0.35965549523258011
1.2428832802991645,0.33958570554572842
1.2786878294836921,0.34987142279344291
1.3081873868561846,0.34981889478347838
1.3380379395084161,0.34548487585786541
1.3628723579803468,0.35385190413347822
1.3850407867942451,0.36206075281822908
1.4068368872025074,0.35111913474565581
1.4236536362785159,0.36873499469596932
1.4392847813889369,0.38390068306857678
1.4537003991868522,0.3552127913018171
1.4663785820454658,0.36354794915183247
1.4776161279387006,0.35761602567192069
1.4885604456063612,0.34280674034167369
1.4983793584000402,0.34925311447560081
1.5068989350881463,0.33643330742335448
1.5149314536492453,0.36338184692061271
1.5227260325838621,0.35721163093275488
1.5304133335131729,0.37870412835670592
1.5366937959620337,0.33963838278612862
0.19981884517323151,0.38289800813664859
0.42633505718143289,0.36586595945655992
0.55780361847120585,0.42310712889106578
0.63394187545414193,0.46288490232951168
0.72522324712984265,0.49933862402831908
0.77885317838821,0.47868066886177629
0.95700807595791804,0.7474614655730546
1.0898916118238959,0.61353024764604469
1.162162024128591,0.48309517221414933
1.2039224786502325,0.37636837676421431
1.2350557124185046,0.38381186530147932
1.2635930865192475,0.45884284682793491
1.2887063242312615,0.49056738779991682
1.3074545551690098,0.41186659438443179
1.3247356262239869,0.34863102237262622
1.3391559201141157,0.35589549576898111
1.3519303898008612,0.3708798754484029
1.3641686675649198,0.36256510400293912
1.3749703936339268,0.35978198308073972
1.385401448876288,0.34813515031291009
1.3953634454290906,0.38093679709025358
1.403883766861199,0.36614484188556817
1.4116214909960982,0.4450067134571391
1.4186590598290816,0.34758282493156217
1.4252700953140507,0.3884943386532943
1.43142193297387,0.36878338921793258
1.4372209464028609,0.37009840724148357
1.4430357738899171,0.37084085833483799
1.448805220950137,0.380352125521143
1.4537752841301239,0.36149101689240631
0.49811127096130198,0.38438477302147239
0.83278125609431886,0.38859705599742178
1.033804381969613,0.36492995133631467
1.1202677183345569,0.6431313730845849
1.2362194866092926,0.61055486739812281
1.2052890067217903,0.62849830893782022
1.2409983818732804,0.53453338666441985
1.3195511448107005,0.6183560420151909
1.354950827108377,0.53947916001796925
1.3890130255052748,0.4636985170873037
1.409272932660339,0.4470418519763793
1.4286246891905277,0.43387026324498629
1.4428846061125986,0.40915730287538438
1.4591012664032941,0.41258251317821909
1.471526411769843,0.51012216585340364
1.4907616381297428,0.36705492382015448
1.5046954720853547,0.42928590787801107
1.5194822265423358,0.58297024330393321
1.5279298331367812,0.56552403900727277
1.5402558564729221,0.41030459226535448
1.5473738248210389,0.38577150958425899
1.553029726027457,0.50366998236365035
1.5568184046238041,0.40818171444826368
1.5559066752556041,0.54785266670228816
1.5580278935168734,0.39974887718622021
1.5642372094530432,0.38448251397692318
1.5694819630661274,0.37987067460866142
1.5749256499793622,0.3877695556215337
1.5777951555629364,0.44242536896191809
1.5802997569686967,0.45138273250221461
0.13462768515162851,0.34261193174926668
0.28947838848151419,0.51723759725813689
0.44882368459770389,0.53939648178062294
0.56041452430026595,0.7166633739706233
0.68036202072703977,0.4115116382000078
0.74291297903262465,0.49897444865735208
0.80277167474867006,0.48725287954167701
0.84475124402527468,0.41876412908526878
0.87989216406024295,0.37180131403472999
0.90333199740002124,0.3669239679091385
0.92669349979963,0.47710753438736642
0.94656328051057559,0.47656195327900103
0.96671569294366377,0.48351081817558611
0.98614200411412001,0.39866170995548178
0.9995848387274876,0.39300574646992859
1.0126095392374137,0.38719690712507088
1.022955423453086,0.39620908821390882
1.0328939108969206,0.3675585121559482
1.0411757921272875,0.35409209595066538
1.0497395446836879,0.39342569036516828
1.0573000181910379,0.35048944658221393
1.0639580494010319,0.35136065930728377
1.0700554713115391,0.34471041947011433
1.0755308794022804,0.35970013137380979
1.0808663209854872,0.34459266638201558
1.0852093695763854,0.38861704148146931
1.0892236229672871,0.3707910096737802
1.0935677968395274,0.3696959811199384
1.0979842280465084,0.35888398528335552
1.1019285524077034,0.35973363611544029
0.15542366536740171,0.34911160210880532
0.30451710136748011,0.42912002438974822
0.40557705430413987,0.64921838781412589
0.4889542703641811,0.43061104719372789
0.53779224111483859,0.51376895254356447
0.56432729611862442,0.85777669082797559
0.59051691240324333,0.62028148236133029
0.61727079102588034,0.68050224700125006
0.58152987632022313,0.82068972979830279
0.55793016479077562,0.86310800552314682
0.5370958759731872,0.80152947070032643
0.54995081507238086,0.70839126019068832
0.57257060219693201,0.66831153510883956
0.63655185916201673,0.41968361222849582
0.62929207138368981,0.77795698935592095
0.64534571741808422,0.80995724315631534
0.65060968914418082,0.82734097925779715
0.6956159948441154,0.57879940935927854
0.73681103096087364,0.74041901405166699
0.77912240517261677,0.51943491713328249
0.82141851445764724,0.8225502674273405
0.84691013488969058,0.77477017359340605
0.86466177225143204,0.57731762970354095
0.87839985280278998,0.76343508276647731
0.0001,0.375
0.0001,0.50000000000000011
0.0001,0.4609375
0.0001,0.58593750000046696
0.0001,0.52343750000000011
0.0001,0.55468750000000011
0.0001,0.9296875
0.0001,0.64062500000000011
0.0011723525251871999,0.57031250000000011
2.8850098268351783,0.41561307001683051
0.073298396851529293,0.4091052299470242
0.19934503353303051,0.51043662873769113
0.3586522314819699,0.47465026914242719
0.53220941553758028,0.45067136264546298
0.70494578826026977,0.38419441974048968
0.82440747987970497,0.4345553907934232
0.90526029706405042,0.38840081591903758
0.96463414233768485,0.40685455154038341
1.0193981095436226,0.39012208026911549
1.0627192363492737,0.3961798641508591
1.0989337189526671,0.3682502882079059
0.38402667436249038,0.34240759074553351
0.60119297966928087,0.40320488231477197
0.69225117429206595,0.54808561325013261
0.77060280996229069,0.36326934668974392
0.81703526011792915,0.4842432017588193
0.87292905756235761,0.78370223996814237
0.89768069467107003,0.50704437068355002
0.91418296920919595,0.4386673555845359
0.92912139061142118,0.37127705702181041
0.95355254581598803,0.6558000801615399
0.96410148047455602,0.37632864139057332
0.97571636677170959,0.55369955053836861
0.98337494476673937,0.4851064846609533
0.98908102305139156,0.47150022804005232
0.99299262555262235,0.50838080847699008
0.99867200510376142,0.37221084490535561
1.0019601372409634,0.39002421550684091
1.0050744878552429,0.73045350045518109
1.00662954328711,0.74413406324879672
1.0084380599114522,0.71277941881140883
1.0103164828058584,0.76018334963386136
1.0128134993066067,0.7657871839069067
1.0115808174575831,0.70678020059734303
1.0130432692484947,0.57908700931561019
1.0163749546150629,0.36873696833781128
1.0252229706656866,0.64678702540478872
1.0283827485061516,0.68002184437148194
1.0312931593501431,0.72730809816850961
1.0338884360126452,0.73729515754350927
1.0355624585710406,0.47342293130592428
0.1335110939071511,0.43873393199971078
0.2897139853841606,0.39790856127261598
0.37766295579058501,0.72168389380640074
0.44159757978775099,0.72675850088934613
0.48054786827817098,0.72739999513521181
0.52043293387379863,0.69343012563069484
0.57406479482823258,0.60830502611204651
0.65804512393721026,0.37608011517571049
0.69780199715986535,0.55136967864774322
0.79275529374400477,0.64555039184149177
0.84099309641184872,0.83679997992486954
0.95612995878821605,0.77360603522880789
1.008650637627861,0.63314314476232236
1.0317458085157472,0.41846498538666471
1.0488565971870516,0.4587727860075923
0.305839505003002,0.35619834226356428
0.51130016729606331,0.48604488950975899
0.65042119352425876,0.3456068733678892
0.72926879194271654,0.40764978412008251
0.78847032544208595,0.74389649543858394
0.80140820869728779,0.77720526870635542
0.82934184907637654,0.7455508563854113
0.83847762745403942,0.74514286558833809
0.84614770459784094,0.73512133597166041
0.8621555438729136,0.61160758734131837
0.88286472962619644,0.57834838289986501
0.91682308962166403,0.39403655655761771
0.93451899567798935,0.65123629499635904
0.96359617407457876,0.65797899772753665
0.99000908768952178,0.66934883323377681
1.0029076351458437,0.4508083043821014
1.0120125279153374,0.3984686726466749
1.0152661289187987,0.63692578859321158
1.0231017092771928,0.3928144098493519
1.0261549520635551,0.65261242065072533
1.031595393961436,0.4096135495981208
1.0336953384759773,0.65462267236457905
1.0408159305360949,0.39422595379056841
1.0445406602380809,0.51217141680247169
1.0497297791778142,0.46009164426360899
1.0543029651480205,0.5318555569739245
1.0567465543827459,0.55674809191879793
1.0592857946330787,0.54055212628388505
1.0621676135342444,0.51143571877260374
1.0643826668034899,0.47042786534678471
0.0176131576110625,0.38410481027590121
0.042344998018829502,0.71484712008720608
0.11752199430645879,0.4714744969407802
0.1815187686593481,0.69086986513685167
0.19475135595145809,0.77615447996247944
0.2109914673803171,0.77208159117941499
0.2033461501165863,0.65314594314902463
0.33291533103634902,0.81186270053038345
0.4426817720146432,0.70494512734795944
0.4976452748803562,0.71665383814958361
0.55335112119178809,0.4315247200894351
0.60553721258749138,0.56040371516089382
0.63996636817684327,0.6189990098540219
0.66440089361396137,0.56583408952248226
0.68494718558082135,0.4517681586627541
0.70437881277199843,0.52840172406260766
0.71365199586296479,0.61664985437391884
0.73244879045955669,0.66085956009184799
0.74169979918170692,0.64987706447005722
0.75139707026204083,0.37811360762283441
0.76166578603402413,0.50868616824506219
0.77412223466724228,0.47491154315604689
0.78232753763414242,0.5657805126710338
0.78986865729606048,0.61763101459975778
0.79688068953794999,0.4231382928082979
0.80320696142513559,0.43966741300171219
0.80889128901798912,0.3791394054806681
0.81332624021058264,0.52358270441876242
0.81861144151416654,0.51942814011619298
0.8239054425318082,0.4238988410448859
0.22886889647152689,0.37088307257564429
0.40974431259578858,0.37492936695901552
0.4966801099810278,0.85860748094557793
0.53268409807930495,0.82832966070921632
0.54313976137180653,0.80653567616576438
0.66267367707441915,0.63107176782144048
0.7321270424918559,0.42525159500867138
0.76798070829504106,0.56733289104074269
0.80405311342861541,0.49697329286144931
0.82768437564612851,0.63682271002700186
0.84595321403411972,0.6765775685729094
0.86230920002299261,0.74951400979317517
0.87172208676563057,0.68798390257999376
0.88488609916017058,0.54958823962954306
0.89130634724546698,0.57315897011339467
0.90579362924061202,0.50941749950116599
0.9191895314361036,0.70728447407441553
0.92699274434574996,0.70908036610295999
0.93269695203899183,0.56695317548096436
0.93828748599756795,0.49570699738345952
0.94327905740322116,0.48722552147968468
0.94753875574594759,0.51358508107148271
0.95532116277925361,0.53219666808707433
0.95934286725453799,0.4273868478065348
0.96272633724281675,0.47874330230150752
0.96534064122834562,0.56840096892611691
0.96802072252304816,0.55369050343479154
0.97066023331486762,0.47331605008676159
0.97260877475131435,0.53756507755617988
0.97472628832808883,0.52310125859523038
0.52193393740569882,0.33954976158214267
0.84916053431835414,0.33751633946741111
0.94939986651915298,0.74387665030667505
1.0565150637488341,0.53516975766745523
1.0830288710554044,0.69326588614150653
1.135127355420293,0.54205060784881431
1.1916849078884519,0.45707262742234528
1.2345534768444868,0.38210640377420851
1.2733078414712011,0.41231912064331178
1.3024941074048637,0.35035107212156369
1.3244700877213744,0.35580975286324712
1.3468976274486466,0.3860287448434821
1.3683990552816945,0.34672268975135467
1.3824814507517544,0.3513479531329437
1.3927597425443561,0.38911993893384639
1.4031307528989254,0.3694322307632365
1.4119632205389769,0.36799055971578848
1.4220212006586823,0.52567425318664429
1.428998715419517,0.5646740857927901
1.4338783702276814,0.6123489032054682
1.4384015558899781,0.48394979205945682
1.4422576481660907,0.52071608111151446
1.4460605238485529,0.42526354089504748
1.4509722304108816,0.45528578425816518
1.4542582162805551,0.39291618238581028
1.457380561962855,0.35187822949868591
1.4606536047668519,0.3667040531144608
1.4637244097911959,0.35731620503546307
1.4666718846115263,0.36343421536028769
1.4692502419964732,0.36786038865949439
0.62635168817501974,0.3395124276842641
1.2432479599903372,0.3656424504285436
1.6448546811848963,0.36969198118684921
2.0781097648833411,0.38022183972478041
2.4153852114242422,0.38882372047203911
2.6604133003197434,0.3956011318970889
2.8501339412305238,0.38536376545420009
2.9976607056204219,0.37807255377382359
3.1137738804276944,0.35545420344594841
3.2050514277440287,0.35607967170923921
3.285238852236172,0.34796844924392961
3.3566134042612705,0.37651363243234898
3.4201011266126029,0.35758143808673559
3.4733854260630208,0.35292387205147602
3.5189499140903351,0.3536745741265222
3.5604687313326298,0.35655873589815618
3.5982366017136198,0.34697914862866758
3.6338774120524682,0.34530279088272581
3.6647505693018401,0.34807589878504852
3.6954381502782594,0.337428971245257
3.722663572112312,0.35957875146848323
3.7478125948138992,0.34298078633266299
3.7715613090504982,0.35117976349453961
3.793407042303663,0.33574407387798239
3.8121874062718208,0.34406662806916938
3.8307752855178232,0.349040661599826
3.8471831573647135,0.36041693725424417
3.8617827178882953,0.34046926917770148
3.8764028484141528,0.34463072230694441
3.8900719028695692,0.34656128400296882
0.40170385464243341,0.37764551134767688
0.65457639794156286,0.7135720935178651
0.7876123221362562,0.77178051138472359
0.87565642328376536,0.65771515939425118
1.0857520507238163,0.42916626069534591
1.2204115084075018,0.43097822332084601
1.3259938025373772,0.42796299644383151
1.4062543515995576,0.4443723606496322
1.4968961017469122,0.4131209056488428
1.5740642126267901,0.34367366454436771
1.6441127797601058,0.36525629153074241
1.7285858965030911,0.39068190345570297
1.7720737967043705,0.35678549557774009
1.8080313828888168,0.36439777502422999
1.8335678141753515,0.37754428636466469
1.8551765486666207,0.3849679995170231
1.8744345682824159,0.37195673751531089
1.8965466683312768,0.36697298791641197
1.913666477687455,0.34783493032033741
1.9296042424641051,0.37291742840699138
1.9435217839557035,0.3751059995583616
1.9589829721654373,0.37022459541725827
1.9745723442570784,0.3750360312268522
1.9863671060381347,0.35116864562063782
1.9973618516269125,0.38388011593211041
2.0059470459515452,0.34164712668328617
2.0136478250843908,0.37182066704451427
2.0208692366316838,0.35135644317516351
2.0271644733858118,0.37550368375841792
2.0338326869095877,0.36156643525405358
0.29160447532691391,0.35322066975281091
0.51719138650909036,0.44847006820795138
0.69453190799532649,0.57209785237644128
0.81418646738782696,0.56297774386010335
0.96023296754221721,0.47453575284509142
1.0716778085398715,0.45939285866690288
1.168653159271869,0.42301177243165478
1.233413224861919,0.40483822650875301
1.2815093494433678,0.39212692502531832
1.3196181031707646,0.3653927731201187
1.3513529278132921,0.38013230152890082
1.3779747236627986,0.33479879777227461
1.4012940654219874,0.3561079479463376
1.4215121582786143,0.35009986164667128
1.4380171991758774,0.34988472020180478
1.4518886023736428,0.3549208542503936
1.4626462388910313,0.3543056735868173
1.4729538539435869,0.3718798826075308
1.4847003730911124,0.39228245389253091
1.4976793681294698,0.42124501475410109
1.5082926847460962,0.36999298456117041
1.5171064409105222,0.34138833332811469
1.5259380800974638,0.36782194754656239
1.5335816049751676,0.35491011498231229
1.5398357989555489,0.38657040268793968
1.5468849386300221,0.35759291345046501
1.5530818218697116,0.35772503351878898
1.5592237150538548,0.36420963844170118
1.5651465764637988,0.36987722918595739
1.5703170112721658,0.35852495472036727
0.017631443142666299,0.38334956112776808
0.0437763002284213,0.37272708271310601
0.14944885766677479,0.49521116095146378
0.2115384225886586,0.3497765134895075
0.3258666599370269,0.55591768381441065
0.39684333812954953,0.54209375389712056
0.4387771456935563,0.55757512110949459
0.50441887259237439,0.56134223830675922
0.55304032495565303,0.45527632768556592
0.58550616509075715,0.4736915445573886
0.60621468573983717,0.53008928926393362
0.6241770676395707,0.48472619338757861
0.64875682635116727,0.54046393106286017
0.66646296120306658,0.4712517723910441
0.67371948551694572,0.51464009926491538
0.7031263460922732,0.62281179227586259
0.72744607961927588,0.49993271201170841
0.75244706079629231,0.61342571037682891
0.77063592163244132,0.39679091938081651
0.78721233063507701,0.46711316265681158
0.79949435839657634,0.4379565909457519
0.81615020543909278,0.43043417142767038
0.25988665251786758,0.37294174084322351
0.4690986280174011,0.38673913989252517
0.61687209530884013,0.4761734233665838
0.71817466492605253,0.39446915798450671
0.80738773029331878,0.79053777646720214
0.84601466703540718,0.73234595440374617
0.90839737180551838,0.47995684037554071
0.94248245474903958,0.53858614841870645
0.96976212482446056,0.4521482036879278
0.98994302136924317,0.59234207855037335
1.0021545821146629,0.64313474741644172
1.014465296963563,0.62778377212061176
1.0277558533189968,0.4538602831719466
1.0412168829369659,0.38979925854141512
1.053963819319619,0.3794938425110394
1.0640019694374281,0.41768233823031031
1.0754032241034135,0.38018594243656978
1.085681702898299,0.35170336552185433
1.0935383866239869,0.41416510009664981
1.1004783560411369,0.43601825055093252
1.1074241268815097,0.42545528401091831
1.1127307718996111,0.42266477586775553
1.1198631112778239,0.43165059100836262
0.29884813863952991,0.3738781491289041
0.46272484103637901,0.4491794258192891
0.59109300148561861,0.40920559509682791
0.6790484793610575,0.45658243096688611
0.74571325385210685,0.52244639100242274
0.79875668424309887,0.41691565836077998
0.83040218664497001,0.37557878522540289
0.8542344121641019,0.39534054845777528
0.87271404822282383,0.39494357837979599
0.88857934015134399,0.49588219146137552
0.9008159670960646,0.38728622639432908
0.90841630235405857,0.4798261587583238
0.91482411044012202,0.45482730796718551
0.91952904775174515,0.47735806967449901
0.92951313657406098,0.4975056118950405
0.9372071863625,0.52747663875674933
0.94342978798866539,0.494092093455333
0.94806175537664195,0.37266402375633462
0.95256906459255597,0.47672817134970541
0.95707426539228124,0.50057477635401204
0.96065219089390841,0.42636215608453421
0.963863863908066,0.43614037636007591
0.96674926710901099,0.39296846143335301
0.96953705706429916,0.3879436090399167
0.97202720785127639,0.3471717915238634
0.97429936558764718,0.43215968316012998
0.976350394561184,0.36766923464462209
0.1553780189417607,0.3667710636505207
0.28403502015887888,0.63550015868714438
0.40153411158669022,0.69437666409438148
0.46954055744992501,0.72069298287632133
0.51382664955049484,0.65345138012271842
0.57491889825460807,0.57287675312516095
0.65565456664813393,0.4606131806274954
0.73914067967615793,0.55845112647767647
0.79334819349689933,0.37788247724999691
0.84063810845375941,0.66604898998951845
0.86158377430408772,0.50372031314987775
0.87825721407268431,0.37452669775485758
0.89060325061308299,0.65694301928625842
0.90211182073464602,0.4852630295086342
0.91545332305637683,0.6958127626495435
0.92911160896676159,0.71218931159384757
0.940093359385753,0.65075242091372176
0.94768956408542904,0.57378728255162825
0.95377257871082999,0.5632905598790463
0.95896458101221416,0.63382232075465517
0.96410489557512558,0.51825232281135958
0.96886650886839565,0.52535574304550903
0.97287908488090302,0.50081641609170724
0.97884269311261085,0.40127132347659511
0.98463683399742075,0.41751687312685881
0.99014861044120805,0.38626421688435691
0.99523868493991918,0.39447255075786941
0.99859368652038205,0.37044408977867871
1.001978423053248,0.38555974369539731
1.0048840158318302,0.4439473196285379
0.16934918534479021,0.34671294851046158
0.36425214157014518,0.5735118230421371
0.44455437344784721,0.87145462392562378
0.53653679006654087,0.86779873081788139
0.6423581551550015,0.72813435693373352
0.73717798807875723,0.64282399793513278
0.65388802478669106,0.83464845888633932
0.78408381676224814,0.42558367175620682
0.84865670269771598,0.54331557580506551
0.91422950315271756,0.57730812348980909
0.98641665918263377,0.54707561342132083
1.0293083695292062,0.56608773525331646
1.0667343523775199,0.55171655203059999
1.1093277483342137,0.52128610084126614
1.1467192903650458,0.46642985742244369
1.2322500287611895,0.52115311193856795
1.2801004568910823,0.39472016491154832
1.31311440194427,0.40078400607902548
1.3276324417354195,0.50175568406840854
1.3527709369907384,0.42357052023174879
1.3736255333932883,0.38469952689152181
0.00087267695259389999,0.3593749999949078
0.0038097096942991001,0.43718346384066897
0.047574023578448997,0.57352591925935414
0.088136902684773893,0.5212123512044754
0.1036466008244243,0.46435491487570918
0.16217797800799291,0.56474696197843799
0.20030766360828031,0.57173873875944636
0.24012779228978301,0.55546582275991352
0.3349697167737109,0.8364872065447152
0.3942602831594913,0.72600596534651107
0.45645013429242159,0.5139104090440475
0.4900687732407632,0.54244519135324443
0.51596097755303072,0.48423535549881569
0.53986793853454385,0.40259705800516749
0.56092198516198799,0.55392433297203525
0.58115829946295672,0.48136742196050558
0.59393249201718645,0.46553124591755701
0.60858967410815046,0.36445915295850528
0.63059540740357767,0.46415119870115218
0.64900515232829992,0.54835084986513083
0.66268003144114007,0.48525696931433682
0.6737746703552987,0.46090987368385478
0.68643964547900205,0.5025919715283752
0.69801134631366357,0.52499692536479892
0.70989542753410273,0.5307564086162887
0.54559973016458374,0.33663298242820139
0.89128587952571658,0.45418449042902959
1.0947987812223894,0.37417820535779528
1.2106496363736223,0.33981405842913248
1.287843763476384,0.40150081101711382
1.3512760141130218,0.36429283414137831
1.3957899082984035,0.37404454701532092
1.4268531119359271,0.3497646381772973
1.4509798174322524,0.36119213935840627
1.4700848442224492,0.46810920589556898
1.4892149540421291,0.38964360010982041
1.5059526282227726,0.437538255488572
1.5197842392180689,0.41624535043451671
1.5306084652091163,0.4267455064704555
1.5397102672740837,0.4004195261935829
1.5475709467986729,0.40004645708854231
1.5542027192743659,0.37337761313454182
1.5615807095238667,0.48010391735593683
1.5670822542173903,0.42370885477029652
1.5721241538284505,0.36797074296242138
1.5766056908462998,0.39916718196743262
1.5807808290586778,0.40493947019002768
1.5846238919830635,0.42179314607141177
1.588539813691862,0.41875265060681549
1.5919228369887688,0.405895579997893
1.5950873268152528,0.39111378334756791
1.5978807868353873,0.44625042374495533
1.6003646959220406,0.50634209085391935
1.6030717499751008,0.40398577389162121
1.605475321166939,0.39624396558332647
0.0001,0.390625
0.0001,0.74218750000000011
0.0001,0.70312500000000011
0.0024040869090761001,0.78295770057257297
0.0111515385803278,0.4437687601859881
0.0347315196182428,0.80017702907593113
0.0685582858184101,0.79001996748104053
0.096477101489476205,0.72062440503889436
0.13270084902656201,0.7167966171880481
0.15406959278287491,0.76932223107601505
0.1670985933580611,0.75977292442122091
0.19823909810646731,0.81820921378379297
0.22951187026149991,0.80136295761087173
0.26444536974632371,0.69617457893299051
0.29098993376469179,0.64393352273277604
0.30857914107786572,0.76374115560605937
0.31916309285849181,0.75771158094442981
0.3547274055361373,0.8204644329624543
0.39120061394330058,0.76173140269199346
0.42432873117612441,0.77747385109072409
0.45253449427221681,0.71623440225976065
0.47380433325262172,0.60557616967307892
0.4965781274840666,0.59388690494561536
0.513908299773571,0.73411680691513581
0.52918927412623928,0.6852775914372794
0.54303115554635328,0.64421850329833497
0.55438428324727229,0.62124325918994161
0.56746848750319301,0.58542945947733249
0.57638970283936808,0.55989278302591983
0.58692156311702692,0.58444037349822486
0.010576663435685901,0.3723076404592196
0.053646749475552299,0.35884952686690258
0.1354919500847033,0.61826662549398925
0.20699556121809159,0.54789706678434247
0.26597396654802258,0.59023947332123361
0.34639752843307992,0.57814464344910843
0.4048239580381981,0.57837423492673457
0.43317870822952659,0.59898017857218444
0.45161234226291003,0.50137186752128937
0.4900344722142449,0.65498817013221244
0.53594985273281437,0.57635568234166001
0.58514063988980369,0.72308897339326339
0.62730704340237908,0.60755144042270492
0.64709521218030441,0.4615115721366792
0.66027780193415953,0.46469138203230009
0.66987152375815251,0.54988478847152356
0.67776220357985251,0.5307465230588857
0.68461577009555707,0.54023409763598451
0.70009981467593652,0.39753992911609809
0.028953258457061301,0.3534629019956404
0.064138459712046694,0.42353569467250712
0.16788907152771099,0.64646433112261359
0.31043969671366911,0.48688161467963431
0.42564258071111211,0.39962170423886689
0.4925619459651529,0.56674871820488126
0.5247499790196084,0.67122963528947777
0.55569800406386061,0.63311374329938708
0.5727603429784901,0.65260646794869503
0.62270038157159446,0.54392849043742064
0.66629361309291046,0.4823834972382558
0.69517284196629547,0.4873998427136213
0.72130553425596122,0.4734313428949542
0.74911774750761317,0.55126995259465428
0.77035920312215955,0.49269484707673178
0.78793593255843797,0.40089940924433531
0.80271416958135811,0.40567600727400271
0.81625008222198669,0.3996109975184336
0.82801640342832394,0.37310607749074221
0.83872542092144586,0.38350646799259319
0.84897141406594634,0.39333673112895351
0.85820841854694674,0.40969327503570918
0.86663960617101055,0.37540445949189211
0.8748968874406019,0.38671791726967147
0.88205738731882721,0.35830672393981061
0.88926390495105179,0.39751603147411602
0.89633846663238914,0.37319133611254618
0.90193128090372476,0.34142148081830032
0.90752203838530043,0.39610861207361509
0.91272273120311243,0.36654714391247312
0.1206192177619978,0.39321732053098513
0.24294664235234861,0.56184856882762702
0.34208751540586319,0.63290413668816203
0.47226986705363572,0.6293666975168366
0.5654824694517655,0.55919385933721955
0.61694025604658664,0.61546256816502598
0.6441234371036082,0.6394925630790812
0.68459657423321829,0.73543902628772473
0.72930739977121328,0.41877386351351747
0.75310126072906391,0.39542991777257208
0.7752708646821117,0.47575326979646659
0.79459659963822249,0.38089232806118178
0.80699251895083157,0.40518899240913481
0.81815223915264468,0.37627925197046291
0.82952650913862758,0.38992128708815488
0.83876078842194524,0.39353481388674849
0.84676214045746945,0.40547428377560701
0.85252021067126738,0.42503771104812837
0.85887668307996068,0.42615692203719979
0.8644115130219745,0.39835261031234948
0.87164055322187872,0.51659426817539922
0.87803933518450816,0.46975053410076201
0.88504994292684902,0.4087454050874561
0.88979660337004596,0.39067196494065087
0.89371337242778293,0.39491015729233531
0.0860958088540624,0.35144480094355801
0.16183061633335549,0.4975076966566998
0.29382798028414608,0.56513431899141275
0.38015767115645438,0.47219361735449128
0.42253922575309322,0.48423606385367518
0.4562564060326017,0.47678460433122888
0.6533014938704691,0.86726822264837611
0.76639717580551747,0.79905880064599577
0.86750886485000656,0.51838386130881009
0.91681404835107039,0.41034036099331211
0.94917822469772362,0.38611450152662252
0.97388021129357083,0.3450356031609294
0.99436536221013616,0.42717543219252019
1.0116041481115223,0.35841303315472273
1.0280298638649574,0.35530096082679308
1.0427160909786235,0.4088215853394413
1.0551859287554952,0.37627599900349179
1.0662584032405662,0.34850904614473899
1.0770229779638305,0.34267607708096393
1.0861140182527478,0.41750703469449979
1.0970220387704579,0.4042787015581043
1.1066534030179596,0.52094461041013607
1.1149163055120992,0.4636058703683183
1.1228638326750475,0.358149040364246
1.1308805042284875,0.4097962389566619
1.137385371814764,0.36601534518755668
1.1444983396075656,0.36153127352827807
1.1507746819817115,0.34471361471740442
1.1564747556494166,0.3840898737465932
1.1616617835315686,0.46477722475404598
0.0040541738384756998,0.3669714793700955
0.013301745575274001,0.36582043561676131
0.062346668740113201,0.63773755515416852
0.10882404148177161,0.65697160345764316
0.2281017921477381,0.74789819724119944
0.29764225633313562,0.48567243745192229
0.3689895465432021,0.59763483633416381
0.44348742172614758,0.61784742035805407
0.49096904064127062,0.50660141338902009
0.53838741502477294,0.45233073537525842
0.57300224240829634,0.47412011090412109
0.60514327318105132,0.4313803413461692
0.63536810522138976,0.44610434875829441
0.66120256140350031,0.4533684365566048
0.68227244181085123,0.45759120435524681
0.70082216217829241,0.38821111542170927
0.72055748009096421,0.40875419421132991
0.74219539208497998,0.36027507909128859
0.7573355202680413,0.3559202319378974
0.7710882281647875,0.37391797545158778
0.7835016620250056,0.35727201431061001
0.79695025829827504,0.46997905057606471
0.80731253989021534,0.34723515149239959
0.81842801043975799,0.35102576259515678
0.83024137059354008,0.38001158149307301
0.83987052608934476,0.37021864334931109
0.8493650138921347,0.37436386476607142
0.85961415112336659,0.3605780429585061
0.86757158260155021,0.34244643957138599
0.87512320315174108,0.35706623970294399
0.6731177962429129,0.33612134648588909
1.165209441061964,0.38945370477115598
1.4611014858452098,0.36555674604649691
1.6428368627319121,0.35143967156979838
1.7715961518789978,0.47584535289887869
1.8584121581857709,0.45881544313836042
1.9203274717043524,0.37604803640334128
1.9756388426325435,0.34139457279889551
2.0205423936542841,0.34937423279354252
2.0547815902447266,0.34081849520072288
2.0809124607949805,0.36614339612757751
2.1062212422164102,0.35794113810922068
2.127408037015007,0.35766375614037538
2.1453396673912204,0.37353167265114973
2.162040389363352,0.35385512429712662
2.175910131513787,0.3508436239912418
2.1889001420362728,0.35376410867118291
2.2004016265084885,0.34373535431374169
2.210006016068049,0.35622304960616841
2.2194570138004228,0.35509248452891701
2.2277707004985863,0.344612741640627
2.236876586031332,0.46483978306127999
2.2433027738589999,0.47296032691669238
2.2496718788525767,0.40634802281299542
2.2556775497534143,0.37583742386630359
2.2615006664133279,0.36056859637396221
2.26677774261882,0.3848981795521324
2.2717176974707867,0.36180990282145797
2.276115775377221,0.36934331082425259
2.2798873185285502,0.38664094754815048
0.43721416337900032,0.37372050253633271
0.69351005670840082,0.391946451023925
0.84239222747612619,0.36851349197125882
0.93085136348926523,0.37991857039528731
0.99186761852881922,0.43239721181712942
1.0283440098779142,0.39713537668612781
1.0506278127624653,0.36183514434462749
1.0733906720260735,0.44735075926922491
1.0934302223314969,0.44896146238051621
1.1050786053681438,0.40290017602896971
1.1164227145914714,0.38684728632500398
1.1273558505394865,0.44258843018648891
1.1384467119068256,0.36149379609741611
1.1473956715361524,0.45531703256387701
1.1531758525208089,0.41545834885592658
1.1584761649925284,0.35527334956424711
1.1631243342363329,0.36535037955474381
1.1680640993690199,0.36834682172914368
1.1720685611781776,0.38886227772850551
1.1756430502547792,0.34407837412432729
1.1788664220025469,0.35558738197911888
1.1825628700866213,0.41573383116859641
1.1855101205775256,0.41553023996405147
1.1873057310840107,0.34924857072910398
1.1896758261290612,0.38559214402513903
1.1919858925167377,0.38209583840400357
1.1941588406051604,0.38078606732467563
1.1962744469596638,0.40760251114063301
1.1981496076929996,0.38623501447912728
1.2000339969568574,0.3661392501498365
0.031538545426068702,0.35576635639330711
0.10281658898306729,0.37615594811054132
0.1873290652423297,0.38727961850885739
0.30466478981952583,0.45718016166770897
0.3150870919878635,0.71917490461441724
0.33486728926777048,0.67988142214361502
0.3331993424454876,0.66523461468776612
0.52817340821929681,0.88219123486322859
0.68185232939500684,0.76103884581105063
0.76644956177032997,0.60337878881295237
0.81900255056624105,0.53192883667063706
0.86277221611822319,0.5014131599403836
0.8969147873867287,0.48493301369014719
0.93029360945710837,0.43433193890806882
0.96144735062718301,0.69727228313644585
0.99656859401401698,0.59689826783316813
1.0206375578197275,0.62594021677492362
1.038962413718775,0.41631936001367498
1.0551248918159346,0.40045987926244669
1.0687545102663782,0.3703343213751083
1.0809163050852282,0.42711872119347088
1.0932103709490382,0.4616088073079887
1.1020012833920505,0.54382923998544008
1.1123272931250554,0.46408253546178557
1.1222098873101931,0.50864547002267835
1.1323304169912942,0.38024256976639242
1.1398765891149083,0.41553427705202378
1.1489871304400401,0.39027919256000071
1.1585164789310076,0.3546008139086162
1.1668504193435161,0.4460947836571264
0.92713433330222506,0.3550642048042148
1.8659887823205901,0.3512167041901012
2.497166099148727,0.38111455758301849
2.9832335785312538,0.35887032729842011
3.3709675524712521,0.36115551245164618
3.667591066622371,0.34706373833140669
3.8962449601780009,0.34553306008587209
4.0575597989682644,0.33912619467755523
4.2025494724263037,0.34837314690505461
4.3141011265631324,0.33598793636347341
4.4035174230645584,0.33816506908765631
4.487867965801617,0.35064520613346561
4.5575493582183224,0.33864037798982022
4.6222558153152757,0.33820175461271351
4.6788754739013632,0.33594372195052857
4.7274937171201996,0.33905181116109789
4.769475608387781,0.33792693676423058
4.8075798731632782,0.34513178931905852
4.8423876669746857,0.3491925396044615
4.8746755461833615,0.34493092725668451
4.9031678900630142,0.33825174262675511
4.9300461653373961,0.33736189155725171
4.9540945067794508,0.34117396053725552
4.9765191300298337,0.337796591890972
4.9971025482192353,0.34025006210616232
5.0158586286782345,0.34258919573819441
5.0340349154742547,0.33797217289887321
5.0517983583636443,0.3470713102146159
5.0677026351326671,0.33701193813203451
5.0830603165853514,0.3450032437422445
0.1313248685908599,0.35982168481538468
0.39519619966393787,0.34897518724576282
0.53500183011272762,0.69872793964721891
0.73141666904512181,0.63877690122118225
1.0304907260991041,0.53863429123092943
1.3320864353330908,0.43488940428370237
1.5987722709036003,0.41283788499711599
1.80709664207701,0.38210649303477939
1.9349591706076383,0.36451445113870901
2.0219759340892409,0.38227317937575639
2.120794311306716,0.3530287618747342
2.2021489839393924,0.37651321304478641
2.2765048405950088,0.3579802767191938
0.0001,0.390625
0.0001,0.51562500000000011
0.0001,0.52343750000000011
0.0001,0.50000000000000011
0.00052434605112189998,0.50779968373964746
0.0015537468584799,0.53125000005671486
0.0022830875499464998,0.56334150194651644
0.046524784593737101,0.93909775161462561
0.097383141893337799,0.91663647387974845
0.1252567331235202,0.54971580173256185
0.1427720329908784,0.50012365611482723
0.15829564469607499,0.49077159626738331
0.17053963041714709,0.49571189093736823
0.24733161123462141,0.6279460709259953
0.34425905771792509,0.67602727777749261
0.3911500052599961,0.60444389428220779
0.42926435395059093,0.62912004494594287
0.45727774970291257,0.57717158885985109
0.48250253800883741,0.71109589556664621
0.52968515603516875,0.63336921143638403
0.55856537368345882,0.58436033290693268
0.57561901427868123,0.56437858878678104
0.59198165737191855,0.60845748450370529
0.60894355276228485,0.45179129480416658
0.6255808719673126,0.38969115137046789
0.64253284571297409,0.34599415896279168
0.66205896569608957,0.50612852965794586
0.67850211610980038,0.4048423129605348
0.69372946462502916,0.3404028978748323
0.71204454746642698,0.48260476049006962
0.0082591702115762996,0.36848840556270868
0.048588241212910402,0.58745657812348906
0.13968651707712151,0.61523386400268254
0.23974920470313649,0.41281580313028687
0.3286854123763493,0.47445696927646241
0.38790713800654841,0.5320206858338441
0.41860330200405521,0.5291177568061366
0.50409201009600935,0.47325140974682539
0.58626029815707137,0.54184489632889343
0.62191867765287845,0.52327310742114719
0.68885563928810956,0.59299371315119531
0.71900192167300214,0.50406016754962557
0.75888346489987901,0.57740405578265375
0.80304396346703821,0.55714504851025659
0.83681853980679077,0.48572179309274649
0.86757901948076077,0.41645254435250528
0.90613855779906638,0.49032912854328931
0.93916066624596195,0.45669103696525398
0.96309970071733897,0.38238369300831032
0.98175930535665579,0.39895247847643311
0.99702844955311876,0.35330216860830138
1.0117140349286746,0.36241408993233942
1.0280995313699637,0.3714059294477689
1.0429907683425883,0.41921032684302689
1.0574305102832362,0.37816581875652677
1.0700550076029305,0.42316245951932852
1.0810062627939514,0.387135603300853
1.0935465639034616,0.4158845982621166
1.1052513606130043,0.34177685450551792
1.115417678502133,0.3601420375216513
0.070673018865019394,0.38689025876953032
0.1520527144274893,0.47329551002209908
0.46815938363752091,0.67148067802416422
0.66915475393560431,0.57752196063344541
0.85912823435545183,0.48114854840055621
0.96371973672384659,0.45745577568578799
1.0766455145077076,0.48840602390046139
1.1776142948000825,0.40863249341499258
1.2537443928240024,0.4688385230359215
1.3253268051922391,0.46259833254429877
1.3956334097498928,0.4003515745297036
1.4504557523552233,0.3961350188173941
1.4961478678663516,0.377442307585591
1.5344443958626846,0.36771681837393938
1.5686440976474709,0.37874031959803572
1.5989729288018404,0.34434459505810949
1.626875361549355,0.34688340113517691
1.6517930014536444,0.3682805060169192
1.6738314813909372,0.34179416390530609
1.6940018962529777,0.35181090379404301
1.7129615029062903,0.34772710211571328
1.7296935284737591,0.36425809786207219
1.7454581277607371,0.35209125825573961
1.7615874825031721,0.35200932684525571
1.7721810564401634,0.36300061179828758
1.7861756746598989,0.35102652584073429
1.7993392144646734,0.34908786698598782
1.8117860062562292,0.35868898454037917
1.8235675607971888,0.36335752268368859
1.8362314493145733,0.33647837378063472
0.31474695532861358,0.35763843550615221
0.51084909795777,0.39845881486570039
0.62382500483646453,0.40582209216893828
0.7388785178012407,0.53135747922384913
0.79134729430754913,0.50588364276323772
0.82479695703531164,0.43412130802313459
0.84908644917954157,0.37339182841170881
0.86808073919627526,0.40460587149533378
0.88684168786189121,0.50280456474040847
0.90087829355922844,0.43115773610445179
0.91247255885782563,0.42056969371085678
0.92232288665682904,0.38816543448465129
0.93009846592755996,0.46381189635016229
0.93652814546273599,0.41152390790163079
0.9423876161399406,0.39974240244701659
0.94745914030845801,0.384266301391542
0.95212530734569056,0.33937866417192131
0.95651764103261239,0.41843140496995579
0.96039374202765737,0.39324863524625792
0.96383352343187279,0.37285636242836251
0.96697087406385562,0.345086464721366
0.9721396497990904,0.52121404071797095
0.97504240146880516,0.55533508969332357
0.97753785621014122,0.3547893889804109
0.97988680841275677,0.42231771728463718
0.9820574830589196,0.40835710508932249
0.98416053192505204,0.39488071761794807
0.98631092673880016,0.4322298836091284
0.98814992681070402,0.38650812051452138
0.98988891034392856,0.4171114048788076
0.26166940993175858,0.34368841300020497
0.44021693707200482,0.39943934677523713
0.5942266140848953,0.43174161704629688
0.70100791310659183,0.45701922373182818
0.76580955992993927,0.39106127721983919
0.80901069196953435,0.40875375450042989
0.84287894988013579,0.36407223294673668
0.869621868927132,0.36901863997071049
0.88995038353069211,0.40878473055391529
0.90901688780597323,0.36256303778967403
0.91969132534254039,0.4427373786786607
0.93259903210475359,0.52906374467724193
0.94380408613381561,0.50112180272131301
0.95412343897259722,0.35759913377701158
0.96283868694976604,0.42906895140163231
0.97034012674035719,0.3796503881243285
0.97689534658340782,0.40180281986775113
0.98204882683799721,0.46133734488360462
0.98594247817412239,0.43838221330016047
0.990658529723218,0.47064419885578501
0.99502486667714996,0.4514951667549994
0.99851731319467718,0.44883040143590802
1.0015051493831593,0.38709845789419078
1.0060190764556671,0.39949390548335989
1.0094557940653199,0.38581498463324521
1.0123512101988892,0.35762706776971498
1.0146721081880814,0.4368424450141547
1.018550371987645,0.42428657292310917
1.0210346817547091,0.51977255436067771
1.0231266871825435,0.39248091890802722
0.22864249266464001,0.4403174196516873
0.44625385752169811,0.49385234750767543
0.73832367603593552,0.50696905184542673
0.9362069790539268,0.48497697528020539
1.1123120161264626,0.4918179023337737
1.247850114934137,0.50270545621243667
1.3444212080560114,0.48064658758991807
1.4124021432974043,0.36142606937870919
1.459750697326109,0.45180479469025342
1.4883175320261168,0.43530872144649818
1.5187178320032215,0.41505888383891792
1.551444118887948,0.36121258528549133
1.5918613112269733,0.44819354289213548
1.6250286001554988,0.40417839172687697
1.6524610313080546,0.36644490811131308
1.6763916849938554,0.40663415477623349
1.6983890809046549,0.4085575195304289
1.7167752087710122,0.372656186032364
1.7339852138530862,0.39413446045492018
1.7482863410755565,0.38574896724214769
1.7612563579329668,0.38319166315720199
1.7738000051539715,0.36608293077396192
1.7852224939085006,0.35103978248122719
1.7959170077865014,0.35666001405039238
1.8059460430336669,0.37338721037199479
1.8145909586857087,0.37044455028120588
1.8232421510194721,0.34418554533660412
1.8313293071379309,0.3574141995071024
1.8381870770593791,0.3483347588795252
1.8454241429862663,0.3562021423022263
0.024482703609053,0.39598494795769912
0.082382198365426595,0.51721231858021077
0.17431305239503561,0.52958851708797328
0.28446919955154171,0.58647629873854579
0.33357138347893128,0.51043991848873571
0.41986964910920271,0.59073537620729077
0.48794286533643472,0.4848315438384444
0.54977320870845525,0.50526343400220708
0.64751225392401524,0.63291064682763765
0.70391205474828944,0.56874373265027045
0.73341338507597853,0.5265325822895579
0.76001106604599045,0.3932876672282859
0.78500534649690257,0.4144560421628159
0.80666119610132958,0.3929509965662229
0.82650348881318658,0.3826208683742599
0.84235984930287366,0.36760682334027889
0.86084804703061113,0.38189139919408499
0.87634027384425472,0.34892849442444318
0.88093447028805438,0.37858652249927649
0.90051995702396637,0.3776163252154256
0.91548942494112562,0.37206906414227692
0.92785553738792603,0.36927911620805598
0.94449509781441499,0.39838012199813599
0.95667866353268705,0.35999659956997948
0.96540610506741842,0.38231107241507911
0.97365259701609241,0.36613504549831249
0.9812158153709144,0.36074527305665
0.99043576103965958,0.41547479100030787
0.9987541491179982,0.3993314262387242
1.0063740618316259,0.39944558919950918
0.1187988428170219,0.38466575426937399
0.24637429918325079,0.54362690135321656
0.46894916321837432,0.86922645726745884
0.80981741392288809,0.41608777680004388
1.1047791592592038,0.40631408764983001
1.356530094046638,0.42347949790447043
1.5558901463592161,0.34804139796692041
1.7125080983173957,0.35336948153517472
1.8402483522345321,0.35972098416805121
1.9386041427473391,0.37950779671407958
2.02675843118225,0.3454542478695512
2.104759585386009,0.37651269303126939
2.1677734527629067,0.36619179778609717
2.2257620044884119,0.35796862835985271
2.2791664148469351,0.3468642306200892
2.3234318122822848,0.35964228109337693
2.3638549653518068,0.35434363346058217
2.4017703944610025,0.34425421169723441
2.4351606472447909,0.3386187937371698
2.465206562027042,0.35881974634325992
2.4971775511930083,0.34562708022029398
2.5245742344229329,0.34308285336486871
2.5496711394268639,0.34609617307738377
2.5731121195442119,0.34678531423620451
2.5947814939830707,0.33588078333866439
2.6149375608369523,0.34595507707131751
0.15684324772219929,0.37365963949152631
0.30803663678531212,0.36778695681730678
0.39987301043808893,0.66571685655804558
0.442899533962334,0.65543621965137955
0.575870174902128,0.4007306745207016
0.71478258176178655,0.74819182425641406
0.71870161767200691,0.60380586534216796
0.74311139675447424,0.56162505439061672
0.75433609661073941,0.64985755913057719
0.78762507139672899,0.44071361361201788
0.799791510584688,0.61098352605670292
0.80977173094628663,0.61831402809604386
0.82819933933532131,0.55376096919030249
0.86931631241058416,0.40011633410903669
0.89259436927457214,0.59318473969372487
0.92498726460014136,0.55579789448973049
0.95607619989004178,0.72958698188538018
0.97403647475532684,0.48159619781211888
0.98886345174575763,0.36568874471596913
1.0004801059280568,0.3728203930616979
1.0114412142775575,0.36712589523670719
1.019726963316165,0.33830104781238501
1.0287412423757123,0.50963860564814234
1.0323401412290067,0.4143747333052345
1.0388620309166612,0.48111053490141042
1.0456933861033944,0.38573408524346059
1.0512880047402089,0.35432530192028039
1.0566805479040826,0.43891769385416518
1.0612616262659895,0.35497435011464129
1.0656906192775562,0.37538262012979029
0.1374139917508507,0.3683757780125631
0.28620093819995718,0.40723185254580618
0.31408057633618741,0.72295530240370998
0.32718196222339668,0.76543533665608365
0.334251492186243,0.76143473975974918
0.34110023495770753,0.78524224195546943
0.36324705289121739,0.62724371799928569
0.46731428380050499,0.39153851874223872
0.58050929235115456,0.43198486963955102
0.52523505330370734,0.66368559569578056
0.58070509300401274,0.53339594360038622
0.64861275891116832,0.86557629340801268
0.75690566641656654,0.74847281476133498
0.80421983879542636,0.6983168469575155
0.82336635274417524,0.62481077421513909
0.85746453317484006,0.75262448870242526
0.88121184329225732,0.69409929139172322
0.89418987171876663,0.71721661534381476
0.90685740868785336,0.52645179706781375
0.91384733622320324,0.42068346101884868
0.0004254867124935,0.29687498823939368
0.0015332344684204,0.61692913855740239
0.0109536335887227,0.44073925456622021
0.017717329813633501,0.64996936238910008
0.055570233998549101,0.61432066803919494
0.085794530327533994,0.72115290463946402
0.10283972576702261,0.63695713863405934
0.11356103633893611,0.65812317588311076
0.19843997414866971,0.7864747617872837
0.25274233855862599,0.64398885921177329
0.30961825282478839,0.60059351026815033
0.38656632820770881,0.68462800036789739
0.43743532222180981,0.59201224110321227
0.47982498144964281,0.57602634173767742
0.51894645678521389,0.40863561960688433
0.55143808041380793,0.32440628961805112
0.57966399404212288,0.34348895390037948
0.60235795785547208,0.31361241052349059
0.020342959706660599,0.2917052322824219
0.040377741319841898,0.86437080288877766
0.051984810845847697,0.86024873763650134
0.056810128973134401,0.91491316908355003
0.075288894795187106,0.66183671624922258
0.10586158004521611,0.75391453756698157
0.1209913914916379,0.86143336786985503
0.13027922770447289,0.82081957747931578
0.13430341497785139,0.84314897728534477
0.1377022496911921,0.88204603253416558
0.14076372266600451,0.85108612398353756
0.14445350096884199,0.90689625723882283
0.14439197659765399,0.85353863039710742
0.14628920406766399,0.83984033216112219
0.23269564966337641,0.85500119078798442
0.29807547209630247,0.8287096349947034
0.32269623487372762,0.8539167245472763
0.50110165027340114,0.85660921434569681
0.64526545645301359,0.82045695819102926
0.70216925406264707,0.83763134072551249
0.73417099905898708,0.70101168401728753
0.75248367122516369,0.45296413662434287
0.76554331119462626,0.38461943312418362
0.77883065593386114,0.46774206429489967
0.79158863303617677,0.60973863183253718
0.80148348901435251,0.64747427454630557
0.81001075533160416,0.61181888904274528
0.81648926715234271,0.65962082979896042
0.82398067148771892,0.4453803894971462
0.83254720157740292,0.45652233163885242
0.8395581280095058,0.39436317096418572
0.84767525255758258,0.48014509483135831
0.8543938833428224,0.37818994120444349
0.85681269516739422,0.68184360140614664
0.86220647062756972,0.3496354702877037
0.86853010215640469,0.36506315243387422
0.8736907118031243,0.3243018951658731
0.87903084394115938,0.46231788268884449
0.88240883262810432,0.35371357384886293
0.88786075871965164,0.56139332699508326
0.89017004301660418,0.3305049572662887
0.88954420188762651,0.35887240195516329
0.89112881270233868,0.30568512363651529
0.0001,0.2734375
0.0001,0.359375
0.0001,0.421875
0.0001,0.375
0.0001,0.3359375
0.0001,0.50800777632184957
0.0001,0.60156250000000011
0.083000107464393694,0.59656528005456688
4.4029463498744885,0.35262491291053089
26.002474836683977,0.26580183598679791
133.97362934853234,0.25230840946413191
0.017582172941546102,0.3598934071937997
0.038882223696055603,0.42199745643558217
0.100436623022456,0.40562865214829241
0.1384959482022742,0.52673547371683871
0.27115172556103811,0.49677928355397072
0.34618944222895282,0.49982796815041469
0.41324115976867548,0.47816093928518399
0.58189122816141159,0.72000379877148157
0.71892176811463782,0.48313946654638368
0.78637982100172232,0.44909705034613118
0.82848549234131585,0.43033882243269672
0.86464469631753837,0.47589476118748708
0.94207329859611177,0.51422785449097419
0.99120524853670877,0.48915822358426603
1.0459181654890572,0.38302393666260492
1.0891612231202437,0.30419666012731961
1.1275040515468169,0.32841438463624101
1.1616326581729537,0.30096910585211128
1.1933503115678392,0.32554262341336399
1.2206641465731489,0.28575577680557879
1.2443058547025849,0.3262608633371491
1.2674077373630339,0.27775282675743251
1.287617329837647,0.27336287799578568
1.3073284036661588,0.29661156588767068
1.3259847051150291,0.27456345838899021
1.3428015128535769,0.26706282775949253
1.3588762455294083,0.28616873031088108
1.3733426903540336,0.28844356851228697
1.3882801556523503,0.25830091500966801
1.4014245671290575,0.25564496541302939
1.4147173751946756,0.26865490441647882
1.4271834704177793,0.27173708616793951
1.4397528682132166,0.2807533097504008
0.4101931365610742,0.273371179208314
0.63151227028781909,0.63292529029754785
0.82255772566522667,0.46279770040336038
0.94564905906183205,0.46268825471831498
1.0363735937654188,0.41300812652152308
1.1179827503750264,0.38960333451835483
1.1817537636569768,0.39787108739303839
1.2290155479411886,0.34607316464633892
1.2668526255898716,0.3330873871326
1.2963869201882097,0.31955698984908992
1.3033707656467215,0.35697757653786449
1.3218415263363426,0.28523818380392879
1.3364379890834437,0.30218700208587479
1.3594993294349873,0.26859116992148058
1.3841476621097859,0.27665468215382139
1.402197577684194,0.30774107293767139
1.4202335720694561,0.34934589860616722
1.4335010345848591,0.33503863566898689
1.4474630864242726,0.30098107659860901
1.4594424489073563,0.29043442242630818
1.4698654675771143,0.32408843110437852
1.4818808130093457,0.370773506646701
1.4906028302609542,0.30167569123272953
1.4983861364065261,0.29211597435259268
1.505248709511958,0.37657508717989618
1.5101456866710772,0.42882290892525388
1.5148010251235762,0.37809445988258
1.5192062585296719,0.3249084180884152
1.5236129202763844,0.35336445058360688
1.5271788234118124,0.43985410021902888
1.5309843970848265,0.36439227065946178
1.5341018726186837,0.3251407925244772
1.5372382658092016,0.33799775864473869
1.5399186631986397,0.358877846833067
1.543541122180317,0.30860048157809139
1.5462790380907512,0.28897107559927088
1.5496660044272721,0.2945517922497583
1.5524864352212702,0.28807732651374479
1.5562420698720056,0.30444088928268981
1.5593703044035654,0.30526135773511581
1.5620529529090943,0.30214362788794291
1.5643435920170861,0.27351557440594437
1.5663121740625008,0.30060504747492789
1.5688259290735358,0.31314664794877239
1.5708715385886629,0.29945120854931812
1.5728245531401568,0.30890510422847212
1.5748566699028812,0.2942411443117699
1.5764317517973594,0.3378741686485669
1.5782491625652604,0.29332508323280149
1.5800123727083275,0.30600728614209521
0.032552656786940699,0.28564899782000619
0.060716046161639101,0.62649037705012034
0.116532666478183,0.57479777749522443
0.19274614152932359,0.33046430916306202
0.27106396634408331,0.70824388735865862
0.33314851132652429,0.72927804374756666
0.33351650576642478,0.54172597305405823
0.31703879419047321,0.63811015176400432
0.3328088008982148,0.58202786425918329
0.34788886064298252,0.64268754922259785
0.45238699605640043,0.6667513093622971
0.53558280011496484,0.6232095975871017
0.56206629931889007,0.63791282554408302
0.57607821051630093,0.63759008523559346
0.58491203357846289,0.62673657258080739
0.63635045242171762,0.38045597953311788
0.66735286355697743,0.51385121695075242
0.69412066663790872,0.40609631554195968
0.71915716825162235,0.40647158796197008
0.73423982813983779,0.34840879502885358
0.74334090829308996,0.33911179095700322
0.75611485197560691,0.2956275571944505
0.77019919838697992,0.28578232837859691
0.78014125614930063,0.34469104873005929
0.79366729868959651,0.38476030028884822
0.80596753082227979,0.38501271721161118
0.0001,0.2578125
4.0000000000000018,0.42264101454220238
23.999999999999964,0.25618981102198679
123.99999999999994,0.25026019157359819
623.99999999998192,0.25008780673218978
3124.0000000001269,0.25000783119978698
10000,0.25000561447282832
10000.000000000002,0.25000463314078147
10000.000000000002,0.2500022367959307
10000,0.25000268644705359
10000,0.25000122224616778
10000.000000000002,0.25000069672954039
10000.000000000002,0.2500023493166334
9999.9999999999982,0.25000340739196591
10000.000000000002,0.25000066422899658
10000.000000000002,0.2500019581352757
10000,0.25000445098620622
10000.000000000002,0.2500013120785719
0.2877803410378425,0.27806543985569099
0.4936871563072332,0.29327670711909859
0.87406347539817397,0.65892467883723049
1.2346760574070623,0.4645369903242374
1.5186839122564044,0.44792414001143349
1.7790366700222455,0.33822147687564952
1.9781989512320517,0.29539617002822571
2.1467224842419865,0.28297454497747049
2.2630916810850228,0.2747047179310444
2.3732602052418561,0.29225760157788211
2.4720346770079038,0.27951945876602557
2.558169507287344,0.25806955964810951
2.6302438407739022,0.26551509012737218
2.6958157743311921,0.2725384555531416
2.7545637574341768,0.25827039667342949
0.0029861294141275002,0.33593693224755672
0.0078945722086561001,0.59260111214633815
0.011335967805282199,0.61399779402152121
0.013132091116442099,0.57725619928086258
0.031009059324512801,0.54414366108709589
0.0495690067365082,0.65317215033992415
0.061123250804341903,0.65264993757399192
0.1167469097477882,0.6206709434702411
0.14983214960507149,0.60126234386648214
0.18538549276225291,0.55016218288271224
0.35413272271253632,0.87133380884946732
0.48496384061399339,0.81027809713712484
0.55237038597027732,0.66425586173093831
0.5909030135894705,0.58847656144309091
0.61413363209087168,0.3743932176217909
0.63654389854937377,0.54067484355160034
0.65520108499441287,0.3147395110777324
0.67209553956853452,0.29789909432456951
0.68113132193826997,0.54746092335146967
0.69496155063975951,0.30405945808648421
0.71030057191872187,0.35943488601588669
0.72460578763061856,0.29226263428075638
0.7399382855806651,0.35009565847090779
0.75171314744286943,0.38784852275988302
0.76100596962784395,0.4340508172651778
0.77163411837873586,0.51333466291163021
0.78588735358260597,0.56579631256402396
0.79326705657129737,0.53143888538409934
0.80092639368089613,0.5851779523467443
0.80905297720065561,0.38357077120094479
0.8182332785698031,0.37038535342495871
0.82743318511038866,0.35289678419998521
0.83622535837610723,0.46144881181512798
0.84350992230107491,0.28210854888323289
0.85045446410168668,0.3318044973651853
0.85788155073936634,0.31223440542208902
0.095586004893509297,0.2833025330706283
0.16819782566637931,0.81468833381803107
0.2060181222304607,0.76624097253558376
0.22433446235554469,0.80448504696832679
0.34477619018425348,0.74261490624196158
0.53520809855837004,0.76635539231786587
0.68042368592982361,0.57418393624223485
0.83363044829169397,0.44525806740944252
0.97878155291433122,0.56187790827844575
1.0245162198708726,0.44635905260827508
1.0860314391616039,0.37067171113391351
1.1573827132590189,0.3337082278425772
1.2165390771441915,0.3189953718615236
1.2555016495975746,0.34006126231511929
1.3004963690534701,0.3865731277810785
1.3359611543099126,0.35093859021914359
1.360943706246954,0.33669192130315251
1.3905751845813672,0.2953212131928285
1.4155651686229365,0.29581384155717122
1.4374364889699414,0.27078735640205798
1.4573330082772973,0.31451272971734667
1.4793352191669022,0.2912222181590593
1.4975215427091773,0.29463517073273898
1.5111919492426615,0.3329321719604727
1.5279137780588372,0.33106944357639828
1.5422290868548978,0.32716682041516942
1.5544829812031171,0.27238553460657661
1.5668882998958171,0.29934169688960188
1.5778816973514318,0.29548835828661407
1.5879912622812729,0.28430163141039128
1.597279587784044,0.28081108940876259
1.6064381920996205,0.45044214639822711
1.6157500296014855,0.35875788471004749
1.6245012675282755,0.26141337770494621
1.6332518809507386,0.26989890112710108
1.6417019820205112,0.37735606732589783
0.0001,0.35156249199627337
0.0001,0.39062500000656658
0.0001,0.35156250000440548
0.0001,0.3828125
0.0001,0.60937500000000089
0.0001,0.60937500000000011
0.00028718441210610001,0.58593750000000011
0.0019902978948771999,0.47744196974195802
0.0035498422983925,0.48918791007943557
0.020441687077733001,0.46258745589986677
0.059858335356385101,0.46838270225145451
0.11505722476941641,0.37224686409416607
0.17359821361995331,0.46157943738809343
0.26754404569478107,0.4500988534821676
0.33348394347891608,0.42346697119766308
0.3963259650019319,0.3663793992433329
0.48305207965164271,0.38643350994053638
0.59745310579593236,0.36648651205343519
0.73065425807361217,0.37555004897163657
0.86479460762623228,0.37883188845603161
0.99105508809043119,0.34169670777674932
1.1130668113419171,0.34119829643937027
1.2568624112590041,0.32974736776531799
1.3860016117923877,0.32721470837125971
1.5261196839098885,0.31762916097819488
1.6672528008150729,0.27560172106449909
1.7862786985427492,0.30809481784480958
1.917900229373797,0.28076561807966849
2.0540235460382381,0.25883167517437811
2.2039278103556712,0.26153021369033602
2.3418613814259568,0.26405071562162008
2.4866989857733071,0.28015325378401312
2.635599864450334,0.26308767180933512
2.7731572450811752,0.25895242026584042
2.9041038670822097,0.28311184534381117
3.0331708914692088,0.2583430290263502
3.1799153471111623,0.27677799802671449
3.3236917143609244,0.26181779101399449
3.4698845601789441,0.26557264094884458
0.0036572067044697999,0.35157716795703747
0.0094921425450854007,0.46720658924032571
0.026977188776323099,0.46303081702293719
0.034691580543443797,0.4866027067335485
0.0395504232087142,0.53327465258016271
0.041773987460164301,0.46461621904882022
0.087877366345069194,0.49730329567134579
0.13188674231351361,0.47232147517148698
0.2732608632126442,0.81989846520640475
0.35558896023707048,0.54338526909536555
0.42698530891578013,0.50049422767756846
0.5147343069396223,0.64035227476064382
0.56935943810945611,0.56068552853886633
0.59643710490885171,0.49010208253307358
0.63003332037671222,0.38511816426876422
0.66208341426255934,0.36655111651668371
0.0001,0.28125
0.0001,0.81250000000000011
0.0001,0.66346153846153832
0.0001,0.77343750000000011
0.0001,0.72707405983757079
0.0001,0.75000000000000111
0.0001,0.75781250000000011
0.0001,0.78125000000000011
0.0001,0.75781249999999989
0.0001,0.82812500000000011
0.0001,0.75781250000000011
0.0001,0.953125
0.0013616517382238,0.76562503576128083
4.0068082586871414,0.37114450269255639
24.034041293435742,0.25392815580199601
0.0019497511138036,0.28125
0.0055089525200549003,0.37096393129090482
0.0212880960532176,0.46526913318122659
0.031884579398220099,0.51752134963337915
0.036752605943905801,0.49354481593409638
0.038800356714058903,0.55076720690936998
0.088635458469119896,0.47969304837459631
0.12887700233459429,0.49227880698859922
0.15109004164421691,0.56203533889915025
0.2768139098289592,0.82579476708139965
0.38661608987698209,0.51523450771752577
0.44036256286325259,0.57347057668119894
0.49172653723669207,0.4838097264097766
0.54813957172444416,0.62342829535678057
0.59081226113212526,0.52255864474203229
0.61700481148904418,0.48271093273117571
0.63853450599328876,0.38561857518512632
0.65680001001580413,0.35022484407763838
0.1154022658678452,0.29136998008979009
0.1812961195605356,0.85971445599339402
0.25759835634100747,0.86631125897078276
0.29810825416479431,0.77508610288552249
0.3668336621212876,0.50281089431733994
0.38513680467454919,0.84729220198910937
0.39150109125832938,0.89496590099505335
0.38990031816663639,0.86326384302428738
0.40011678657916461,0.86069675893257458
0.38125128973438538,0.82377772014975614
0.38631743982326999,0.87132163501613358
0.39309395618875881,0.89698927723462329
0.41503255867884498,0.66619116864022676
0.50717629034518841,0.58134083225605537
0.54178086866687625,0.64949587265274844
0.57386361246885598,0.83626410921188876
0.68276691671760203,0.8286537306485513
0.73783296072059879,0.54354796705281316
0.73960719243881312,0.68866270716476652
0.74302016439734708,0.75475659063959544
0.7604828231816132,0.4367990414552283
0.78275213521343545,0.77111083423971138
0.80327230222233159,0.7818410489792984
0.81676253765494522,0.49324319770542419
0.82830051843381924,0.44480679118086558
0.84363663205869943,0.75381701040797122
0.85631182120659399,0.4807016563173081
0.86578579633919039,0.38217283932351148
0.86691997691913236,0.79463423014549717
0.86839408712995436,0.76171392191790299
0.87273408850538647,0.50564594884318292
0.88577332355650973,0.56021123059944411
0.89293963333328463,0.77767991234382239
0.89944398448655116,0.34343759044355182
0.90263516170870883,0.72080706601687183
0.90474423754545075,0.65668611421909817
0.9078752174235718,0.75148309276380409
0.91112769810492478,0.72872965379025845
0.91361327566262762,0.71988334937778498
0.91542249747442583,0.68824685223682136
0.91700509658114759,0.75455320874183707
0.91833707182352942,0.77079966442974002
0.92021114538535675,0.74184633357618956
0.92137238216187045,0.66766689665116608
0.92233901925806583,0.70530554807896528
0.923324343568933,0.72099735089019845
0.92436440413120757,0.71118395339222173
0.92510556452494475,0.71820746596484752
0.92589507846292085,0.66483749123327673
0.926686349876083,0.71551413377934991
0.031037046132586499,0.30733509519044783
0.058125977480296499,0.75076360942294129
0.14202193907217639,0.4563965203487898
0.1913398694310276,0.68043397739222899
0.25407988390974168,0.59427546101738393
0.33651458302959403,0.54053638641811141
0.36828873724841821,0.4500565814296601
0.43668718199482082,0.69641684943734239
0.36266066737719088,0.65873654619724564
0.37851636542146277,0.61014088263123722
0.4905813593542806,0.87370928965604189
0.58292415399990949,0.65382909922008181
0.62330956759733747,0.60427529787050105
0.65016897817437869,0.4379376854942254
0.67487705729285974,0.38006637261121279
0.69932217437955246,0.44545878223376462
0.70787059220993842,0.3500675279734069
0.72400173730305939,0.32700930810624129
0.73800625642926287,0.3952124313373897
0.75266374956705517,0.37924728298741928
0.76353321398087459,0.54519072948624425
0.7778453451645515,0.60004900475084699
0.78907291137863966,0.59708521401131087
0.79985274891451619,0.53290698290707472
0.80896866795095668,0.3625460286166669
0.81589939198881223,0.35239395646157701
0.82237226384457296,0.3140992309268964
0.82780511508667876,0.48084245826110161
0.83233551227172975,0.35182792929782841
0.83851614558700982,0.3716433223527964
0.84328044893984544,0.43551285399014578
0.84901830613992368,0.34241170777587682
0.8534890197512589,0.37140617203421578
0.85712768063181266,0.29789199663314669
0.86013968471588553,0.37152660948193628
0.86331830711348212,0.2989603780901266
0.8658647916558142,0.32914871035629939
0.87022121134793395,0.3376546495461768
0.87524644034862364,0.45572431279891051
0.88047936384906966,0.52394666680647961
0.88493287575239421,0.32870568416202439
0.88868074312963541,0.29121562129871442
0.89139113943227233,0.35137031703890359
0.8945476639145491,0.2947845356513174
0.89727564761317824,0.33855453005894121
0.89929891496057079,0.3623257739902136
0.90186583583450841,0.35483536610679878
0.90427878294408015,0.31677458745202841
0.90632975219353384,0.35822996108411492
0.9084127707886086,0.33717258387980109
0.054700846540697998,0.27545607799295602
0.1178789203038393,0.31993335829216368
0.36867950574491248,0.86582690296284204
0.68205377626568642,0.63771612247031484
0.97107905311867015,0.38550364888473398
1.2850880843014401,0.32993225168197021
1.5471236083794813,0.33188724598608421
1.7723892750516868,0.32384956967072331
1.9609432522261687,0.29504060453500952
2.1274226023397578,0.26370854284521189
2.2701088363732742,0.27994508213802721
2.3897870131504049,0.296112858327714
2.5073711089531003,0.28079899936583103
2.6156515557557061,0.28561075626370619
2.7155486658430399,0.28229091254972372
2.8094126957184247,0.26980797810824692
2.8934654696874271,0.2676425155357261
2.9723808142582344,0.26513135534819687
3.0447460523453991,0.26014485898105211
3.1138225309027714,0.26464580912301061
3.1780856400923403,0.2537228488360927
3.2371106122336362,0.25992581761618527
3.2922457605080693,0.25795068382536229
3.3454249166138856,0.26276528700428198
3.3980361181865315,0.2647817395246102
3.4451539628087966,0.26990169138201731
3.4895756383071888,0.26194044745401068
3.5316789012949226,0.26452535183250481
3.5716005447638528,0.258655516346674
3.6094215391433999,0.26502648206931828
3.6450959233742801,0.25925230418010381
3.6791267362205375,0.26704939399773409
3.7114330126686967,0.2591735051854005
3.7429665501431129,0.25761382462646532
3.7730750891574942,0.25874491220622592
3.8019943537980092,0.2551366243141846
3.8295434616341248,0.26060986122751101
3.8560710179944016,0.25829030352705679
3.8813638933360952,0.26192351145346288
3.9056966071048218,0.25238947214307328
3.9291410903159729,0.26900314908872908
3.95181208782784,0.26855652898846488
3.9739401984310452,0.26324075791396367
0.0001,0.2578125
0.0001,0.71875000000000011
0.0001,0.75000000000000078
0.0001,0.68750000000000011
0.0001,0.79687500000000011
0.0001,0.78906250000000011
0.0001,0.71875000000000011
0.0001,0.73437500000000011
0.0001,0.66406250000000011
0.0001,0.89843750000000011
0.0001,0.81250000000000011
0.001708519330342,0.75015365076426244
0.14050262563789831,0.7523243393954645
1.7905058219525181,0.49962414982531322
11.95265509725113,0.26138906362904568
0.25452226660803068,0.30977531202832548
0.37464726087334987,0.81819382658964679
0.5435555609278494,0.4190099168197729
0.61332726304567386,0.77086876574353458
0.64892156904443643,0.63424483065314674
0.6740528212351089,0.61873273623769354
0.68954705143872896,0.70875673422593344
0.70597188509591757,0.67141116709826054
0.74836046486846075,0.27574295069661359
0.76945606063761152,0.50983344329402525
0.79315562154263297,0.49915141645991712
0.80439720063274356,0.50084216659069725
0.81801614476986495,0.45965447315271551
0.82241353911087034,0.59288989947434534
0.84481026244765012,0.36228936977307569
0.8592405857820109,0.30176079792352289
0.87021893469370248,0.3454432835745031
0.88352171991439776,0.64801871665760047
0.89293213866474286,0.43048703168534008
0.90372668404690115,0.40071975984587549
0.90923515824969681,0.27434573206230278
0.91202154949359115,0.51503443762552625
0.9196056212543684,0.35684119654828261
0.92679357217378722,0.36779623670184991
0.93464590736200082,0.62409660386963195
0.94042626095509563,0.65216532237494151
0.94294391396302002,0.70261665170656418
0.94655680158474442,0.48838608648890741
0.95061156584317863,0.6745589263404409
0.95445517334720764,0.74730433439981681
0.95841066414255138,0.45700655500302462
0.96559115459253397,0.69953118320506746
0.97013661892106839,0.70924004213149439
0.97340221303697361,0.51164684708048602
0.97599931957326436,0.52817564137247219
0.97804525384909624,0.33814407039807798
0.98006928140734095,0.40870092445659367
0.98174697829849278,0.47198155419567528
0.40477532175142827,0.31784608690835159
0.6273629638704431,0.70636350067624698
0.81641083926783897,0.75256678976935054
0.90941505035394221,0.7011906971229277
0.96053713413626096,0.66623436987304452
1.0378596876603088,0.46449031876916158
1.1148573354107256,0.3705588008738433
1.1767905577769824,0.3177964243277831
1.2511968999726757,0.31236185469809158
1.3019263651717494,0.35626045067324652
1.3513896376628478,0.3197835090172696
1.3970422754504661,0.43003153638758929
1.4159083215512944,0.34027566891196309
1.4406771556886064,0.2949571989084987
1.4635430127529248,0.36821827820925668
1.48364719918526,0.39789064878640268
1.5034564603052629,0.46927041067687408
1.516499379675192,0.2994723898741834
1.5270918578568031,0.31215971642836809
1.537797286342995,0.3322365473928347
1.5470668823821221,0.29527424428901378
1.5558523557516224,0.34249929537846291
1.5644914868334872,0.27551640762812779
1.5713262360105875,0.33612851638600649
1.5772946537947865,0.32296348037486922
1.5825606377110368,0.33231790103574388
1.587357754113671,0.3155721777129854
1.5940398724363407,0.29715173726106719
1.5997257866707857,0.2816152779370274
0.00069822997210160003,0.3125
0.0029556011570228001,0.51562492818552441
0.0119251349923295,0.44193615771123129
0.017549258550807599,0.455839376490139
0.0229647732126247,0.37593638472594398
0.0815434451037267,0.5436231733408049
0.3201597037909848,0.62279561572656661
0.58187633870263156,0.45360797863280677
0.76434579495491894,0.44665142749369707
0.92172361490618682,0.4606113714703623
1.144560404181231,0.4481048152284669
1.3320195286922556,0.38084734830930178
1.4757835258581782,0.3286065195857098
1.636084202193115,0.30706609628658288
1.8013625819770902,0.30660456049288448
1.9684195300241296,0.28136099910188428
2.138068142658065,0.29258198689154202
2.286526294121594,0.27447619012597929
2.4004708038829712,0.26555346383929318
2.5276993183485419,0.26550257272684091
2.6487846451743806,0.26060316079427942
2.7417041530230799,0.2690483601087334
2.8309592821409035,0.29324837763389899
2.9208673863172443,0.27601397592046661
3.0003714564680362,0.26134816131956889
3.0839446695420838,0.2734710042765921
3.1581899494735843,0.27649006850534719
3.2311415050093162,0.2579218472462218
3.3121293557950611,0.26082528341557148
3.3779972483842133,0.2638083341355657
3.4487551524036344,0.2803006479288131
3.5152740291833457,0.26934945702323437
3.5797096684661671,0.27126540236395491
3.644591386700216,0.25821123463340118
3.7034563326547634,0.2549795738092584
3.759675604865313,0.26412383307167703
3.8152081443662791,0.26000020020343201
3.8717792755685982,0.27754314006575809
3.9217178786514073,0.26453266360280142
3.9717418978907642,0.25861829282115761
4.0204894957145862,0.25971487709702429
4.0675539701364736,0.28103047029378891
4.1136429225552487,0.27207091306181669
4.1574856497819601,0.27042987801366342
4.1973228841547767,0.26974072976135871
4.2389693774961525,0.26880629861306388
4.2797930670030233,0.2625491283811151
4.3198472680388837,0.25739915878449032
4.3553875698620859,0.2657312039772774
4.3921590093365097,0.27006923450374259
0.1420850592569412,0.26498001839507468
0.21945278030037699,0.30781229039293068
0.34293100399238541,0.36944855662315401
0.45689084000694502,0.5498367592637361
0.51093336256328492,0.55754777964346525
0.5732234272528669,0.65550108795464412
0.63388448102076589,0.44801338869563329
0.67545179291343982,0.38735045336389301
0.71098608995364687,0.36312265175786079
0.7373851364115952,0.37994155378720518
0.76129648424839713,0.29254607913918418
0.78225180778692849,0.37240620181119072
0.8003972021523531,0.28182475421113151
0.81531729320551949,0.27458188300283848
0.82884849985573417,0.28739116037976609
0.83932718094675396,0.264071472570725
0.8496652811133214,0.26085420491068589
0.85877216584276728,0.28382045040916359
0.86739258341889858,0.29761107540532711
0.87508506002958764,0.26770284571153879
0.88240969828044657,0.27969883738505907
0.88878249905281126,0.27835693940295753
0.89482929397066768,0.28723658347232389
0.90082225223040924,0.27109760346815059
0.90673175626726543,0.31279911661123061
0.91209562014880941,0.2941297879960233
0.91595883612522555,0.35275235427939189
0.9202427140213052,0.30217129129089321
0.92511680826228082,0.2669206564680992
0.92911228796412315,0.2911070325036248
0.93267643480417117,0.27915603637203162
0.93578554148806925,0.28303949564079067
0.93897119384581096,0.30139224375030599
0.94186716617097965,0.27990679924437728
0.94455965076999138,0.26951449807716799
0.94561376492701599,0.3272614700260727
0.9481102034816794,0.28950176266065392
0.95093516376628084,0.29893615128407502
0.95378711870242361,0.33343672417276338
0.95585077942039476,0.26206216881396549
0.9582818459610708,0.27081702568566851
0.95956866371807037,0.27523619348504108
0.9621737236514688,0.30864681813977302
0.96439660479393796,0.28030911247471169
0.96650196542421285,0.31371767067521927
0.96828645994189722,0.27754053665615169
0.96990271032380482,0.27889547272789261
0.97147147640675358,0.26598812447750259
0.97299898001218643,0.28868926245450138
0.97452471781896444,0.28816488791610467
0.0024310670392692999,0.28906250257998239
0.0067716671684358003,0.53466508572574689
0.020285728236135399,0.50355925944965374
0.0262750882149663,0.58179367837307228
0.029192567560783301,0.55175491043626201
0.031323996493603998,0.50013739621874231
0.071109870127200894,0.51967464521269469
0.093515729115213206,0.58690160365765931
0.1171705513963381,0.59162190388505942
0.2634245999567098,0.73084084553194872
0.34968074121670439,0.57481611176546821
0.43838889424766431,0.57320874116766696
0.47936199283072678,0.5073992344578776
0.54904529127349233,0.59543736892820498
0.029465065984740701,0.27842004594785641
0.056714112839750301,0.88642446872344915
0.11626077404907199,0.64959437985879753
0.12484436586609229,0.92308987735553838
0.13558812317765009,0.86485951835258756
0.1398907726301101,0.90309711696000239
0.14304647939005541,0.89834427360849733
0.14476629680923139,0.93319943448997122
0.16102368785514939,0.88611871455051228
0.1728459163782983,0.90668722091635079
0.1794871105210516,0.88726778377321525
0.18462449931244071,0.89548575217561077
0.1883179082120334,0.91911900242919564
0.28622902737465539,0.84521865621280501
0.3516675532940039,0.87664010572180928
0.3847263116726688,0.89189866612904822
0.42575431847578488,0.65114628395418261
0.71523209243752839,0.83396203369995814
0.79023980819355388,0.7646196634536685
0.017238098244072901,0.3299388227668611
0.045526903780140897,0.38536675874253329
0.082305306704328104,0.49246810148435749
0.1119429939226959,0.45152372996147921
0.1228528761927191,0.43531153043379028
0.12588263562982691,0.52955148634923399
0.1331498613441631,0.46510173973693691
0.13266112460865001,0.55235258920781571
0.13689615744034819,0.45683634211899549
0.14511296531601039,0.47636341735900378
0.15266138586655981,0.4956295210665414
0.2492291395015569,0.519666512584957
0.31518130843802478,0.50272619206255342
0.34835725306250848,0.52595273588209535
0.3758349892667272,0.49466351563950223
0.53489628479705531,0.87714350605760927
0.62804705885879253,0.8440307646644668
0.70284964255413129,0.64401942136311907
0.0001,0.3203125
0.0001,0.265625
0.0001,0.3359375
0.0001,0.3984375
0.0001,0.67187500000000011
0.0001,0.58593750000000011
0.0001,0.67968750000004308
0.0001,0.59375000000000011
0.0001,0.69531227929899864
0.032931626701844699,0.61866474065291621
4.1616233876551325,0.35256310021191578
24.808291980562579,0.26293765177166789
128.04431106243908,0.25237030437044861
644.21216174214146,0.25049497622763067
3225.0228987614173,0.25010008483647961
10000.000000000002,0.25002525942031389
10000.000000000002,0.25002666799755341
10000,0.2500240532026835
10000.000000000002,0.25002488462302208
10000.000000000002,0.25001976298943301
10000.000000000002,0.25001955072950099
9999.9999999999964,0.25001675305611931
10000.000000000002,0.25001419413987103
10000,0.25001737806789898
10000.000000000002,0.25002194720258569
10000.000000000002,0.25001125574392857
9999.9999999999982,0.25001397103224759
10000,0.2500147385931491
10000,0.25001477972985381
10000.000000000002,0.25001129973693031
10000.000000000002,0.25001125205318248
10000.000000000002,0.25001477552552859
10000,0.25001212002867329
10000.000000000002,0.25001219440381722
10000,0.2500129535124227
10000.000000000002,0.25000459111943979
9999.9999999999982,0.25001258954903638
9999.9999999999982,0.25000726753603131
10000.000000000002,0.25000908776813241
9999.9999999999982,0.25000696925648519
10000,0.25000762667198728
10000,0.25001127836290082
9999.9999999999982,0.2500101032201334
10000,0.25000284473109891
10000.000000000002,0.25000824850757569
10000.000000000002,0.2500089773973917
10000.000000000002,0.25000687319789439
10000.000000000002,0.25000971613384088
10000.000000000002,0.25001003841551939
10000.000000000002,0.2500054653599329
0.0122392763013787,0.2917832352516404
0.025985025062988699,0.37228996279931093
0.070936890228187499,0.78942138956849361
0.1235520803871826,0.83200537867354996
0.205640836345301,0.36515766602949767
0.27084905285328109,0.31629939537346718
0.3257409608283845,0.33658156611668288
0.38622655773108661,0.51243069088541504
0.42701758428453951,0.46279309193870199
0.46543465903210679,0.4381326439390138
0.49796424955140711,0.43113777824799671
0.53379392645728085,0.2843848788322641
0.55744736430070307,0.28509277768345909
0.58350881395981935,0.35136796783472291
0.60420926648055784,0.29902776012612953
0.62281003627417175,0.28445649173975601
0.64000144220893185,0.26226471718871902
0.65701639185699678,0.37066319450222268
0.67175923582118968,0.36334081157986442
0.68520272557373962,0.29862612040950559
0.69939274925159278,0.2945780347631371
0.71154056309164082,0.3035066035415091
0.7233262140613399,0.28112149526073921
0.30821754037096688,0.288553542959194
0.51774831692802414,0.61961909581824726
0.59803644389650568,0.79602507393345523
0.63821849536261843,0.82829405248435051
0.64947360571726986,0.82763544933997912
0.73748441100958362,0.53961261003160588
0.73961091717795424,0.83433593444938392
0.75160050917981325,0.74855597521990913
0.79704504774170792,0.6161735270581451
0.92756091012266517,0.33682505840279581
0.94140324140580678,0.56919944800622579
0.99658491319795584,0.56251724462310182
1.0253113070617066,0.53978606656778039
1.0936014947448218,0.32152931177454719
1.1535529432420799,0.38145686682145857
1.203614878299702,0.61310433332936887
1.2152972027732334,0.61342694142835974
1.2209212748579112,0.55128052078809109
1.2406345141162678,0.50044477413323796
1.2597152945690455,0.4631368525315544
1.2827422167002038,0.48857688604168731
1.3143118179407911,0.37288973845414369
1.3586285783891774,0.4192332665779202
1.3821744165284169,0.3603116378677948
1.4082082437746366,0.3070145006926252
1.4093648966403864,0.30620422614792381
1.4311416568164268,0.30828992019435147
1.4585207782046636,0.29341191832604818
1.4860204714679195,0.3230264271265722
1.4982694514612209,0.25658354064430772
1.5089883769931849,0.29836767699230848
1.5170904273025356,0.3790538226419225
1.5296492764444749,0.48879192580881681
1.540705680274405,0.36685156700638011
1.5500519022718575,0.3194646359506515
1.5573258057642585,0.32385256032362819
1.5651429942606621,0.33750192254067712
1.5718419317838079,0.29243561863613948
1.5781468698737515,0.322858402250289
1.5845925067933768,0.30548666645079048
1.5894287539274217,0.33991194649134948
1.592902836454646,0.3600869933777413
1.5976745291487875,0.28615600871479291
1.602525461078077,0.30955807383161249
1.6072316332109522,0.32258784584104838
1.6104503973762203,0.33504919557695928
1.6143171131044336,0.30218909283020889
1.6175816022248672,0.29347192302512032
1.620956091553311,0.27855193684080048
1.6228711866158561,0.38333541373894769
0.0044698408259854,0.28919253248258731
0.010919822516594201,0.63597092411841061
0.037355314489808403,0.446809345212348
0.054208404828464597,0.56182468679449549
0.1137768020554753,0.71760253577836741
0.1535374929387554,0.6436789504096081
0.17254021457967239,0.66558156832402737
0.26450008300556332,0.82530547417783895
0.32765707446711662,0.67459000432382932
0.36399466341744208,0.59867210598719434
0.38805828624494482,0.60233174524790478
0.3998774410707866,0.59284169736322967
0.40867821389167258,0.61647830048427976
0.45710464013819718,0.69489761268303585
0.48556695551471579,0.70845719697556431
0.51128359241179477,0.60562723296532539
0.0215167898186342,0.27227866592520078
0.045961594023263101,0.75789908560039976
0.063352764808947803,0.82917173723175286
0.067924180623477395,0.70580637798108248
0.11881830453208581,0.79498096745032254
0.15951489068025959,0.7709873492549445
0.1727648538302281,0.7818220840235881
0.2340609374342571,0.49835484654849338
0.39437289818942989,0.42880805397333899
0.56181306433469413,0.5813618655510121
0.6802218267702721,0.61039493820611768
0.86531096482533065,0.64558795874767372
0.99131625368062637,0.54336315152911285
1.0634136052165863,0.47210368674615849
1.1083847304444958,0.43981165626587071
1.1431531196330011,0.37002850068258192
1.1756444289263346,0.37151690286809641
1.2052158379770013,0.37759922855671618
1.2302512145699964,0.35393809052356989
1.2525933429135825,0.31789585584224928
1.2712214225768648,0.3517951520445381
1.2785049281159329,0.48818446512419739
1.2992658694073214,0.34777631465836101
1.3148359858876388,0.31001360721066218
1.3349791960218982,0.33144044031413811
1.3540874757373016,0.28360135663443969
1.3648681144027055,0.41626263012797299
1.3783020798547478,0.45207383595720269
1.3891191733602537,0.31501574165655372
1.411296218337263,0.33620802732894972
1.4234291656392872,0.36021799675326588
1.4325401468809515,0.41317555317996929
1.4402481588416254,0.2833237601110174
1.450783668739426,0.32813210603734611
1.4594803930217668,0.29177080681554379
1.4680002563557242,0.34576552974531721
1.4767510231255347,0.3538249710177005
1.4851928918799966,0.34585108144547683
1.4969201828682976,0.3269381966165098
1.5055434648667367,0.3477106326422898
1.515534624769038,0.27707130579651151
1.5251531711950279,0.26909935413921399
1.5344773529968103,0.27120935402852958
1.5428468455292237,0.28495830037992698
1.5501294811105739,0.2650766445229169
1.5583120962309558,0.27677309600719813
1.5658603225085377,0.28407451834187858
1.5757599804578053,0.3543399536777827
1.5822630936751354,0.27519577859283612
1.589143037298371,0.3096637637089189
0.083524117407388201,0.2979416552388065
0.15430530534195391,0.34558705442482601
0.33815478814351962,0.4869806156649476
0.50626905769539099,0.38924148170751349
0.69424438091825924,0.561369212961637
0.90724135868151223,0.36839277811731908
1.0361650819211774,0.35155600388060898
1.1727135613740121,0.35803594623263041
1.2774785418033452,0.3201428553427112
1.3518206772557979,0.34838235598801381
1.4082688053286081,0.30905361856622499
1.4570367870510488,0.30525336972357808
1.4868722480219896,0.3198995586332854
1.5520448496604884,0.3508452569214987
1.6050882830412232,0.31223388386720241
1.6503356714236921,0.31056235661104048
1.6926150157017039,0.30928509107760038
1.7287835209161455,0.27931275666516697
1.7617008932875315,0.3022001197779236
1.7945300289815569,0.31836992481931098
1.825253665751013,0.27238837060928939
1.84853219021617,0.29423538533079707
1.8735210210016131,0.28175270497126781
1.8976940052528279,0.30947451540236193
1.9226930365511907,0.3256080607950847
1.940947518226064,0.2690015177992332
1.9595510009138315,0.2601457905873234
1.9776288516261351,0.28450275301676198
1.9943187130515048,0.29617429393672229
2.0110377005163071,0.2745665485030358
2.026978218512852,0.29595879279171627
2.0420573519011969,0.27872676303264321
2.0563922868530917,0.28067943039092108
2.0694706687635964,0.26789175924064801
2.0821078096978738,0.26798448733382668
2.0944733592177704,0.32592879113677659
2.1060565699065537,0.27909711118904318
2.1173558916675521,0.28349878890059182
2.1278646547184712,0.28692093180773659
2.1377814558863442,0.26566041732588358
2.1473733513547102,0.27888296089210329
2.1566152606251747,0.26911855198761109
2.1651170664557609,0.2880742513014814
2.1747806009061179,0.27168534743900702
2.1828528849423146,0.26682984224484058
2.1900710325965145,0.28379207984670801
2.1976844303331768,0.26522532968312829
2.2055516411029963,0.26329860862168519
2.2129108830238438,0.28454375133085291
2.2173798519376282,0.27670870483215448
0.11621096079429601,0.3019704544118183
0.1821862085370233,0.58064145896032304
0.27079157325062808,0.40850475266168718
0.34004420256533041,0.57484099571151748
0.43465716433950391,0.58675136554330654
0.49699606031815829,0.54753528399398699
0.57186952203200891,0.62145753623724498
0.622368495541056,0.64168285877255538
0.64868999736987254,0.51519577151246598
0.6891967675765871,0.6342145798253781
0.71709797386579133,0.49933039288560083
0.73728453303802766,0.32958540005831632
0.75502835212909281,0.39465468610099619
0.76995954005319323,0.32961926625595878
0.78251520520422657,0.30637626480289831
0.79365432859502394,0.28796653202539818
0.80366693375870857,0.34327293504161072
0.81149735278353186,0.38674409323484471
0.81942641518520776,0.38440720903138892
0.82677330008166838,0.37822372766770251
0.83461797771238799,0.50182145447486592
0.84164868910613766,0.5629752653639325
0.84823511968900778,0.36284534911197208
0.85501674019666152,0.42567565105799288
0.86012805540436466,0.4802196929703082
0.8671344763764719,0.54573210041173403
0.87160823078634486,0.51314106280829219
0.87726712503541315,0.46524100658573281
0.88070150958230486,0.41492606391413089
0.88328996688065775,0.49912732928738268
0.88691116635326117,0.28356420042612301
0.89080803759530547,0.29291967039431982
0.89421329258356219,0.34955777168151619
0.89768902688087682,0.2864177122818537
0.90075587112324818,0.30682595911860122
0.90383992955017778,0.29911051879259321
0.90691522040531158,0.46974040642586151
0.90976204668507699,0.37243081199473871
0.91208973600511156,0.29246371880777711
0.91455127044793516,0.50243298881170362
0.91669173450679564,0.29231518094495301
0.9189203105881828,0.3149814175136228
0.92041409815374242,0.40723176592309229
0.92244467111112238,0.3058033096376721
0.92419559270848961,0.29743067918065041
0.9259707205176072,0.29080728802650502
0.92753600600784858,0.31166730023594968
0.92957170576592196,0.33070164405526009
0.93151591180864723,0.26452551270943431
0.93336984267087564,0.294303291029613
0.0022402429938478,0.28906270956478969
0.0060662361422222999,0.54718003057541931
0.030111645917262599,0.44770850213702867
0.047639903865633597,0.42433932168801047
0.053521654953562703,0.49737848729126999
0.057955958502260499,0.52739025882363666
0.124983102975,0.59667811266779214
0.17317490214446959,0.49344414606771692
0.2024758190893495,0.5417444051330762
0.21919169009469139,0.55410200226031037
0.22485369062089811,0.52790687322795393
0.23005530806635791,0.57539348691570624
0.2345886171128217,0.51483491696249251
0.2973190630900886,0.35621146086431649
0.36854959049471031,0.51430412248880852
0.42352880726372433,0.82840668034961806
0.48982571479380449,0.68937931393296337
0.53153361233551211,0.63795162225725011
0.00042959525320799999,0.28125
0.0016644638303823999,0.75058982919939654
0.0076682808066964002,0.70801902850146681
0.0121669479285967,0.71417699370703347
0.015857461609371098,0.71211747020875693
0.018164312629707299,0.77367247466742473
0.0196516590412283,0.66995707746709443
0.061852775049399601,0.68526461285634443
0.1087493258632506,0.67208679039207542
0.41218365330441831,0.88195216264064358
0.5735124342287643,0.692067133219888
0.653284986142326,0.63778590800882118
0.70489824212234986,0.28062671284558721
0.76570316722031473,0.310971058180394
0.80375832429286687,0.42099984418849362
0.84074814304230872,0.48521211706833223
0.88041607145135425,0.31730834742162439
0.91788911783349825,0.35884588483876689
0.94474386415648981,0.55164247396999377
0.9909172981329204,0.50298566102099096
1.0398058200414488,0.50592895962609941
1.0687468907289679,0.37035276264058459
1.1024655945765178,0.56348743804940216
1.1370471881988538,0.61596577420487264
1.1612073838319024,0.63774652751066085
1.1913767991632411,0.57533777820224719
1.2183772152642569,0.39450249028437218
1.2436164079500882,0.283723108102653
1.2746506319690751,0.33519785117074558
0.030143789172483799,0.28179492226097458
0.056664954917847302,0.62565940129734876
0.1175417556077068,0.60526963212046014
0.17667471069718391,0.37016170131153958
0.18465452661851431,0.5912566879389487
0.20203421223177551,0.68808486819068415
0.19934432911940589,0.6237082476938316
0.23140759078975279,0.61086930668101558
0.27825294824446561,0.65017586198630062
0.3161075161533034,0.69415254788388436
0.43796289047603981,0.77005550800882239
0.53064390660924909,0.61693757782506398
0.61979588865148993,0.64680394858323764
0.66670294693010801,0.6842036430458236
0.69436164320219129,0.5567047653663908
0.70634662921621572,0.432576162680475
0.71561414316209171,0.47788423893722121
0.72151771745971227,0.55828252605919337
0.72563003015312844,0.58079135388562408
0.73792452875688352,0.37177664680491868
0.75204786216809616,0.32252688125011081
0.76313232705518419,0.27985343973434079
0.77753811384382465,0.3261102640547997
0.79135720078260541,0.40660745949387411
0.8056471791945794,0.37961099541382748
0.81692147930303105,0.57621579200581863
0.82622313699849292,0.6076212557756725
0.83366686002394785,0.56895681101992057
0.84074295445197711,0.3820819068284918
0.84801439950883606,0.33879400782423491
0.85424537958659696,0.42584795117109858
0.86212470900177196,0.53744677920424655
0.86724665614841734,0.37808879347305252
0.87370545987718462,0.37447730408572838
0.8778398031061917,0.28592300438296742
0.88262957857833868,0.28107981950945488
0.88725674514883601,0.38760583501071938
0.89246459471285045,0.31425435797762752
0.89657863363872825,0.31796888323624312
0.90091084192183657,0.29037225391321581
0.90463835933075076,0.32615012032994728
0.90828784732933299,0.29744441514081937
0.9108334298688906,0.33243561535824162
0.91358359669976041,0.27916478739850409
0.91684413038902157,0.35125808145747278
0.92053289592351284,0.30502474353547271
0.92326843922197899,0.32064730425764448
0.92642573297111741,0.37665848177359568
0.92908832338368441,0.263010569321875
0.9314224464620946,0.28801974400191421
0.7026204386560837,0.2663480004950432
1.1410164010286123,0.45080411954532418
1.704102245040225,0.31187647368952659
1.9816815494400599,0.3204358949022893
2.1783042451407968,0.26382913406328501
2.326369399055729,0.29800377467510858
2.4427326160320537,0.27878966963400492
2.5417308994954371,0.26490949181739981
2.6273167303223741,0.2679669081108243
2.7048409901219941,0.28001203812260289
2.7622608225430501,0.29279729616717171
2.816084238454116,0.2689203978308084
2.8613832317187509,0.28734085255515412
2.9073576282936187,0.25949485805279782
2.9480606608251958,0.25865024321021668
2.9838157390404603,0.28650718445746981
3.0147590035265583,0.26901206388470228
3.0445077233160536,0.26230441292550177
3.0709583705657924,0.25480533755779511
3.0970537123377282,0.26175948666175458
3.1207050248519854,0.25486303266872973
3.1416736994337451,0.27649974743334521
3.1610675797485626,0.26552816750039449
0.051280838511207398,0.29981995270587919
0.84491979568021502,0.32662744810008498
7.5857616461172519,0.2712835548513271
40.98922049826372,0.25245182308048519
201.81712227499955,0.25062250305434741
964.02063171837722,0.25013478871886652
4386.705344967846,0.25003937713602181
10000.000000000002,0.25001329298389008
9999.9999999999982,0.25001270060059688
10000.000000000002,0.25000953422746969
9999.9999999999982,0.25001008698958621
10000.000000000002,0.25000679532430592
10000,0.25001201610665091
10000.000000000002,0.25000793208021299
10000,0.25001049780630641
10000.000000000002,0.25000790505542198
10000,0.25000970940966549
10000.000000000002,0.25000624752722478
10000,0.25000641254473122
10000.000000000002,0.25000612950486978
10000.000000000002,0.25000661041833211
10000,0.25000387061884821
10000.000000000004,0.25000732246825352
10000.000000000002,0.25000323621530968
10000.000000000004,0.25000566306880928
10000.000000000002,0.25000311418664678
10000.000000000002,0.25000360728554832
10000.000000000002,0.25000645390309251
9999.9999999999982,0.2500026435185102
10000.000000000002,0.25000301474740089
10000.000000000002,0.25000266556029699
10000.000000000002,0.2500016485113058
10000.000000000002,0.25000362153467309
10000,0.25000252339939188
10000.000000000002,0.25000387972241672
10000.000000000002,0.2500044854129766
9999.9999999999982,0.25000358033802639
10000.000000000002,0.25000412925596588
10000.000000000002,0.25000269637122979
10000.000000000002,0.2500043879861949
10000,0.2500023583203444
10000.000000000002,0.25000247393679781
10000,0.25000181256539189
10000.000000000002,0.25000364586407797
10000.000000000002,0.25000404980508678
9999.9999999999982,0.25000493014619102
10000.000000000002,0.25000569977208281
10000,0.25000197537426888
10000,0.25000491675706699
10000.000000000002,0.25000412279953499
0.2602147381352643,0.3003155281639015
0.37986574403488538,0.43374279492539791
0.52418515377310093,0.4817334558813734
0.59441737557177188,0.45866075148454111
0.64897231024578939,0.45601367269193921
0.68143725321828363,0.51125736129995092
0.7010471231624642,0.48868389933578898
0.76562708182749395,0.6093485762223253
0.80374731119835374,0.51808142720398476
0.8353363235138076,0.43276679077562658
0.84773477012168141,0.41504027546391881
0.87124807388413161,0.57955115238833421
0.88821730507947305,0.45714384495719629
0.90411271560200002,0.36431209621262639
0.91432725976390961,0.37966985090158423
0.28941091042152117,0.29197274225796971
0.42622336559197838,0.88854258599861047
0.47901462312069271,0.7925132255307199
0.5665452498883925,0.83628131183190135
0.66140611276014194,0.66192129030473568
0.72571846663092676,0.32422243683203722
0.76456782306173832,0.46959961538753731
0.802929227144489,0.49539921195645709
0.85044732313145532,0.41594416018222552
0.88294321621731142,0.339677655239424
0.88091362162194475,0.58135267650802247
0.90383632254168356,0.34929970509176012
0.93712121089118561,0.37436082725482372
0.95616090515696539,0.31892112848459597
0.97328578487837203,0.38578794336498912
0.98126980044683076,0.3506615861872438
1.004838065525735,0.31265383241141692
1.017654999014965,0.3318773608780477
1.027371624181509,0.31537950490067951
1.0353688384413822,0.34688047788917498
1.041253099037492,0.37097215739173361
1.0465807437532564,0.36128286466722909
1.0547573438075966,0.30120096144961211
1.0604164271300145,0.30455515558648061
1.0654472249306148,0.35918597633181443
1.0714434527042829,0.35768470193170848
1.0752391946204185,0.35755965139585938
1.0805297056563861,0.35344298088841858
1.0842733817746808,0.39723845699543842
1.0874808895756869,0.43686947185441272
1.0907824975901621,0.3813172476869085
1.0953348685679187,0.4008623826846881
1.0983495316524086,0.55462983391117548
1.0995880585956974,0.49428931139191201
1.1025782851831134,0.42359579623223509
1.104014906125584,0.54211224484303699
1.1057372983169995,0.60615755227664458
1.1081263975798603,0.65398040870209417
1.1104702621353302,0.6446796715701858
1.112477377656363,0.63952700040326049
1.1143721483747695,0.39255851634238981
1.1184766757274718,0.39994922350737322
1.1224514059832558,0.53153642300204273
1.125511773887155,0.44263708948293651
1.1265403696523009,0.34909855530597611
1.1274337224683779,0.39600629030405332
1.1288925268021597,0.55919860925817122
1.1303233820788741,0.31186737134626719
1.1318373329055362,0.3746571692319754
1.1338406877955056,0.37010870393027812
0.6787807732054848,0.28409474260796769
1.1148118155115911,0.42589249677650381
1.4996969058106293,0.30788175859612799
1.822720153529608,0.28551196708234777
2.0899708958114842,0.27168273386750091
2.2830960482233182,0.27580036017855369
2.41176965437137,0.25726317562479789
2.508727964738505,0.25912600850139011
2.6058384915103865,0.29516553491217801
2.6911906723102592,0.28219567455833611
2.7563452797101542,0.29580172137882688
2.8105421635382148,0.26854118066357341
2.8552799091933161,0.26284125125939489
2.8979539929432057,0.26313149300716698
2.9360965442206366,0.26554852497780518
2.9725570181098804,0.25557371259402428
3.0045193602663507,0.25946300897133512
3.0305322305423918,0.27918543542821461
3.0550842335943118,0.25961333693805999
3.0770420466992219,0.2708133201077641
3.0969261017429659,0.25828173058281922
3.1176243017659395,0.25777816404534448
3.1359806865596309,0.27543446924974191
3.1522079110420309,0.257667049778878
3.1682090294857419,0.2645726069514357
3.1826968286159563,0.25827524851939337
3.1952043847674441,0.25766925820566933
3.2074486019648814,0.25721510124638658
3.2198721073251098,0.25609790775948832
3.2316293115689305,0.26799567736211388
3.242590044665937,0.25675586446028198
3.2528876744234494,0.26288277983152392
3.2634999654989452,0.25788750667926419
3.2731174885191625,0.26578577640796219
3.2819946073156285,0.2654535013627341
3.2903763832005448,0.27755320265650341
3.2981237311020539,0.26254267996791608
3.3053869058749203,0.27549611156535603
3.3124281830543918,0.26654624277157329
3.3192354279072629,0.25801463248680911
3.325249893974461,0.2818721316327486
3.3317547938762222,0.25657468351304968
3.3373820366091409,0.25863229909283642
3.342995351814233,0.26549456452676068
3.3484551409186567,0.25715871066818091
3.3535779692494936,0.25279382008932638
3.3585469820668328,0.2545601020127411
3.363625060658582,0.26842141803204711
3.3681491766557641,0.26305938752291719
3.3724026341244602,0.26026709402105341
0.0001,0.34375
0.00028768489305259999,0.56250000000825084
0.00061841586315390001,0.63888888888888851
0.00077028141675030001,0.52341438863765843
0.0048478989794767001,0.57959758422457641
0.010400637799012701,0.54050852454901754
0.069145837837905497,0.58118533395747485
0.1774595509264198,0.4651392406576168
0.18286638196904129,0.6504957390059386
0.89355392050857929,0.63146228379163905
1.7130971434145623,0.53643944267359533
2.2967995105230115,0.3966559640123738
2.7345541416777102,0.32214412652147573
3.0085255532244188,0.2962588510492109
3.2682046529786453,0.2887800675592771
3.5497550102770448,0.2756901904648853
3.7563222613000153,0.26795689935073308
3.9821181121928206,0.25490197382060648
4.2332533549434608,0.26572345265010933
4.4319922333214361,0.27547001651504549
4.6645873335595773,0.2701843737836776
4.8848689744243385,0.26949247228724538
5.1091235552166196,0.25586998103109221
5.3095676776115672,0.26776695119017008
5.518223424508327,0.26618886670798791
5.7170260286317713,0.26236797246461752
5.910327202551235,0.25778810730131518
6.0862361690732438,0.25989510268900951
6.2541151326868221,0.25246258960351098
6.4208269007636591,0.26295749479028779
6.5878920740182476,0.2580580774985709
6.7480583721988658,0.2539127426572298
6.9060739488109668,0.2536346867990586
7.0547720704199079,0.25336753055702149
7.2074956421664931,0.25381874386987707
7.3486472912284473,0.25419499580547777
7.4809337370089439,0.25640613747127872
7.6028057560294844,0.25729905263322123
7.7238404309301583,0.25469374669396982
7.8564768182754428,0.26300618558674949
0.058067493402504403,0.25922214276383032
0.12225446402541169,0.36585329622628732
0.3114976706873312,0.40226672589299961
0.44506384445785452,0.34462555842961662
0.49110776758326891,0.40518132757881509
0.53475195148031507,0.49624672465308589
0.63642911892649145,0.3630301102120651
0.93652268498206959,0.4474685738071702
1.0668688413860841,0.49230007049828789
1.2695599311059194,0.3711939932724419
1.3250312120417174,0.3468178180108562
1.5246553966101271,0.33833011385426848
1.717543638881887,0.3084290550510298
1.9010362757125685,0.30273674906725301
2.0226325186376788,0.29558010457295369
2.1496495818633354,0.28888327189321039
2.2694655521380449,0.30909609684256761
2.3656871579339018,0.31054158679245009
2.4701911593800707,0.313792413763189
2.5742884435236459,0.3150296934452379
2.660413612421614,0.29183439720342669
2.7339790034126805,0.27836682449323491
2.7994354517539755,0.27834363534832202
2.8574712513778904,0.29102838317479951
2.9117467234036827,0.28757162176833301
2.961616240156125,0.287108303730992
3.0070635322109882,0.2839873293419265
3.0526394972306412,0.27487895750392199
3.091655548354725,0.27772889913368881
3.126091964583348,0.2691130785274114
3.1611927355991414,0.25699752022250238
3.1949526558674317,0.26647254439891022
3.2279732024168712,0.26473015475210399
3.2582245140567352,0.26169939939153808
3.2879662484072432,0.27670085610917688
3.3175686775908466,0.27163631376380959
3.3444864751764181,0.27467678192118178
3.3693998946033754,0.25930226469725398
3.3924689906721968,0.26621736313165217
3.4144755599056849,0.26441907654900748
3.437202441837381,0.2785536910821424
3.4578517195627878,0.25902691155960089
3.4771076144466546,0.25949792649319342
3.4946577101980898,0.26206737562811111
3.5122024705104526,0.26859367704288839
3.5290526473071164,0.26623714765055517
3.5458089471899639,0.25369355804093952
3.5624525314867288,0.26046538197723718
3.5786956926897053,0.2626301508693123
3.5949492819876463,0.26435331323905059
0.056244575416205297,0.27405341766735392
0.1063529382520948,0.2968773988331545
0.18514843983640569,0.37786470943078471
0.2189358059023557,0.37121802755177952
0.33754225099069068,0.65384230558133394
0.53419566941872576,0.57109709997078906
0.66483610096760204,0.46335817767828191
0.75911430412926417,0.54927208318940846
0.87979882083149663,0.50973452659084106
0.95549309985663677,0.52395208744574795
1.0712526999605985,0.51798432993768162
1.1460307452729681,0.3709619472747106
1.202096791754006,0.34369719910524099
1.2541306115997048,0.35658607489168848
1.2947015638001464,0.30042995847086051
1.3262443287292589,0.29718062620090691
1.3552622662394451,0.31192562335498347
1.3890954743273594,0.33518676390611718
1.4098887616387012,0.28337613773038711
1.4349339564370456,0.2873267040062904
1.4580846762933692,0.28238348410061448
1.4822338679687197,0.28523670569422699
1.5031925773827459,0.2736877368137362
1.5224663906040294,0.26544138131435963
1.5397023604078386,0.26560281909220668
1.5557324389653555,0.2733724464032708
1.571283300105947,0.27336434918079128
1.5875012819508876,0.26813578849629122
1.6004731620079653,0.27020857421572919
1.6125726757579448,0.28967231961035711
1.6244837473709293,0.25749690079744209
1.6357400212920179,0.26901628233981451
1.6463856493492997,0.26347132878155372
1.6563054315402588,0.2642809939205249
1.6659317567022009,0.25560849874063057
1.6753856001063698,0.27474414071741782
1.6842705034967369,0.27160449218946298
1.692585389008886,0.27509595022197397
1.7004344489372467,0.28616757564876738
1.707851021981265,0.2588653151077342
1.7153962887128071,0.26584417382104242
1.7227993246962676,0.2665190361362797
1.7295765383062085,0.26667405196078608
1.7361410029047015,0.27115195225266742
1.742191223020062,0.27153531315856561
1.7481026992595896,0.2619197252729476
1.7546090619194512,0.27626503717666812
1.7604814536661202,0.26057111035503028
1.7664388043797523,0.280122964509121
1.7722393484174963,0.27176781497314778
0.0328690166876092,0.2940717616464586
0.069227561470148302,0.57476718935962412
0.1812340546387072,0.4321164540475938
0.3214467315621638,0.3953088836052614
0.53603063833619025,0.40052780584358638
0.27766833681719449,0.61647349701098708
0.29791170249415638,0.57184401399692608
0.30412619319667622,0.55691659536656779
0.33195189083545662,0.5998040365612316
0.4867000422516547,0.55100352910934214
0.59622219429971479,0.49651423762451652
0.67112862452083022,0.48991284162443333
0.84878023973982397,0.73239753018163778
1.0161244595318932,0.55872127052774501
1.1787173413535219,0.49652220756486798
1.2705282722210971,0.4128925110051867
1.3298514430853356,0.41515366857439728
1.446844104255236,0.43726453807589821
1.5348892502740554,0.3746269785446793
1.5914804006720014,0.3425361384067101
1.6347293798469067,0.29961469842024352
1.6697573561116084,0.34601735489955932
1.701144551887638,0.32545949711421251
1.7313793098501531,0.3016022539148327
1.755447715375402,0.27638304416032372
1.7763166171565024,0.26622271202544062
1.8015738360069855,0.29144322247098908
1.825727608176285,0.2701478615464355
1.8507172459602883,0.29161282190447702
1.8723034246007413,0.26968094731177938
1.8902512373337224,0.27349833322357159
1.9061351137950999,0.25716823974216868
1.920726625722565,0.25906959472001451
1.938285362091448,0.28972748178183227
1.9547973868153377,0.2849666456409784
1.9673063502051384,0.26660717738244349
1.9807966327169488,0.28136492446422801
1.9939955151150173,0.26857727290028421
1.9980911587379035,0.27073957671976978
2.0120437616944962,0.27004786454063279
2.022880586814165,0.25771492270596869
2.0328637331191715,0.25765834248350289
2.0440996223853807,0.2674834971555497
2.0508045030297386,0.26296880781381721
2.0621187842891797,0.26738827187478093
2.0739611816117334,0.26298709084652672
2.0840837673954562,0.278802372643497
2.0933647401454043,0.26047272965759372
2.1025190648269958,0.26143371296672069
2.1119937084172187,0.27874523793705092
0.0120315654235741,0.30461344971256288
0.025772452155941501,0.71080050275370776
0.036058442930038702,0.72502728750629197
0.040956862589831201,0.70481109271877573
0.046353454057237002,0.64876838509438539
0.065124059822876501,0.61248318306925098
0.066648275639617199,0.71641438951358283
0.065440445593189595,0.70787420766000153
0.095174382355865894,0.67485980719466321
0.10029686114118259,0.52814138649893627
0.1188327164986256,0.60921879340315388
0.1484841369694026,0.63542270364645881
0.16739302901140471,0.64223403071164931
0.16775350745358791,0.68469907012573594
0.17472513755698649,0.6741637961718312
0.1941955921118613,0.68320234697138615
0.20681162662120059,0.66339803786307627
0.2168003991400535,0.66878219374676462
0.2220281019660558,0.70180908907125439
0.29212230683972462,0.59942744421409733
0.35618893674021301,0.64128043441971838
0.39228726754349769,0.61879475215218349
0.42731488425059672,0.65748900618426398
0.56248202861557794,0.8369432465897878
0.658448927119481,0.81985277006610746
0.7233868667692348,0.71721914304327639
0.7479426216358237,0.3986274346836618
0.75963937607022847,0.39339108708521098
0.76974801907998225,0.66157835015568978
0.7788975850020895,0.46533407350327349
0.78887582815756296,0.58270624714940655
0.79688271125451982,0.60949031380349272
0.81247715907318729,0.66969237917387203
0.82386824202123876,0.65476302591080926
0.8336390534226924,0.43056154562672522
0.097741467338160706,0.30401633344701118
0.15759835576786549,0.3940556091503381
0.25492139743218067,0.39174163445238869
0.3523444352938887,0.35088807899621799
0.3890235888486665,0.4013598654174268
0.40649200516248019,0.45921112691364491
0.48190684271195328,0.43723146919505301
0.5221313949840426,0.4598004081731964
0.53418129774011303,0.4193807766659694
0.60707521851237467,0.71675218592995082
0.65166853085834342,0.497640178998636
0.69391371087719578,0.4742099673070892
0.72104120250004522,0.49967412437634529
0.73653174309381786,0.43104417037554271
0.74510407083110253,0.42652789759109272
0.76922130097855623,0.5727609678629858
0.78371800430762806,0.52897749348770018
0.80006196757496029,0.51911825497415465
0.8100013762403715,0.40330024624694311
0.81939263548336871,0.30386603166512549
0.83054289162056161,0.48799354089725178
0.83984857863975337,0.49059120642051052
0.84820894037317318,0.47739871102369352
0.8548593004825995,0.41996306522152987
0.8604807746294354,0.35531416292157381
0.86540309121707959,0.2773704373098092
0.87024828682800059,0.29750633013439798
0.87488791757460727,0.33493579537622181
0.8804050082200422,0.41738389892384109
0.88513644412387893,0.32768300109548448
0.88956665241359767,0.34534215761925002
0.89366759918824157,0.40273823033091138
0.89747286156367501,0.41172556647417108
0.90076113754520315,0.30719893193760472
0.90375621037038245,0.32545354846599861
0.90690384165491622,0.27237260524028661
0.91007941404258441,0.35305557160229989
0.91298648390011961,0.27109202461380361
0.91742398034354544,0.48338692553653823
0.92023424724409142,0.26173674911691219
0.92286433700301684,0.28043340725417309
0.92532867085856563,0.3022579336900863
0.92763415251657322,0.26377359077329521
0.92991374650474756,0.30174223889325807
0.93204870059467737,0.29166120787827432
0.93398000770156997,0.30933413876119809
0.93590454699138603,0.3121797630817334
0.93791578357810002,0.31583499487630617
0.93971907828606838,0.28775530142784328
0.94155159195278559,0.27500451605348059
0.0001,0.28125
0.0001,0.46874999999007239
0.0001,0.51562500000000011
0.0001,0.50000000000000011
0.0001,0.56250000000000011
0.0001,0.484375
0.0001,0.56250000000000011
0.0001,0.57812500000000011
0.0001,0.54687500000000011
0.0119929104883474,0.74753773289277636
0.039155176273627801,0.56057191544009211
0.120517026825177,0.50965036855991597
0.22571322622673509,0.48541390390325778
0.44977049658913881,0.7740327726262457
0.63430553949675472,0.4632147684706176
0.035800848598445699,0.31171508566505418
0.072453827053852296,0.33078618874089422
0.18477562467892339,0.4883247961072662
0.3629677913990812,0.60040525515525356
0.48146988845216399,0.31812906457868573
0.57554139613434108,0.47579873739038631
0.68653901747273061,0.63955429861025592
0.77083832237903294,0.56236198817917749
0.86559204341466645,0.40081245889923017
0.94670963781552675,0.3009595535473738
1.0043460159280937,0.4633190282475686
1.0683240768478126,0.45268871813000627
1.1274326692925156,0.39293361667554549
1.1793197104826436,0.39535559201896781
1.2269730331836857,0.31750257780731589
1.2679686718948129,0.31168552720775372
1.3030667088785926,0.29683447773385507
1.3377735432104507,0.30138645947052889
1.3713546675651305,0.2844664445222912
1.4007465348688029,0.28115742147379158
1.4270947428271847,0.26745423177307648
0.0001,0.265625
4.0000000000000018,0.29557059471537023
23.999999999999972,0.25348095004824278
123.99999999999991,0.25097998536396993
623.99999999998192,0.25011057268484188
3124.0000000001269,0.25003001269012748
10000.000000000002,0.25000765115506912
10000.000000000002,0.2500100844744102
10000,0.25000635513403791
10000.000000000002,0.25000532529188441
10000.000000000002,0.2500053514931212
10000,0.25000500097470552
10000.000000000002,0.2500028352660848
10000.000000000002,0.25000368869755452
10000.000000000002,0.2500051320309527
10000.000000000002,0.25000515977266669
10000,0.25000550507353131
10000.000000000002,0.25000265295199892
10000,0.25000340553454709
10000.000000000002,0.25000112879652692
10000.000000000002,0.25000384387399488
10000.000000000002,0.2500027571075164
9999.9999999999964,0.2500021823749996
10000.000000000002,0.25000220727031519
10000.000000000002,0.25000169846287879
10000,0.2500033639568745
10000.000000000002,0.25000514161350978
0.1959470096610946,0.2765762007402694
0.3040926845452992,0.27118663512736702
0.3974521668244323,0.3674472205439262
0.44662497338898383,0.42647990598061841
0.57872380520494704,0.46354557908285438
0.67766671460750261,0.4966411932878052
0.77803657632861878,0.38661588797078961
0.85021990367709532,0.49890092004418241
0.91480168305037923,0.37481842352280209
0.95576095334857125,0.3778603606854733
0.99227808423227082,0.34818285575871621
1.0234576226418579,0.30578374451252999
1.0467886408642471,0.2805981397752505
1.0655532127826479,0.28709701979830249
1.084757231813916,0.27095727964178001
1.1020264392336303,0.27341243670854709
1.1162005068068153,0.25888837170982038
1.1303935432182579,0.29641740519925741
1.1433220379863172,0.34369066635050521
1.1555446456909595,0.292929032657615
1.1662991986326705,0.2802509801437944
1.1751653405452376,0.2642013602737403
1.1838840575879039,0.31298026752444769
1.1916074886417212,0.25758886465823178
1.1996856724540219,0.29977234929531671
1.2071439252188569,0.27780884148729479
1.2131823260407877,0.2758756482674391
1.2193317201473333,0.2592932858259549
1.2248632326478917,0.26645074156635368
1.2301675056731769,0.29158452570774318
1.2352767071049222,0.25832057307992051
1.2397566312209471,0.26651499377018162
1.2437275120370708,0.26423356000412529
1.2476529050875249,0.27968201834870748
1.2514626940146922,0.29748290254435078
1.2551435112011058,0.29640014485470101
1.2588912204930205,0.29514658367099661
1.2626749124895422,0.26608758773129848
1.2658428558338368,0.26223434892757469
1.2688191552225438,0.28238038127038267
1.2717050007896191,0.26935435252925871
1.2745358646854199,0.27585121440151111
1.2771978640699388,0.27641278219329157
1.2796186566238876,0.2977182113416571
1.2819385534135672,0.27450567661732239
1.2840848456717535,0.28229799279330908
1.2862032154076373,0.27057991095786482
1.288372532215633,0.2609136382719135
1.2903995280265943,0.27584277615017389
1.2923373446583586,0.25918740833248077
0.00047808326425410002,0.30468749999416289
0.0016151288647717999,0.69556698036196385
0.0062348542082106004,0.7498353123098449
0.0084595153236196007,0.74938390892041506
0.024493938904143302,0.71809509673277372
0.033953743886686601,0.83205744514197078
0.044142008917692897,0.76813159503299744
0.0479869592029658,0.6773894697160654
0.13057400363964339,0.85986177271704778
0.1807188811471831,0.72694554117232391
0.23613441451912609,0.67544092710770121
0.33132986702677131,0.7676369216880512
0.37513233232967641,0.73568302603749269
0.39413638540947771,0.5168765488125433
0.42594294758373241,0.72947275188694038
0.4463634746650651,0.69459065344570192
0.4647865335829735,0.66098808761177297
0.48035840555247672,0.6872836074979255
0.49184706435611347,0.6729838457457813
0.077979797545807999,0.33698325178295058
0.17164051351392159,0.28701495709061559
0.33711636465882988,0.434474942496202
0.48475987433166567,0.40665397719153551
0.60266264353860588,0.32791569178453039
0.66215115011152825,0.46521640911150508
0.69350217962220839,0.46184790765795819
0.71988568974273115,0.47865645650872868
0.77288649809121757,0.4804143186924178
0.83020938438620451,0.51588054808631878
0.90521806537830818,0.4679642954928353
0.97538261782265756,0.37910926166255099
1.0234551083615804,0.3562009999017538
1.0715234092226511,0.36904698959775228
1.113998245743272,0.39221437413469251
1.1475965324105857,0.3961112821226962
1.1746847872554995,0.31736050448244157
1.1959792845953947,0.36129473300427128
1.2162130730595146,0.33235811848452218
1.2363980214544523,0.28797256558850431
1.254427766520847,0.28407948985970399
1.2710807031654721,0.29283616978706761
1.2871341249714905,0.30288905496496787
1.3010881664241996,0.27892918867517269
1.3129817496648235,0.33664793940555049
0.45628563019300428,0.27189044465764128
0.73906680024273486,0.36792938616537468
0.88945420137590037,0.71831736341454033
0.97892059747961435,0.55820293696649814
1.0637134381624929,0.49150302594479278
1.1387878385096766,0.41282209559260141
1.1901810289368917,0.41870003793920668
1.2535812733157845,0.3200523325498601
1.2960194798387097,0.3541403508519162
1.3337205072099501,0.36042449230927248
1.3861230275914995,0.2623309692315241
1.4177958216165221,0.32406718819031588
1.4379294172320936,0.34785014902140621
1.4643162958039193,0.27487226396851372
1.4845372970566832,0.2972899853567737
1.5050148249731681,0.29341032428664521
1.5164167590346822,0.37717372938923283
1.5248118339464436,0.4083944908285802
1.5317176597910431,0.37922945175145839
1.5484906990905554,0.30115820534016469
1.5633498608106036,0.45809717621190688
1.5720814203131468,0.31486204190857781
1.5812112066389681,0.30949238129341072
1.5893821348664112,0.3397093479786783
1.5964561361822589,0.31826760270382948
1.6034977693537098,0.27701176179493342
1.6086126643949077,0.30907275531161488
1.6138014498025099,0.31235096171002491
1.6195077226244274,0.28054105186315648
1.6243244556989684,0.30723858074551658
1.6290839563704769,0.27921250312575391
1.6335957484130574,0.27471762769952279
1.635703895294649,0.39751851459379212
1.6403984798027924,0.31148283627367429
1.6460332919931695,0.31096974850700559
1.6512589640755888,0.31438704631858211
1.6559986730337506,0.37389885452953181
1.6585323449977738,0.38399566632559251
1.6644415180532326,0.43468784143212491
1.6673796811085833,0.33069139848423468
1.6708056172586891,0.34492508972715719
1.6737140496485017,0.30305126466806631
1.6763022221958268,0.28822876276639731
1.6786471101310476,0.26664159538162679
1.6811020324021879,0.2695591210918552
1.6832497187999105,0.3148461655441413
1.6851608231202109,0.31776317596522502
1.6870216219271903,0.31658283757956829
1.6888077013747984,0.28935326664467392
1.6906440037939126,0.29751751573338781
0.42986826856211741,0.3321978998876513
0.86025504063051583,0.4715419150923843
1.2742499096793938,0.3414487290603187
1.6882261740739699,0.35283749139349618
2.0079416236563392,0.40156503333802618
2.2668882222241682,0.31132237199775398
2.4714385972055357,0.26879106681258591
2.6584738147115412,0.28350262806844168
2.811334115810955,0.26251305227965921
2.9359023073898758,0.25745493754614579
3.0517147005437737,0.27472532792701981
3.140962438581469,0.27147406894607329
3.22651263278724,0.27518635929998708
3.3029295002219738,0.26149843267669881
3.3682909150212264,0.26759968694836289
3.431062262760161,0.26153004700278931
3.488775816779365,0.27868644210366511
3.542617737693659,0.26453335168137188
3.5923374208162464,0.26480284559921458
3.6379026196475701,0.26442061430403901
3.6843858458756449,0.27037707798712829
3.7238792052350869,0.26530052176782332
3.7600957570609679,0.28867989429130558
3.7936820306507451,0.25914274535091658
3.8265997011942039,0.26660753548346872
3.8574829259603489,0.25751808366389478
3.883874117203467,0.26366313984429263
3.9095882540092983,0.25852377187196318
3.9327045462170886,0.26179687159973131
3.9537832160972162,0.26267954023179818
3.9765182978695273,0.26026648032088429
3.997290885368904,0.2697222527289162
4.0164669917949158,0.25668798103350898
4.0342839019987426,0.2654719249303541
4.0508000776406519,0.27602741105007461
4.0669811964922404,0.2578405773224825
4.0837751322699081,0.27850179173503092
4.0988928782876668,0.26880795613692288
4.1128879741878954,0.2624097029414707
4.1260970969852817,0.27258241417375811
4.1391982544814567,0.2721000921374328
4.1532414183228372,0.2584381737545553
4.1655859024243922,0.26182795021096289
4.1769811208818783,0.25728539103805731
4.188000356531572,0.27905512806416349
4.1982502377470503,0.27189524840815588
4.2084046869908773,0.2628899152239822
4.2180702509252122,0.26128722240666469
4.2274687293789341,0.27043683092602488
4.236554735925246,0.26433930107032588
0.45739312223374601,0.28719742919188412
0.73355743740846713,0.51535839387115567
0.89287115944266604,0.51280725186683584
0.95862947673919285,0.61056554649283767
1.0393514180872521,0.4814719145887677
1.080691978415055,0.66068561621278576
1.1140752348355809,0.63604685220012491
1.2273210723076509,0.50828963755273726
1.3002306740369736,0.30575075220693998
1.3588490102584241,0.47590130346761822
1.4068005302816964,0.36876055323324231
1.4429568066760805,0.34349459244271219
1.4712583148659235,0.34980528120568311
1.4997811270637764,0.32383649918396218
1.5217277381628469,0.29707133586037793
1.5383860841463468,0.29929911212544691
1.5519749405072669,0.2870377914367811
1.5627141405654426,0.27737232380136623
1.5716915409650041,0.27978414693615122
1.5826901175779804,0.26448801286167078
1.5944975819426923,0.36634746772149179
1.601340002137108,0.29562223432574319
1.6097180361334282,0.27848684911549099
1.615916461046208,0.29624583393210441
1.6232918326880059,0.3531148743133446
1.6289919558391872,0.2830700432717817
1.6347780695887326,0.28259203149516571
1.6407160020812666,0.34893626883660012
1.6453558520406255,0.28034358387360059
1.6495172373158993,0.34506720154658538
1.6532902030634971,0.32328506832938181
1.6567053521832991,0.32019126192766612
1.660196321045843,0.32465959113778692
1.6636976751260382,0.29851065674793598
1.6664581331182615,0.28947075891891899
1.670042650687104,0.28641422172238029
1.672775811597039,0.28652214318990488
1.6756620343137585,0.36161700560897908
1.678296980341621,0.4053156446935488
1.6814559630829775,0.35260137760320009
1.6838978305301715,0.31357362790345039
1.6865358376290067,0.34942752888811979
1.6887411042249596,0.27888314375020817
1.6909113028353242,0.34654030189049051
1.6931765615465719,0.30420349457225171
1.6951927679472198,0.29863620430077498
1.6972295125438823,0.35082091493793949
1.6991071296939899,0.36527343157330489
1.700883841387496,0.3042171042010165
1.7027438595357602,0.35196834374518238
0.1770607768001613,0.26170453440515079
0.29586537996592288,0.39703915841798149
0.393790873113257,0.82883139615508039
0.44008038294349261,0.76316892689383453
0.5414779825770204,0.79936939294393972
0.60585230545513169,0.68205911760031757
0.65428150145878328,0.74915966825306246
0.6784406278602142,0.70098317165568558
0.69098254730990982,0.7071773782874311
0.69888045898156204,0.69225412947619813
0.70450230209404507,0.75735082735131498
0.70916804122982557,0.69171187093677555
0.7133903672885773,0.70212213653666111
0.71773178123739345,0.72913109615022664
0.72208273865979455,0.70263041277006077
0.72599241288727179,0.64361425460947042
0.74145984033141599,0.46771154403915077
0.76844259196247222,0.46399473520313528
0.78781519736947025,0.73963786272079801
0.79691996109221619,0.38100115842376803
0.80046385096265227,0.62500099433856071
0.80331326184754437,0.64380929480077775
0.80632610213982248,0.65802751950218685
0.80944734698552345,0.67060515500398277
0.82791639663954597,0.36616958998876509
0.8408979405828968,0.32634884380947221
0.84683969815170967,0.55103963412410328
0.84957026578279637,0.61776096634508104
0.85124337249509829,0.6763299920148208
0.85293505310159401,0.60590927031678399
0.85517936420722451,0.58623818968934727
0.85733759983823665,0.61323409006833229
0.85950312336659396,0.53819372587002756
0.86139606532950108,0.56031627785466931
0.8633111387898893,0.58150071451681096
0.86491727664908225,0.50226585223988407
0.86705842517927967,0.5374341996454769
0.8689079712090706,0.57736927992098575
0.87039917821142399,0.57922405748082195
0.87236869044621801,0.560808871900632
0.87431539888294441,0.56953309237458116
0.87536398428674411,0.56277425992074059
0.87664769200500459,0.54893671765455299
0.87816182346502747,0.53025772963292295
0.87889725502275884,0.57781919609942067
0.88068765517461089,0.55755136466901012
0.88260843703981817,0.52467741425796055
0.88886500409334956,0.37643491850354821
0.89634726493812589,0.37165373260551771
0.89952169481651134,0.45504093455748512
0.093904089578633096,0.25878245100165098
0.1676039297154798,0.75798608635786124
0.34756385358588499,0.47516528418454129
0.45831434563665879,0.72090977646463061
0.55538775216262248,0.59242785071918735
0.72285334397315715,0.38352087527302348
0.87829881588564662,0.59406165349746809
0.96409419784576855,0.54490644415063205
1.0767806021678268,0.51869655055798369
1.1422547364799955,0.39511440142252607
1.1624741555583868,0.48537651920342328
1.2440321340660081,0.35291199553489139
1.2996870720253519,0.42775017927978087
1.3652869503176419,0.30002471604758252
1.4129569684385279,0.34849308059619521
1.4528549696274025,0.3204135377508126
1.4926687288872371,0.28032845857586158
1.5256119162866271,0.28286006839175742
1.5519389336493572,0.3079173936737582
1.5766824586963482,0.29361387384691717
1.6311820843428595,0.40932798808629661
1.6564842398245188,0.38266171244945207
1.6783877979951292,0.37210140451308799
1.6985661163456438,0.319835406945843
1.7144378707696215,0.42297542012653888
1.7333846951831828,0.29058945826416821
1.7491210484215531,0.28451108440856632
1.7620880985536271,0.3388828372009049
1.7746768688541319,0.26729287112608358
1.7898923816541772,0.27967936658702691
1.8023025344722841,0.282807525124945
1.8151260456733955,0.2681854115233735
1.826223149986745,0.26768017862879978
1.837175965723912,0.27640076172451639
1.84598671308258,0.30989851038993821
1.8545120402736452,0.33550712487390277
1.8651302773895848,0.30521809777063608
1.8729014227656893,0.29067376143837259
1.8802295457695224,0.3341968608929049
1.8871158170292208,0.30312286533476468
1.8940938480308216,0.29072131478951801
1.9006842320212125,0.2910978237251472
1.907283240002112,0.2857509936833178
1.9135871924232803,0.26296811821078842
1.9192704097783024,0.27111638464748578
1.9256626140390272,0.27054502018279591
1.931805300185196,0.27137320044781749
1.9368608789125064,0.2753840570329294
1.9422386848443347,0.28429256637417449
1.947958752464384,0.29915839220452223
0.25079213029678149,0.30630287816630658
0.38983323934750708,0.35947759763291021
0.50185147448109058,0.36994694561886982
0.52863359636254681,0.71613925811077228
0.5477237428820414,0.77356031182051832
0.5549574365610056,0.83526486647261033
0.59384187788913756,0.64865693110854661
0.62440215871372995,0.3813479452361177
0.64909362183099284,0.31498103066094302
0.69076122916294702,0.30327220650546022
0.71931616103679064,0.36061600578246528
0.74991291840606289,0.40313700570645961
0.73608280170750495,0.33223076249296579
0.72984188212553069,0.75699415822553973
0.73451284978866327,0.75596940058672768
0.73815333780332093,0.7337097084909181
0.74058958233620498,0.70689828342661276
0.74985335784213358,0.48719952487487661
0.75134674816285085,0.73684529050656788
0.76007788580646618,0.7044352268514541
0.76491050610029476,0.71225503267364654
0.76942087497414791,0.69106634833821357
0.76992415114252166,0.70644443958150949
0.77208878974357664,0.7183346046428517
0.80354982547645915,0.59011486409963076
0.8271521494187809,0.73679957885216674
0.84465423615517599,0.62887193792244478
0.87478375496098537,0.57333900579131902
0.89162876342288011,0.70775926147194468
0.90214583960130601,0.6413384515158842
0.90955511924900601,0.58108266470045877
0.91557706308367637,0.38869153360518538
0.92096821939537277,0.53491008239207316
0.92227299404006757,0.58479465667306529
0.92363196710161222,0.64841921049731743
0.9244325146118656,0.66135260935680518
0.92484231094156744,0.67774968071855757
0.92766362428307081,0.63964683212009188
0.93058269442906882,0.60963011716702131
0.93200592845795915,0.60463108595075576
0.93336904677434362,0.68539281020410603
0.93447729490678799,0.66591084497295572
0.93781816251879357,0.65980924608541536
0.94079981444705063,0.6645662838379548
0.94343063486355683,0.52378872001025401
0.0001,0.33595414566626491
0.0001,0.484375
0.0001,0.375
0.0001,0.4609375
0.072039515375421095,0.41500295443620988
4.3502822023246281,0.34483526269078019
25.750850902840668,0.26220878703097661
132.75448861978791,0.25199694441150799
667.77591656946663,0.2504024192548806
3342.8652723529158,0.25007765555502931
10000.000000000002,0.25002705723494167
10000.000000000002,0.25002662466677938
10000.000000000002,0.25002165007520599
10000.000000000002,0.2500178413297674
10000.000000000002,0.25001993455571592
10000.000000000002,0.25002016123541559
10000.000000000002,0.25001340680435979
10000.000000000002,0.25001126540827689
10000.000000000002,0.2500107637252309
10000.000000000002,0.25001545257825469
10000.000000000002,0.25000969188358729
10000.000000000002,0.25000723283603471
10000.000000000002,0.2500066727838407
10000.000000000002,0.25001109437145219
10000.000000000002,0.25000728744820228
10000.000000000002,0.25000680362858291
10000.000000000002,0.25001206530805081
10000.000000000002,0.2500086754223162
10000.000000000002,0.25000786192606272
10000.000000000002,0.25000539553069728
10000.000000000002,0.25000566277833908
10000.000000000002,0.25000821058336581
10000.000000000002,0.25000525974534737
10000.000000000002,0.25000804666621063
10000.000000000002,0.2500025418586137
10000.000000000002,0.2500035168281578
10000.000000000002,0.25000525880156049
10000.000000000002,0.2500055860045709
10000.000000000002,0.25000744373751882
10000.000000000002,0.25000506389309468
10000.000000000002,0.2500037425465334
10000.000000000002,0.25000232812864109
10000.000000000002,0.25000239145372771
10000.000000000002,0.2500062413997442
10000.000000000002,0.25000269154132032
10000.000000000002,0.2500038690889867
10000.000000000002,0.25000176000197438
10000.000000000002,0.25000544743540049
10000.000000000002,0.25000408186427009
10000.000000000002,0.25000935369078009
0.19163080910272209,0.26926973234764728
0.32123949108578981,0.48448353085257612
0.41635299413577498,0.51214683877402312
0.4747838834722668,0.77595355929697452
0.5130640246047895,0.41941812014414731
0.55046230757023484,0.48160386254663828
0.60486159271963713,0.40005126825708009
0.65939232901471045,0.36455048280708768
0.68261754170285571,0.49843176958935331
0.73132449252325138,0.35498912247933367
0.71202842362858387,0.67757440424475301
0.75001975423745826,0.4375619180299602
0.77290610037581209,0.3177917326910959
0.78632215012962325,0.62999687230636126
0.80546627971397466,0.50868017541153498
0.82721676480844386,0.4184889828121911
0.81735478469453393,0.76891339554206739
0.84199256861714078,0.48203809969900019
0.86292937780555812,0.56266885192643634
0.874686862187533,0.63135071294189227
0.88246164358202217,0.35149502417022621
0.88660721491752947,0.63437741645019885
0.89087711077823184,0.63071728492513934
0.89495061311318214,0.55879478370716695
0.89482562988204561,0.7147419001087808
0.89596123087995228,0.70825297750188032
0.90640253220256484,0.4374338497713719
0.91906261819194679,0.71566304206973863
0.92708833795386658,0.7364010494746277
0.93323241908354682,0.65477563969557862
0.93630005712222242,0.66553285264456663
0.93969219480541,0.62126446907702071
0.94221012617235156,0.72049439427152484
0.94426935370704101,0.69073245706199615
0.94647752244040639,0.56414894145398331
0.94940992785103362,0.37311763759060301
0.95213466391132517,0.31481693828083268
0.28153717359190927,0.32744410441252131
0.44765744404660579,0.60624395503930295
0.61294386751547214,0.54239636726494089
0.77442460992854456,0.40638786774096941
0.95845777571758339,0.3253989431923644
1.1639127494137853,0.48106554448105232
1.213219256504527,0.3079957708563319
1.3114351467096317,0.3044139790228137
1.3935414052300057,0.31595723520054209
1.4581916768009324,0.32259628550706171
1.5189905414702656,0.30130064268319978
1.5678274258841034,0.30252029997167063
1.6076745686475569,0.29788823390956659
1.642236178957615,0.29347003768623797
1.6721066473082065,0.2844398656754214
1.6979756486894535,0.27653346280004609
1.7242172507461122,0.29069895448616229
1.7481887993890477,0.26461343531135623
1.7662103226388264,0.29386327846492649
1.7844153190959011,0.25803156916174858
1.8033428576027917,0.26749492174051032
1.8168237610721929,0.31511168067651191
1.8343271880133352,0.29938599916298408
1.8479740016215609,0.28604268990903109
1.8618017729235212,0.3428109541206168
1.8736502729630085,0.27446724165515229
1.8843204770140372,0.28307075571920032
1.8941570294450161,0.27051726228990108
1.9031815176343769,0.29055349556828719
1.9119373533568671,0.27200045707764059
1.9202967954590191,0.31250479351826688
1.928454948657788,0.28933394107226429
1.9360218857014255,0.25661710489868012
1.9431956346524517,0.32831411543836991
1.950602897720412,0.27403753693704169
1.9588377010988969,0.37565720592653462
1.964997185787047,0.35808684401884949
1.9706290250334439,0.25511219786328371
1.9755470104151056,0.33233270579926738
1.9806057078384771,0.25447691347695151
1.9858071138821456,0.27962951169196121
1.9906446536131761,0.25667691748411448
1.9951620964248395,0.30498719509249911
1.9995201556714828,0.27081351815643839
2.0041706902752319,0.2704707555416776
2.0083761861308309,0.28079447187223328
2.0126327513202691,0.27738030542955211
2.0165497290201868,0.2637230837919094
2.0203299081174082,0.2753888140982928
2.024158700814902,0.27113846848871559
0.26440288754169339,0.30867284196178668
0.41650911025880288,0.63859911291615312
0.5198459711225587,0.69608707054294938
0.64426647904461953,0.59603216400603254
0.67755641219636487,0.57590047468397632
0.71972135924473524,0.54024798024002385
0.78342973896835943,0.46507612148329641
0.8841922287358881,0.29452813299414121
0.97121695994987001,0.31159860032419928
1.0303417429577704,0.29752042905376253
1.0700733149409709,0.40228082614038779
1.1121067658856276,0.2883548962734101
1.1462832917393544,0.37476436002401131
1.1731246557337072,0.34218474859298847
1.1930233414793181,0.3278692451994063
1.2091654048442506,0.34518605843278
1.2212408731231124,0.32228786813645749
1.2335714396238149,0.3135066927714017
1.2446425776058745,0.29868667705383589
1.2553739555780452,0.26751731812311419
1.2642717668525256,0.2981666363823578
1.2727955561563118,0.30509265074827002
1.2795830367038792,0.34376360652886079
1.2854635844538274,0.34248748158256542
1.2921855336505694,0.26939098672933531
1.3002527484058213,0.26975189624049017
1.3073340741739965,0.3001376797175711
1.3131020972212051,0.322312736465107
1.3176840526672562,0.35728540750969551
1.3224566680439025,0.37152266479569368
1.3268875513474321,0.31110153404910063
1.3350948211787863,0.31839303340708369
1.341420799770213,0.30333491991781902
1.3453842212344804,0.29811818999882128
1.3499282408141875,0.26505534776006312
1.3539212086170282,0.42328718109232472
1.3579142539296347,0.27753966764521298
1.3607337705162543,0.28742540643119607
1.3617854736820829,0.44956283753250059
1.3654207004108088,0.32215450263276307
1.3694482198876949,0.3303468435868262
1.372642838265282,0.2891728170373411
1.3752422735491672,0.31870319656894258
1.3775519108250935,0.32073152915844338
1.382422162760212,0.48048824674913732
1.3848995500059755,0.29599459149444601
1.3870213028835732,0.29770059544191479
1.3889061514901728,0.30999835228004208
1.3908383717031612,0.29551010791151489
1.3926493350414777,0.3259602366334442
0.1199789506569205,0.27952876868536009
0.22119718683636799,0.39529315697063883
0.26322286768903008,0.89542364264399754
0.28578415201717378,0.82909209723691113
0.29674426650860408,0.89121829714396805
0.33476980959834379,0.6565956794671628
0.4363636664601111,0.63562943779346925
0.48134855080354672,0.66663679408880183
0.52315230290303805,0.58209255532934812
0.56248378320234682,0.49923980882926222
0.57027572701852236,0.47664213358320578
0.59626175722591479,0.5146535099930194
0.62863133752113276,0.48388582145638492
0.64421457599558041,0.39109546701646353
0.66469630571085392,0.51094869434782586
0.67765681295355451,0.42277307751016008
0.67895801553936175,0.77257061419413053
0.68177478250796508,0.82122255169005043
0.68115378887265221,0.77200748861436375
0.71019412483540201,0.77817754545854234
0.7400891081415415,0.81541967801677284
0.76027437958012789,0.76895081662209785
0.80863377062985231,0.52791439804478901
0.85762936215570562,0.74058569312832756
0.88266778594662498,0.81209453339563142
0.89847402390480691,0.5936890931755503
0.90847526305506821,0.67231156127782776
0.91396491592609685,0.33324629373589892
0.92268014071499238,0.68870775262654482
0.92907996394282399,0.38406546163133171
0.93322338446305564,0.44437804391453339
0.93686623512012124,0.3866818557051942
0.94076446978883477,0.30615223039839851
0.94663729206402758,0.58397068956543319
0.94995837715879361,0.56488023377294327
0.95133047945271376,0.72157962720863911
0.0001,0.28912880177439598
0.0001,0.265625
0.0092854393536959002,0.38786312082347452
0.1085400610037629,0.37230076088412811
4.4895232197680368,0.35868269220417243
26.424982397568229,0.26609234250474961
136.11029120289692,0.25281622049440361
684.5508160371902,0.25057190186731521
3426.015606693069,0.25010021333186189
10000.000000000002,0.2500344683772579
10000.000000000002,0.25003280325073768
10000.000000000002,0.25002882693764822
10000.000000000002,0.25002726009657339
10000.000000000002,0.25002114589917479
10000.000000000004,0.25002210673981262
10000.000000000002,0.2500187773604059
10000.000000000002,0.25001922656743691
10000.000000000002,0.2500187150315426
10000.000000000002,0.25001264228206488
10000,0.25001653044013478
10000.000000000002,0.25001287172362102
10000,0.25001744424361111
10000.000000000002,0.25000972535060079
10000.000000000002,0.2500066268302647
10000.000000000002,0.25001001312777771
10000,0.25000879368836521
10000.000000000002,0.25001424807565148
9999.9999999999982,0.25001178977147209
10000.000000000002,0.25000858611020588
10000.000000000002,0.25000872662966162
10000.000000000002,0.25000789671676282
10000.000000000002,0.25000440755416747
10000,0.25000785149569099
10000.000000000002,0.25000627415629711
10000.000000000002,0.25000798721452949
10000.000000000002,0.2500031359172129
10000.000000000004,0.25000338960390861
10000.000000000002,0.25000320351329619
10000,0.25000131197534481
10000.000000000002,0.25000869746163651
10000.000000000002,0.25000290176712958
10000,0.2500071325848397
10000.000000000002,0.25000284957688729
10000,0.25000554332724417
10000.000000000002,0.25000315413938712
10000,0.2500046535056531
10000.000000000002,0.25000249493220172
10000,0.2500028622487942
10000.000000000002,0.25000230557906228
10000.000000000002,0.25000247064980419
0.26186743988025152,0.2659334415376311
0.62532820265795808,0.36353096117792422
1.079848072488286,0.49051495671501522
2.0993457085196878,0.34280750778247687
2.7497298630008693,0.34152224505326478
3.3137480089861411,0.30824462482391868
3.7962475231586912,0.28433003138405838
4.231307507178256,0.26743817945852338
4.5874956253539638,0.25591063932389918
4.9141945629996924,0.2661113926203168
5.2103174694073244,0.25789097309219122
5.4806533540710607,0.25324385548093059
5.7214600296601184,0.26855838703578128
5.9446111396882166,0.25523890721313208
6.143218705931428,0.25750159268570261
6.3266822179522242,0.2592217849750425
6.4906157942941132,0.25362810117633622
6.6466074027176614,0.25746648737936911
6.7915305571463431,0.2570448262260977
6.9271369802852014,0.2525841833816711
7.0506643203320047,0.25550747664539009
7.1656246588137815,0.25526179212029088
7.2740956540656292,0.2597584748442428
7.3763717588490447,0.25488417171277539
7.4728082267605149,0.25426833424371059
7.560742713218497,0.25767622423446129
7.645069436149293,0.25860601934728999
7.7250611071109052,0.25537838259633439
7.7995988649064083,0.25637014905367139
7.8717339047892203,0.25403004697552262
7.9400920625174596,0.25238818348230752
8.0045865849324684,0.25260242178594738
8.0658149104357015,0.25505975300652611
8.1239552710662046,0.2547447549829206
8.1795974041090389,0.25179381171371668
8.2325539136657326,0.2524147979775474
8.2835727878641237,0.25247460324006821
8.3329952938682723,0.25841725034487112
8.3802926134304236,0.25261305549571877
8.4250373378421983,0.25189173931314468
8.46829909015689,0.25261467645449392
8.5098770052740011,0.25659757581278431
8.551215065550176,0.253178924762962
8.5902089975818257,0.2577709545746984
8.6277984216846804,0.25671481036394128
8.6646587062933289,0.25278097511191489
8.6992793061555069,0.25121306521885639
8.7328826652092442,0.25646338593119228
8.7651324741498655,0.25636504053704717
8.7971641902021851,0.25464593201278851
0.15783256801871429,0.29809780335318548
0.30736945711551023,0.31159988514819631
0.43732480724651229,0.43736296212021958
0.576451292184605,0.33432152106661461
0.74681285215850535,0.4889825930272122
0.82985988223514817,0.42356260551262881
0.91077773285877195,0.47783731188832701
0.96687736494463739,0.37807243984442229
1.0256085194471656,0.2816746177351393
1.0744406814245122,0.30858176758904649
1.1150190281824954,0.28372474891037552
1.1528918691383616,0.3076404674116181
1.1890817338452138,0.2754909113766445
1.2192053918278698,0.28641172088927519
1.2467927016200258,0.31238351298802031
1.2702535412482976,0.27662418662992622
1.2893132370791642,0.38563348813842241
1.3077693233206509,0.27107508124944268
1.3256185652051315,0.30086755374425728
1.3412930051400178,0.27230651811047818
1.3562967235985399,0.2827697605380774
1.3692349492846738,0.2665605083720945
1.3809263152286126,0.2907308683345719
1.3940346066051506,0.35716945619387752
1.4048984529603126,0.29876985226193342
1.415209194482951,0.27718185118672511
1.4244648537974616,0.2913157672956499
1.4332122543348735,0.26496794561144882
1.4413849843934192,0.26421589616291991
1.4489384914710404,0.26359323379425881
1.4560359536128555,0.28307613588447228
1.4629785057470026,0.27517932229737879
1.4696987478671022,0.42662802925225718
1.4754613477492646,0.3192890606421187
1.4809982881147694,0.27940023470501341
1.4862532304109135,0.2799747642463179
1.4912588526764989,0.2774174624386132
1.4958819096890803,0.27889215985238192
1.5002651441588584,0.3166641814017146
1.5046056132672856,0.28778490127309919
1.5087895384877863,0.27111896561497512
1.5127821269438844,0.2616355036617195
1.5169589098161556,0.30775383343563201
1.5207014869132591,0.3152575129661816
1.5241363520901436,0.26734197296508982
1.5275710698282139,0.26999399520726608
1.5309722561753336,0.26831582701558182
1.5339772050622802,0.27029611565507988
1.5371210337565504,0.2675711355511799
1.5400482119572518,0.3094440037222671
0.18344648602440641,0.28566718313252071
0.3212584371586672,0.65837127224097669
0.50091437318326737,0.57310321656652974
0.75593914922694894,0.35983923197956219
0.952448007359606,0.35017081462554289
1.1064347132118431,0.44101211563616599
1.209453356139488,0.4802823123642177
1.3787319611965734,0.34139359376021328
1.5317573950100649,0.29839991848824687
1.6415116451356109,0.29182508989560368
1.7356283215250976,0.27133477159716479
1.8175399143921889,0.31312897626353681
1.8789915700017965,0.27331209039416388
1.93710414164852,0.28579934557931702
1.9915464324802388,0.27218425130896462
2.029038127572119,0.27613254141196419
2.1041959758248359,0.28712814323850577
2.1569348640923485,0.30971921854321988
2.1989966462176374,0.31903752185741741
2.2348916162182739,0.25960842136507928
2.2673316640073851,0.26275974912062949
2.2917404087423074,0.28068854968364237
2.31606990173047,0.27235163498160908
2.339609362284286,0.27638188232150701
2.3621849442539933,0.26164476623059651
2.3828142017917475,0.26544305488695591
2.4015604688196275,0.26087984317580032
2.4173123598825805,0.26235294355542871
2.4370115847261871,0.28234096028522582
2.4560753079674602,0.25591993406894081
2.4717292810949263,0.26265789505220022
2.4863214105533853,0.26025996515015842
2.5001206168671248,0.28592939857168681
2.5130678368255275,0.28756192436259248
2.5249867606613474,0.26692989789559551
2.5364682837222823,0.2811504687148571
0.076821542808987495,0.26776507859809789
0.15304203554064391,0.59065405370033552
0.34496619427027031,0.50329932399254274
0.55907938400871648,0.3468956408422062
0.54724004004763849,0.59105794190616956
0.58118102946074068,0.5639270840771855
0.67151330462946368,0.57056606306263924
0.82441617222291497,0.51811015879954558
1.101117825499248,0.42523829227626048
1.278969435066694,0.33510094856971762
1.4218107479803357,0.32211115273499819
1.4836237825643883,0.34553932356769068
1.6177979231838315,0.32723089394136667
1.7679482431713207,0.2716426853324525
1.8851601862142415,0.26535026198150141
1.9954502121817013,0.27054799910777039
2.0876223180800904,0.27435691085241137
2.1678408743439102,0.27979129149842102
2.2368109744917501,0.29539113313982329
0.36267044566809081,0.27332572928410359
0.77012272242447766,0.35434470186243988
0.97026858920282355,0.77618141445174516
1.2342028836175336,0.44466113819530478
1.5015897116053012,0.404582662338271
2.1720889178457181,0.34894751191864398
2.6099338977589861,0.28461579060559322
2.9130124527101242,0.26201670403575561
3.1884502271942932,0.25660342469503189
3.417798157431593,0.25837840170557869
3.5903966238739029,0.25076845585971702
3.7741455041987302,0.25688354406895691
3.9285711277900548,0.2583090990373772
4.0750792858607046,0.25948624114939889
4.2108566682286463,0.25989385833396172
4.3301401244189837,0.26017039672745629
4.4295070733121964,0.25621299740664638
4.5276604205943558,0.2611612367948481
4.6212639715212775,0.25362645045610738
4.7025550418611051,0.25733778851240519
0.018365879813323799,0.2809084692196997
0.0522158756100971,0.35730560937012251
0.105774590127833,0.4088601180399602
0.14557128218965229,0.55790550499464031
0.15508475164403809,0.66609223402562312
0.15678634695808599,0.66958059017902227
0.15930153736110511,0.65261221025658966
0.1591490127491087,0.63971273170335219
0.16026324042835921,0.66139197856697896
0.2533082448191406,0.55848692798338861
0.31457972251058941,0.54583447584860745
0.35541885401502171,0.59785058978075611
0.45510836399592591,0.74694041812031309
0.53275042500649361,0.61900324863680078
0.57553234089822003,0.47543224589672067
0.59009252623152952,0.56426170360031347
0.6055537453998181,0.60323129709470591
0.65063616543554326,0.65496580021736217
0.68436259550353373,0.64042016485444042
0.70668417616794676,0.53706010046924446
0.075885800188346494,0.30609711568609349
0.12728213500710589,0.45788595500965301
0.2415875768283953,0.44969253948480808
0.31586217560982949,0.42676254637737843
0.3649384441853179,0.51960963464233734
0.44239210324713402,0.39215101874852559
0.54880365355310134,0.83454723917242613
0.62583256995940373,0.47537028145147919
0.66631582137749623,0.49152951638972892
0.69286270155685004,0.38896031079890508
0.70878938404454661,0.44094108874640198
0.72753773953441381,0.29275593871635819
0.74843573730449497,0.30660531666831731
0.75363200823164034,0.41642317468036039
0.76094775630209721,0.40395716470390108
0.76484891608589523,0.48134836293740818
0.77855012028958714,0.32651501483959883
0.79381046213967177,0.39667294739811898
0.80469176961965361,0.43385993114440979
0.81870126111211661,0.35826041562844357
0.83070767369418597,0.3281521352986897
0.84235452539601119,0.31390991951831843
0.84944638531046979,0.39244634109394722
0.85910423614592379,0.37716496800793031
0.87005904351138363,0.36400227033770122
0.87783834060001853,0.31147688697425502
0.88422276110924525,0.286003539152278
0.89187830269658552,0.4699703761390242
0.89898789942258051,0.47675971498510028
0.9059788771280366,0.37305271384408012
0.91250179088980599,0.31112044353405122
0.91776028843849322,0.26692790990153509
0.922124507132,0.3596841020256995
0.92613230811397995,0.30818331630092449
0.92993225308397964,0.3597235980504932
0.93407975658706077,0.35908313415790127
0.93527847443777645,0.46102994194125541
0.93741001900742704,0.377128977459043
0.93968662217867605,0.38052183938171741
0.94291212199537655,0.38475381113267659
0.9464027021387964,0.35754304182713359
0.94970845652469682,0.28741528388712401
0.95264344537435264,0.2875943301479002
0.95550661434032502,0.33343601384999971
0.95858213708869644,0.27987592788041699
0.96154407191551983,0.31164828108914239
0.96403165100714439,0.3284471398642157
0.96594882882691202,0.31919473959378208
0.96877907031780475,0.29719201684170138
0.97095978249277859,0.36184879762965932
0.062498319736354703,0.32009452293250351
0.13014868077911429,0.28960972817949571
0.19628578584498449,0.50397786860169647
0.27090765466395428,0.54917263619946144
0.33597471720797661,0.51833351244264381
0.3496058159617621,0.55436793176811527
0.39339988130918158,0.55134566507710303
0.4050246267259211,0.49369327158811338
0.42364902231007501,0.50380565513407827
0.51502479735391993,0.70252103035245328
0.58062793664462831,0.54828082455864025
0.61583530614394244,0.5150286153924114
0.65140793191414337,0.44626662234878778
0.66632909671205554,0.4308336764598949
0.67441415055745391,0.46606146770538048
0.67965152553827679,0.50217402144172274
0.70157517027205496,0.66148131546117095
0.72512250251376142,0.58491589045580783
0.74267283558415631,0.52953128667642435
0.75925905813605055,0.32702151071984631
0.76874919728053936,0.53885928590266152
0.77747061097728287,0.49985211545313979
0.78610105340073422,0.32155428189849472
0.79361117033053141,0.33666565146376898
0.7974533211988637,0.4979068397464913
0.80928502061262653,0.60704805897049074
0.81845216875875437,0.56429490311924702
0.82665792446249997,0.32165793216225452
0.83169315983843273,0.41472743842146348
0.83451903213711043,0.47480261622988079
0.83714711604145242,0.44133611183878019
0.83988764761225143,0.36225549586130462
0.84160295036741206,0.3792899306233401
0.84393604343005291,0.33705985641204411
0.84832887287142356,0.37496230314058049
0.85210863208008436,0.486952402979274
0.85555141131375834,0.50621169023170731
0.85832385554419521,0.46893465665631701
0.86281233839112426,0.4608514973743012
0.86784757685278135,0.48347502416432447
0.87330466513295724,0.50065015908632726
0.87906958510252853,0.4935374407647809
0.88473464555193426,0.44237099398492141
0.88792823289096401,0.3405489330109413
0.89099146601581258,0.27302701994785039
0.89114881056085626,0.49335826764482538
0.89349452524310657,0.46775031520396382
0.89574725995074811,0.42633332002145707
0.89789463612830356,0.30670557819808758
0.90067225194742384,0.36135248435255579
0.024969479029046799,0.29190164107760502
0.059381254884408097,0.43663805923826993
0.076167643853619502,0.75647946198876248
0.080073180193135501,0.77966816158008856
0.090308164097174001,0.65576763220068746
0.1073028730169816,0.72431240051979773
0.1344155217999938,0.80085176516671042
0.1452193329829293,0.7785529715449554
0.15045293170543991,0.66178983653166024
0.22920361054719329,0.63592618029613923
0.2903958426898689,0.70733903346278315
0.31644505952349228,0.70840437867738004
0.4988213996193312,0.7960971669330601
0.59940384616425446,0.82059003447324552
0.64859270732643526,0.74255882125090267
0.67535226521432512,0.64512453696434402
0.69209232010222677,0.36038482461327881
0.70599481994249569,0.44440869861979732
0.71709366057487556,0.54484745497363607
0.72599572424771752,0.4736894195080848
0.73180639056997443,0.57754506174095632
0.73693959582582336,0.53097196200961594
0.075809850784921001,0.28721038426696621
0.1515146978311448,0.3380598817193195
0.25758498471841718,0.56883575793292696
0.4376490684360716,0.83531605176153745
0.68716185242186312,0.3516174901304705
0.85923971682862055,0.3539137346863116
1.005303218310071,0.30580854384909278
1.1473739629727997,0.30924758192697899
1.2681267450917899,0.28278808080658008
1.3691638049452151,0.27055180908400828
1.4746489279046768,0.28218435347712328
1.5464780185041289,0.2900453866913078
1.6125110162041505,0.28190052339279309
1.6844837414364746,0.28605860722781051
1.74622829132751,0.29575550791410871
1.8019147685501911,0.26879583210464603
1.8476221097065528,0.26564677799533171
1.8905242399884796,0.28109379837298532
1.9336943266788005,0.26783530217300788
1.968664825482183,0.27845257638231119
2.0067194050502177,0.27400543896179619
2.0369872506116922,0.2846320459458524
2.0635110536241914,0.26443962683906769
2.091795789255221,0.25528873169856198
2.1175968791290423,0.26847018227748692
2.1413176279502397,0.2724814127129217
2.165837479081874,0.25451256621699309
2.1907620885750578,0.2605686127984771
2.2135880563673669,0.26722711132635663
2.233894781656518,0.26221571927383708
2.253001169289321,0.26474116047027851
2.270783129403021,0.26096261924316888
2.2872771597999062,0.26545741239698128
2.3030423206714858,0.25606124987694118
2.3178760592091061,0.27244352725124837
2.3326077238710701,0.2640599470413702
2.3488881306335925,0.2625770797499371
2.3614841193716729,0.26991516290514989
2.3735635526016865,0.25705748170248161
2.3857294680698189,0.26523559719862699
2.3974691894167943,0.26141395867872808
2.4091369156529572,0.26280281512609199
2.4201854738722188,0.26237984820168281
2.4311131393689918,0.26213199501925472
2.4412911066774723,0.28831402323864508
2.451117092368754,0.2601928682454181
2.4601215564100558,0.25889754805270732
2.4691266576635416,0.26656390929521878
2.4780280701123418,0.26618120369272491
0.0066252559370747,0.29631719973453341
0.015526498898324701,0.72036330305327367
0.0213081628823499,0.70240235460387324
0.023981820283052999,0.81655985770073825
0.046762836845848303,0.72855427349547752
0.063929709068108895,0.67332805877352597
0.1257983013812515,0.71884655505800832
0.15867329235278321,0.76484291326229192
0.18954712828872489,0.75389327152555818
0.35768521332679809,0.90931474196443818
0.4623140105766857,0.85234331810824471
0.52056060650750313,0.44748883674074641
0.54569291560579469,0.5448914774480027
0.56481113796626881,0.62613229178694141
0.57995379821815241,0.58799255859022981
0.58861714744633775,0.65789924648665288
0.59874129971467172,0.59174349887986488
0.60100678488446113,0.62920534745458323
0.62164857147803665,0.66596584980914253
0.62883731052463276,0.3875108985721849
0.63779035625320468,0.6609128418219008
0.64619814626223471,0.71829595011320946
0.66055315117836588,0.66811394122661094
0.67143896574730144,0.67415757950269595
0.68117731811082272,0.63211744687719806
0.6837357605063541,0.61601951229008678
0.69430287209090036,0.33578874364858902
0.70791691217771302,0.62658361687228914
0.72735508162649187,0.48237330288795183
0.74233358929644533,0.58945955636189185
0.75512434197890832,0.41354874245831308
0.76371774257633607,0.45553660322594669
0.76591324429334173,0.58285925388006032
0.77731609073243735,0.40956634455970331
0.78298492920294338,0.42771387070814693
0.78741266771345031,0.4693724310676326
0.80127549002990039,0.29951034217456418
0.81909055055128732,0.3504331901981248
0.82581341670742903,0.30750433557856349
0.83361069992120429,0.30909449427565289
0.8445346207305916,0.34955999197097509
0.84607613127658921,0.31458360220176779
0.85143581070510099,0.30758288936380102
0.85933425677782682,0.3383491924491317
0.86395342862243396,0.3551258078088142
0.8686890064732633,0.29735339536165423
0.87300668429500239,0.26174802140537567
0.88089870535347359,0.2998409299277065
0.8842792677080793,0.34737944920833119
0.88915022918606545,0.31498605829299209
0.23120087370354009,0.27319731335985459
0.40464760087153201,0.61837539665986774
0.60459507882761587,0.417620626244944
0.89790484805687543,0.3643740529476332
1.1302014908242779,0.37209807795940919
1.2433444303700338,0.3809684306973099
1.3528755221217761,0.37346866691033281
1.5575902927323182,0.35102504971618498
1.6867576116354761,0.38366593872306709
0.45963712864623779,0.29756481216260389
0.82904480211183484,0.31635769046916501
1.1222719489340871,0.41521160194918999
1.3590109049121648,0.33207582174271721
1.5445812238042351,0.3486384934057345
1.6837817178663308,0.3183760873532851
1.8099609668971404,0.31015681021296071
1.9251538145179907,0.29146325476127988
2.0105719810230784,0.28492048270390979
2.0756927532515839,0.29032133886270239
2.1329956831157171,0.28750326805979531
2.1826633478981141,0.28221523444166569
2.2294333297832898,0.26739368315979228
2.2715010444984949,0.28432050301886108
2.3063031459642591,0.27441466441724871
2.3379924097030642,0.27618366225451407
2.3671617836985122,0.27435376401035139
2.3927713733570752,0.289855344508129
2.4169919818797228,0.27873993181574858
2.4381816967352501,0.29201416768736871
2.457813143659215,0.26547701648252719
2.476127073729701,0.26428263496993187
2.4930037713737652,0.27807864654701048
2.5079104251505884,0.26677610249049361
2.5217180885946484,0.26873389201219811
2.5359322105274886,0.2706301604343494
2.5485798546753369,0.2668497757022244
2.5605055269757058,0.26437926003276607
2.5716187494663507,0.26050373212502331
2.5820659637796668,0.26070235720752299
2.5924062827921341,0.2530954227568728
2.6020473067404777,0.25496819030285378
2.6113612178059071,0.26157002143200608
2.6203333636778154,0.27715007663260988
2.6282527723047107,0.2570602670292973
2.6355970336932679,0.25485754194353988
2.6427054419567853,0.263498985619736
2.6499239448569423,0.26677273367622512
2.6567647208647469,0.26004267977976447
2.662736416115937,0.25982425685243332
2.6685122865553761,0.26416749761930791
2.6740559112015161,0.26015826561017091
2.6795476632111299,0.26617834168013049
2.684894336639041,0.25599026061948771
2.6899356164728871,0.26418060008035271
2.6948306829787332,0.26364424311287421
2.699575314164409,0.26343648914052048
2.7042716765126298,0.26368004519002208
2.708564414976629,0.26486090477282198
2.7126040777785621,0.26704483298757692
0.16055902385815771,0.28687722947079441
0.24523414725650791,0.79609146273818743
0.37664732770731141,0.63386055966445898
0.46999285983416011,0.70452915474786626
0.52562534666916294,0.68743327623759609
0.60440854214244588,0.70810723581019464
0.65877042439853128,0.37342900636338822
0.67689180592701959,0.69539810589976092
0.70094925978642508,0.4810456279700342
0.73614590812812364,0.60262968609812406
0.75825542012825942,0.50288947816311136
0.77163349711395046,0.61510436916213751
0.78794987164775665,0.4971024104707002
0.79477422247893026,0.63963347658556058
0.8131024279602207,0.39251613839370769
0.83006641226850131,0.32236099819098257
0.84396654680427097,0.60803590629535553
0.86133617227616233,0.68906492937680119
0.87296614370871606,0.68104792285080795
0.88766404909226282,0.4590443641066993
0.90172242149195481,0.64326599371810089
0.91308376874882802,0.5034188131109093
0.91761123665469835,0.50214013368231281
0.91881347088856435,0.6423146220322451
0.92716987105642001,0.69436260131720784
0.93160095592114456,0.34241441967392539
0.93679994272506262,0.313091634987954
0.94095783033228297,0.30845536422691922
0.94522168606605239,0.45251011374966482
0.9497752101710728,0.28175683023728448
0.27238997584965319,0.27859569043675247
0.40462033551400839,0.82671831538905005
0.53684506851814229,0.64926786793912228
0.61695638764704741,0.30938203873782699
0.6914889474817052,0.53947262929183459
0.76022011639319942,0.37670000476421589
0.80828102447690731,0.33266359289068848
0.83379263584833518,0.37804992615497029
0.86692822405164449,0.47811702370183418
0.88428594476993749,0.43054218583725828
0.90360146393132657,0.45659664003389733
0.92367021803291904,0.3195160274342202
0.91361786621715202,0.68141354052721925
0.92654051263778325,0.39572947726361851
0.94223403847923237,0.37189575235680539
0.9555318406918718,0.34049889060421618
0.97447769551082075,0.59776773065023014
0.98706331865168861,0.42385255527120469
0.99548064653381763,0.29113922581847901
1.007329343737676,0.28998492441725571
1.0134186367556244,0.29993135416915329
1.0118598771269256,0.41866173773731868
1.0054473964951012,0.55431924169621061
1.0060728311687877,0.60347018702129807
1.0103359446654712,0.52155365799715603
1.0100930127473109,0.57574499144338642
1.0140391963644122,0.51370832060634619
1.0152442458454507,0.62993901783626938
1.0178772605283106,0.50979651896356803
1.0196567426724279,0.54437863133082587
1.0217970212353102,0.54333916786304959
1.0249067633738935,0.52783572353500763
1.0280641216507451,0.52576011153983004
1.0299634916109983,0.57587962857964181
1.0360201382863077,0.42835541474630789
0.0219127280960262,0.35057985251208618
0.042780774799014501,0.46209861800698149
0.075596641105846393,0.51579056342961771
0.13094000638251649,0.52656122417149664
0.2249656474987892,0.66834834009609045
0.2928207350679719,0.35153657036523739
0.34818923979795152,0.34812926878734929
0.38723960657457379,0.47704577869226411
0.41846992615804518,0.45948679810998028
0.44212636124974619,0.37923660443670948
0.46886770054353788,0.36977030430123609
0.52562348056902963,0.39119097605361219
0.55538298612205517,0.38003280200479039
0.58040616180176297,0.34167774601749551
0.60165745140943838,0.38159844376858398
0.61336580826711351,0.38641912648650079
0.61410517878828985,0.50825974173037314
0.64225987595929923,0.4520431374686667
0.64566759245865013,0.3196059508864551
0.67795734859467893,0.34746798032271919
0.69941676019068511,0.37768970752118047
0.71528302710264269,0.3182126567275908
0.7274658808952984,0.3035697180259902
0.7357589674219227,0.32425615897416848
0.74457729575917331,0.29935999139802127
0.75104575432080523,0.3295528994266842
0.75914291764085662,0.33631963111160018
0.77076156722973566,0.3479794402411861
0.77698859114481378,0.4689047444695279
0.78260341692896973,0.2893105927829922
0.78859895069729524,0.28899668092465469
0.79393369656645396,0.32119367341357519
0.80017625796535319,0.31399299823087551
0.80644473698718244,0.2749182293597871
0.81148541994641943,0.44634624261884709
0.81580306519652712,0.39919601404308969
0.81875253555142458,0.50189129729261317
0.82333627850536883,0.31888349733394061
0.82796683547755423,0.37000283225844999
0.83258764656105622,0.48011941079568499
0.8363641986811301,0.4473262232055138
0.84101504123697557,0.37008883313850099
0.84473522089644004,0.33484632171078399
0.84851527174702035,0.34158978820022312
0.8523387607901558,0.35697853855237999
0.85519787056071472,0.35732301023023422
0.85838814531843277,0.31665551425702138
0.86182418111278392,0.33025242013480022
0.86498645429092846,0.31959773115706153
0.86744075275410615,0.3457752864785576
0.0013742225992068001,0.27343743066496901
0.0041072681612350998,0.8203242166909489
0.017600159337521699,0.70730481125737421
0.043290810508947203,0.41023271897986108
0.078323497701969502,0.83464143967788373
0.097511790036098694,0.85431898419175822
0.1023284766956412,0.81241663376687479
0.114165180983216,0.77936220357890673
0.1233893829451693,0.77173781279825993
0.13348693060640099,0.78500581731706343
0.1385839385657438,0.8259975848759864
0.25853417142162238,0.87492250533178506
0.33062482691321832,0.7979295657600467
0.40504587301068767,0.79297222701662562
0.4396251730770579,0.71691076630841744
0.55249938777882779,0.62243837421629211
0.6007341990529651,0.45760591928108552
0.65196313767818959,0.56338975369573963
0.34992989170720501,0.2770997658776746
0.5649270222912669,0.29682973595268219
0.72317467349365727,0.30091391156691499
0.82855703376659717,0.3270099199817561
0.92213092167080901,0.35230438643364659
0.99967997324090896,0.37427620698688269
1.0501130137181005,0.36503354760972168
1.0883604834190057,0.29293860063965438
1.116695965285571,0.3707723964571164
1.1386308583135669,0.31734535915797979
1.1573384906516797,0.28902566923266437
1.1750152374197618,0.29308250008311038
1.1934485798790877,0.2774665733883207
1.2073125628303123,0.30470177781121011
1.2188715452619798,0.29189204347301961
1.2305895773308508,0.29204841667601478
1.2430598170340892,0.32688833562714631
1.2529863162308863,0.30160834585517649
1.2612931419879767,0.28892231796037648
1.2712053749130898,0.32838783771364999
1.2794656249442049,0.39812874162900069
1.2857880983760981,0.26814162087162119
1.2915761718387051,0.27905777449156371
1.2971845732900551,0.27982825595058008
1.3016685226569464,0.27050141798329691
1.3063289202799804,0.27748276943889261
1.3103889925390186,0.33883103819469612
1.3144729547259764,0.29305982213755127
1.3194180076064694,0.32170478936984809
1.3233744973966195,0.30769729425133302
1.3268178346385129,0.30084758998430527
1.3310640399498921,0.37143083936190968
1.3349361213802662,0.39151926941089488
1.3380809221393566,0.27608919910318491
1.3412126437116627,0.26893238754410898
1.3441743155534511,0.29843816267594991
1.3470336258040696,0.35217079936226697
1.3496689453952166,0.31436882763651092
1.3522524163466558,0.30058608679454341
1.3548682875219358,0.2661692951801099
1.3571741676630842,0.31305768060504441
1.3590816267270418,0.28636935739792357
1.3611822682633492,0.27122856349003699
1.3631561979591924,0.283881489079918
1.3650719406498175,0.2603941473274462
1.3670134299658994,0.2598879443443371
1.3688172915692909,0.28152185727296458
1.3705925971791997,0.27248202083625822
1.3721769163597335,0.25443916290830582
1.3738372311105422,0.27417912497455937
0.0001,0.2578125
0.0001,0.28125
0.0001,0.484375
0.00021137690254129999,0.72656250000004219
0.0025450057034746001,0.37497381926361401
0.0064894457744033998,0.3014805491312072
0.017828956670531099,0.64879379939667314
0.040960703935891199,0.59519838637762945
0.062709547821970593,0.45125367989416071
0.094674785116008506,0.31742819864820782
0.1111053249669352,0.32085646697307668
0.13107271641356311,0.39734339065510299
0.15270674310569521,0.39296586919441928
0.15615809129382111,0.32667646208763051
0.20993540704347319,0.33806193036814769
0.2251974468283047,0.3265532640114312
0.245555967281543,0.42206014800132968
0.27658185360602539,0.46577868472996359
0.29655944695738812,0.4420371430612639
0.31594532992203372,0.46315439990859542
0.33859921260321019,0.46840622916634023
0.37775200557863342,0.45811672734958619
0.40339758766234418,0.34852255231263118
0.0001,0.3203125
0.0001,0.296875
0.0001,0.359375
0.0001,0.71093750000000011
0.0001,0.421875
0.0001,0.28125
0.0001,0.28125
0.0001,0.34375
0.0001,0.34375
0.0001,0.60156250000000011
0.0001,0.61718750000000011
0.0001,0.66406250000000011
0.0001,0.89843750000000011
0.0414855399811314,0.44044781036207947
3.0253820856713194,0.28658501125425312
18.274945194628629,0.25565648151055348
94.146873611612193,0.25065444334851478
472.04478120181659,0.25008993349559488
2359.8762252248321,0.25002933538390182
10000.000000000002,0.2500076785924204
10000.000000000002,0.25000977466074581
10000.000000000002,0.25000482251004219
10000.000000000002,0.25000646093098389
0.0106651790411079,0.32017859652951491
0.0262072576155594,0.51089231386709355
0.058869304230519399,0.48596852709404031
0.1174814490175073,0.57506228534255444
0.14871205057051809,0.54305254578038309
0.17857075824850929,0.50004285993133513
0.28394334568105678,0.8562720141576573
0.36006343910918043,0.54998668636236248
0.40163975966844789,0.50840446170042075
0.45124341459856421,0.60558217880789766
0.48201798911564281,0.55985069314467772
0.50535495655406382,0.5662802355691926
0.52841552248849277,0.43780214019204811
0.56217314008153962,0.6060324518876955
0.58859670388733021,0.55374786790585273
0.61503694370490103,0.50104232288904837
0.6323757270523952,0.4145567284715499
0.64794374596878201,0.48838120812573771
0.6604429174987223,0.39568571457544821
0.67668466357347901,0.58226580313159171
0.69321468877359771,0.55700710040173362
0.71085730819288495,0.4781336832685501
0.72248520435246921,0.32288362862715547
0.7288719141765776,0.53363497419701655
0.7375560971820434,0.54571934197427963
0.74671651689949825,0.49104447433136478
0.75501610022033927,0.438221355622673
0.76285639329825583,0.32061797772338108
0.77086167378522641,0.31349754765002241
0.77764443051656096,0.34373399621032302
0.78618508140149024,0.54141623281820317
0.79469049991784813,0.48500355480626239
0.80150308271375537,0.31522838322649549
0.80944628877807556,0.42768313584006279
0.81541484790044805,0.32539492880288667
0.82064307258293689,0.37381799943331168
0.82653901825916654,0.29078049120932931
0.83241318474719672,0.30844706174249709
0.83850483225586125,0.29912060882960412
0.84350816118144212,0.29141603973229518
0.84736145808920793,0.34864563097009749
0.85123065365283512,0.35230578593146628
0.85511966449394761,0.35190471107185778
0.8590187369420772,0.389287592270322
0.86285300399306009,0.29594585591870221
0.86672549430662538,0.33111222481276831
0.86970686183580326,0.27916693363190381
0.87210307089221506,0.43066264632706019
0.87522161691734834,0.3050346868106788
0.87874617485008999,0.30355197015031549
0.0063868791270762998,0.28219706579086951
0.0154554601204665,0.82085709190658807
0.039270387520267902,0.77675367808126561
0.053366334592509598,0.85913683685931463
0.0598236096947155,0.91554327211647335
0.062976160275139206,0.83426071786949973
0.064826917064519596,0.80920303255719073
0.065762958532749702,0.82302158433360995
0.073816828037320203,0.81528443925086713
0.079743325439099094,0.79444659152511876
0.13360597831711149,0.33695403635893478
0.14684101740739749,0.83317921082485868
0.14755477398280931,0.77201979084361416
0.1486591170688781,0.84865585646523323
0.1516814906430996,0.78961392851891454
0.28616508449799338,0.78390588172281717
0.38264835185943458,0.80697877981203714
0.43575977986366909,0.80704598388903714
0.47029357653661608,0.80006696852807091
0.49934239142977199,0.77537450257918838
0.50289379636141929,0.76535734238487685
0.63498216760213733,0.65889863655102421
0.77360596197398446,0.79988317935383502
0.86507904883674058,0.74747824612822122
0.91473901697602922,0.68483329715247832
0.94178845712250081,0.54824177995457168
0.95719655038312434,0.31826445472163162
0.9677694102446216,0.51899757307444727
0.97857295653140863,0.3473371636268589
0.98672522172113741,0.44460851527290451
0.99281865149232962,0.44997668002514057
0.99695246918122882,0.44883357343538788
1.0036043359253048,0.42594274235609181
1.0065269239420489,0.56778674218561853
1.013032969922727,0.47811479033488841
1.0183040847664939,0.41289361195883251
1.0218665521541419,0.41337742777600672
1.0256180964925308,0.41936463435392052
1.0348742309567176,0.34383443853784179
1.0401055904459633,0.34938738471542291
1.0436029537699789,0.39865756663991619
1.048463334597614,0.42400426398220831
1.0528684355650806,0.37028717832891811
1.0598515890007625,0.38311864544934071
1.0659720633650314,0.3188091684460328
1.0703286250519359,0.3559283558561141
1.0746285783039276,0.41694097249273371
1.0788023883130176,0.44170643653162073
1.0826592585213572,0.42094169580894869
1.0880029739082433,0.30904338836868928
0.0051345845669076998,0.2813996262704303
0.0123943422048412,0.60821293028092471
0.031546024038526299,0.40854054078869778
0.043866739398218703,0.4799885198937463
0.050470195755037597,0.55736529533713708
0.093923487855879506,0.4955256404904379
0.1257156807935722,0.54829793761401235
0.1418596369033546,0.49972466220837503
0.1626947871763483,0.56849976029418714
0.1773200598730518,0.55798633446712775
0.19324893456741521,0.48734257549547561
0.20389302155457739,0.51266459720021285
0.36458065588607069,0.92039364354220898
0.4807328813422066,0.82004926371532949
0.5439530529301877,0.59411849459570387
0.58940145929332055,0.55328073944620526
0.61429577725853624,0.3378436331263695
0.63200727367258858,0.37495280710176732
0.64443360485993328,0.5349848546399637
0.65738921404145323,0.33908745427070219
0.67271413565453086,0.51210212453475168
0.68645527710830989,0.32294138988964011
0.6993255348370595,0.45353019035900649
0.70923429728229181,0.48390912021865451
0.71843662619962878,0.46509469831067513
0.72558830370736083,0.53583130393514022
0.73503781480206287,0.35248649992622638
0.74242120948239165,0.45883439402484
0.75003591167508654,0.4303060989293741
0.75863563328060146,0.51818709352220937
0.7664632862333195,0.48364075151914848
0.0077710377415673004,0.28124710688159071
0.018554257280185199,0.76505478424875795
0.040740228325295898,0.79854093435622353
0.13511825763053159,0.43787540870625269
0.204014314618849,0.75838000020401342
0.21234742650683669,0.78640632042426839
0.35638607059978228,0.50256027976998874
0.42506428107981509,0.36439021625304779
0.46274581238886953,0.66594277709010519
0.48040057711514561,0.65165326662962897
0.56386130164856241,0.73820521358458546
0.63444256452359227,0.69782701293518057
0.67353443483128728,0.70248945887938907
0.71172159591938511,0.54711466164753986
0.75782083892461527,0.41252262721566202
0.78531948189741496,0.56414885631572809
0.80985858472595229,0.57971407455383184
0.83392399136912487,0.47917552035307798
0.85558074118816907,0.35943849208879741
0.87247161199584888,0.54686005187295983
0.88944431869398777,0.55994531163597527
0.92153684460697638,0.38044670609753278
0.94755532805803999,0.51507070427379176
0.98105767656605003,0.61034261482734808
1.0034677382169856,0.3913820959468724
1.0200668636018202,0.40775411438991199
1.0351154614330766,0.4330660743177428
1.0492452675177242,0.55391677014671237
1.0595484274614757,0.46943417168352991
1.0697075903176143,0.39106506746809427
1.0766418908305111,0.54414216014486805
1.0856733366765945,0.3561530177520375
1.0956806882741019,0.3479702825546348
1.1041807838435331,0.41346105013823792
1.1110217397422146,0.45427187999576901
1.1174047268818834,0.40623964631291881
1.1243423187479935,0.40327810165841921
1.1308602899798164,0.43066142350709707
1.1369318200091354,0.44139319800727489
1.1426567303871802,0.33812093713873997
1.14909956519218,0.33043812255816829
1.1556014550876603,0.32340302782113423
1.1616979725514098,0.3814668849688333
1.1674631832024049,0.37419403564157222
1.1731337349993749,0.36311416678041708
1.1790877336395309,0.35295399389765092
1.1845417189640459,0.38516057364383532
1.1900359314197402,0.36507776724282232
1.1947994555697852,0.37871605317220058
1.2000832469536498,0.38202871140520978
0.0048343069062094998,0.2811933377921092
0.0120454140875105,0.54814521073564981
0.027719548020667801,0.50983655001970596
0.063136305372532897,0.53269357238630466
0.14220522097610649,0.69965549504557945
0.1979912417199782,0.32259184037354399
0.25987478072166598,0.46716308555111141
0.3009769187520247,0.47739369805855908
0.35196704433166659,0.64014496645797614
0.41940008532977219,0.47561599319422282
0.45913474317731889,0.57035227366585195
0.51628957795468022,0.48704394643580939
0.55997011436495447,0.35225937233952459
0.59523644135081899,0.41069609905074489
0.62063308454783839,0.50585678246644394
0.64131508401335469,0.38796573670144729
0.6506594537866971,0.46171653918733252
0.68636190503187877,0.59229397665003036
0.71379999089822055,0.34317621148445598
0.73160533573897535,0.35629580734701921
0.74557614041635634,0.31727993384526421
0.75783424798143406,0.3560099555306242
0.77286304663617755,0.33685015101762322
0.78401554989648026,0.38510069800729241
0.79605197576090525,0.30021587175138442
0.80671090519967525,0.39858677650629759
0.8127608000784794,0.48969942933711541
0.81765074262009474,0.46841211354854601
0.83269044492135591,0.35426489352737162
0.84965292249565216,0.46934332011346619
0.86240938437783465,0.35704464082415432
0.87410092850488508,0.33965269231660011
0.88834215930857185,0.412514184214468
0.89844131530902382,0.3577922203782482
0.90757742143556763,0.43664966095829472
0.91494597209466721,0.45269991981789121
0.92303259630934575,0.3350212142877671
0.93010631218615258,0.3789595996659465
0.935912558442898,0.43168707080618418
0.94153191553000914,0.34478770042732221
0.9477656766652498,0.35344631833952228
0.95363722017886166,0.32597886589558511
0.95941241260088939,0.32863042490373851
0.96510207160260642,0.34452911427144489
0.97065613368191317,0.32888601590990157
0.97605634360984639,0.3321774898441755
0.98063950976289915,0.36034569983624581
0.98581088769451597,0.27438856460330407
0.9912833147675264,0.27016212031887638
0.99711414269729515,0.29930846512385939
0.010555523850684201,0.27343732715285213
0.023699352746649902,0.84188123935403769
0.031417862085062399,0.72408007457105028
0.060068285046431101,0.77784688020557435
0.082372595945159804,0.79644675573447743
0.089985533528151307,0.79726142078591211
0.094946707733687505,0.73680146433872795
0.1691830383547471,0.8035036242843101
0.23227116170009751,0.69140530660660648
0.2518586150159825,0.77181071703547144
0.26963021313587537,0.76554074840503394
0.47721414582089922,0.89153182213894366
0.58128062117899626,0.81713149522392259
0.6864221988013306,0.77565927340522467
0.72894102975346398,0.72077342735837502
0.037651563200229901,0.29332907038985168
0.068602281107625604,0.70030801033080625
0.13977038172491479,0.4905633797946316
0.16255063132912109,0.66478072095893781
0.18402482695575581,0.64320587780523408
0.24793401699581669,0.61652508959976871
0.3051843935545745,0.67154774993874056
0.42203564029828738,0.73883994420918664
0.50756788435595501,0.56650175136388869
0.55089546802009426,0.56409399641319502
0.59391784235276512,0.74515039333306621
0.62774643642944472,0.62134174154732158
0.64992147326407057,0.60632911533261313
0.6699027956091963,0.41945694208654249
0.68862797353965122,0.5573715806385322
0.70221652105068477,0.59402774266784442
0.71413301200791568,0.47156446010845732
0.72555817699670633,0.43763241392428071
0.73397735616785598,0.45930489718122353
0.74098986413156065,0.4655638097892128
0.74893305843884561,0.32729272147096622
0.75779100850211645,0.36514987102560559
0.76835534985265364,0.39380488515893858
0.77377658424638462,0.46195974093442599
0.77927164957691863,0.4877334491668458
0.78646843190880866,0.40946752522961988
0.7953304819104634,0.29315300874681149
0.80273695201355511,0.2720282092674291
0.8091177498725397,0.46805009026514288
0.81565538198828924,0.50736969634108231
0.82030312542522665,0.58833669093800089
0.82524160319499096,0.37099279141104868
0.83019169363303369,0.3254215083490975
0.83451731943830687,0.41292808319738777
0.83881575349027537,0.3161149764082376
0.84253457924432595,0.32289983239128978
0.84443065560021502,0.56988128848611808
0.8444755657531785,0.54614322243553948
0.84600004016027153,0.50146762763429653
0.84825485476730011,0.43234880607356752
0.84940777596433803,0.48071885388694657
0.85136398662971913,0.47910497965501631
0.85386120432768953,0.45449762954207501
0.85607635416114269,0.39395533869552057
0.85868247759849692,0.40162933394818268
0.8618871593034767,0.2860601360088027
0.86511742790416601,0.3222005103062171
0.86710670393563682,0.40291135125443339
0.86861249524241579,0.44161180342927447
0.87012480645688428,0.3425972823562653
0.4434462817158028,0.29233861754175627
0.73206074155051692,0.2661571280371412
0.93176125643608876,0.39163229518902581
1.1120399375429275,0.43246702645808099
1.2333045733531462,0.36150871967895171
1.3144602298124903,0.28864239088321908
1.3769838535065029,0.31624551792624722
1.4340232806050135,0.27833175765111851
1.4793010051348301,0.27349267766917912
1.5179061195628518,0.27876530226327101
1.5533595284688655,0.2980347147176664
1.5837088108642019,0.26859458451139739
1.6078386357260492,0.26469858311279532
1.6301513373657093,0.28099451795256258
1.6493776490446943,0.2910719021166559
1.6632710564839135,0.28879117306055457
1.6785882071338352,0.27072629550195942
1.6916786605102121,0.29002613798660609
1.7048185008700734,0.27551697499865591
1.715911118937645,0.30494975840048111
1.7267941005867151,0.26681936918600119
1.7371129937506771,0.29150683232008318
1.7471376356602877,0.27955688806241069
1.7562415507787319,0.2558404667759655
1.7643916310378656,0.26822206686193051
1.7717078236097137,0.29434593077453941
1.7787439601263508,0.26669006952471669
1.7853042238818904,0.2862422403376827
1.7904076333895382,0.25708138544306408
1.7958188623907976,0.2593465130482811
1.800553592753221,0.27756943253200739
1.8055665599823671,0.2638750580144919
1.8104472365168425,0.27373430936500748
1.8153335031178499,0.27739271673836519
1.8198555250749544,0.28592947505928767
1.8240710315310231,0.27284415980759591
1.8279340041838696,0.27571606625547113
1.831684891377972,0.29669921909983388
1.8351432990831245,0.27930785762247379
1.8386150256644596,0.26708548971414481
1.8418507678517,0.2653630356319745
1.8448566528593751,0.29050646662133511
1.8479890027880801,0.26764768691552121
1.8508783582208932,0.27219340739500097
1.8538913131862791,0.27519452137349798
1.8564210516861284,0.2611886900337787
1.8589104506090532,0.25961149752754131
1.8614540868963023,0.2693966781063179
1.8639779777732224,0.26204889187842523
1.866326072732996,0.2781081044034166
0.1001857947522031,0.29781854036270738
0.1884865734406522,0.31360601035384827
0.23066557156149109,0.65497032471292127
0.268219702596801,0.56529039973309603
0.2718097425891004,0.61127831056698001
0.28066131778277992,0.60433695961556733
0.30203855208320368,0.62449819245190485
0.33031757283262042,0.61208155757303728
0.45824454313911778,0.5944350724973122
0.53613732185573659,0.51975433423862483
0.55168614940174576,0.5896407865949066
0.66499054644028077,0.81087790838291007
0.71573656190222912,0.74410510390934281
0.74493798767804031,0.54048006224384271
0.762651290546841,0.49525140306162241
0.77602127000108334,0.37715965295432091
0.78576579276374181,0.47990836287018518
0.79464990285683401,0.42905163297444959
0.8031510036797106,0.33117782134860901
0.81177047487274367,0.28977016700871211
0.81741644678980396,0.44764798929175892
0.82379466891566233,0.46301414343862202
0.8318500542947489,0.5888644978800418
0.83800218234402812,0.27311509599622141
0.84250812040255108,0.47132826159437319
0.8477170847858625,0.52282890753562727
0.85157010151240953,0.5328265478106633
0.85684516616052575,0.38265067062266261
0.86213413412028184,0.38616591540194029
0.86694892737287754,0.44568987259747672
0.87114523322468995,0.43312997169093881
0.8749670734927455,0.34178513133320532
0.8785034315642698,0.39708676345884369
0.88186877095457294,0.396332066224722
0.88508496976894868,0.40846070223417918
0.88724642876111903,0.466984422658065
0.88996629407536798,0.3902854710417839
0.89240619984888137,0.33077629021934157
0.89506252618918303,0.31699072179599908
0.89766319453100762,0.37574557281747872
0.90011723500772611,0.36177618679895651
0.90268873260538585,0.3650069842253657
0.90493769187710515,0.384067065921609
0.90701883143945439,0.35388132449373322
0.90909194345128541,0.34393117382429311
0.91123447440015359,0.41075667408694022
0.91385569434910441,0.40830047869300429
0.91538180499942323,0.51160978405931301
0.91751501440158578,0.35003233324750688
0.91932229803616661,0.27900608447592568
0.1020873060498753,0.27343937679941971
0.1649146715169848,0.81100931945308297
0.26605657102282942,0.43344116782162528
0.32471055798158788,0.76823207232999935
0.34029394276984859,0.77273059740988737
0.35147819402177388,0.75853386125669719
0.35967029809563611,0.78090557663621196
0.3701924142912395,0.81409887799504188
0.37711721380638819,0.75704006772294374
0.42859921447209198,0.46970188400050389
0.4353615461449189,0.69070190280624699
0.54846860823670562,0.7856769285437476
0.6282099953073057,0.70706902255681592
0.67650811924558807,0.71930553683476206
0.72325281190120505,0.42591517900736992
0.77731151047506508,0.68391394698858909
0.80644056093135164,0.68711410700756304
0.8249141801849571,0.60466619888765516
0.85503672756493476,0.67846709109081427
0.87601855644963178,0.68455339040114649
0.8911489178991765,0.56518737740446989
0.90363531317693901,0.4413067988816986
0.91127784708537163,0.70240908213913067
0.91425416411649518,0.65456416740841183
0.91628945729645639,0.63505451365383581
0.9187080228365968,0.63836980065584648
0.92059156574001721,0.64825699721439201
0.92904915166579516,0.44012134661041907
0.93784369164862225,0.68192426589661248
0.94666029157540277,0.44421805497587291
0.95536943301938282,0.3104253113316871
0.96385827811241642,0.67328312015399938
0.96928353646700915,0.60462333427501047
0.9735781992765038,0.6466524905500094
0.97809961285293801,0.57958575140217361
0.98109978453887481,0.60964549804836865
0.98591709432311803,0.36252114062240842
0.9913067114228068,0.4138353573085049
0.99707702169013157,0.45773300501758091
1.0022312650422385,0.48039800591956672
1.0067514590884434,0.41726178397929392
1.0109592425009299,0.54421916546128091
1.014601200698749,0.41869249207187748
1.0181730446634782,0.41103214732053711
1.0214726350480108,0.33577855741370771
1.025059469428736,0.55599203912645168
1.0280609465254231,0.40450236670113249
1.0303780642883085,0.3703826173957056
1.0328580539973091,0.30636819313639779
1.0355910293975621,0.36414293746723059
0.0022427566404831,0.25781243411584959
0.0061436346083657998,0.71885921021980081
0.015439732331081001,0.64701125467330156
0.038362319656294802,0.78668668959469545
0.1042052755634416,0.51449727652003152
0.14076487673751401,0.67592269698629348
0.17906399339809481,0.69125331881978169
0.2016843275380498,0.68565692142350265
0.21264386259455129,0.73619666109917326
0.22534078749094061,0.5712159749353809
0.2540027110208356,0.42422672983781901
0.29341352050481651,0.39127374861674757
0.32219251375565228,0.41594771068577441
0.33562834091860988,0.40328723410845241
0.36389870825752529,0.38762850929230558
0.38875392823569871,0.3576363788286262
0.3690033964104642,0.65861310628258818
0.36947188663576958,0.63378793920975895
0.36615881459510879,0.65560716100858696
0.36486942540479189,0.60485502623168219
0.36685172682549239,0.65663837024856619
0.37221115444303998,0.56126342169059729
0.3764851687077122,0.65849995036875586
0.39997348085487949,0.7065091742061671
0.4525154840649121,0.67689298081729765
0.47838206963331409,0.62167074394026645
0.49255368595757221,0.66858591161113889
0.51349040629374643,0.39376972889837902
0.53485870323338691,0.6477042615862294
0.57175005863098005,0.6528535853258588
0.6041790824298936,0.692001290694648
0.63315631007603301,0.6578710032191073
0.65891557998272277,0.63233078128786657
0.1125940845576235,0.32406153761560419
0.1826564494881282,0.67833340684452181
0.27092890193583891,0.71829987955613528
0.3251923087344224,0.64116306216445895
0.33563397625450869,0.69941607369364933
0.34984219445200221,0.69842252920773573
0.35789066938504072,0.76008565438597253
0.36971858014654452,0.74949676512578745
0.37647141194473499,0.72481813088185143
0.47332099686275231,0.62856628693499994
0.51047347798607334,0.66450097331179259
0.53605859238491915,0.6489426039391013
0.55476440049059894,0.5689892209995504
0.61250506433768503,0.49671468102609978
0.71438358694660553,0.46987196781592128
0.77079608519195597,0.58596217919768401
0.82660694825991476,0.56115709873373887
0.88606125846138939,0.55448651761165868
0.91333621166551082,0.37409372453471101
0.92754007460725085,0.3282334582660133
0.94396873776036161,0.31500656945018879
0.95998240894677844,0.32662777040240509
0.97181828946427196,0.3441631640865141
0.99121752193715396,0.326878382404023
1.0039567964033669,0.29221625950815128
1.0142898873354358,0.29346154524264362
1.0240466254211515,0.37206917017366808
1.0347759674357777,0.40550289775320342
1.0488298278667547,0.4770924325594092
1.0570909051412869,0.5137023799414272
1.0735714618604058,0.58996624494851102
1.0848447053793064,0.57968961593138535
1.0927220563574247,0.54623286134469051
1.0995406418006035,0.44185830007697341
1.1039742958119121,0.50429770174874466
1.1097760383361774,0.26922053253077138
1.1142185945062573,0.29304596483434381
1.1191072312534829,0.30664009064968167
1.1237071310541007,0.38543647352828148
1.1279925072917534,0.38538014791729669
1.1316012263001067,0.3468621416261049
1.1349060485821936,0.3147739515274609
1.1385224224986878,0.33895296078827658
1.1408511353741679,0.33748505650300881
1.1430202994950958,0.2855683043179516
1.1464003641157414,0.29590602415329109
1.1497309701863818,0.51156446974348213
1.1525111315232346,0.35944826382019979
1.1556433750892059,0.2819900916959065
1.1601598234639241,0.33458476394525299
0.2292956185903203,0.29746637934064751
0.39878006409777211,0.32552180261103902
0.54618544204598596,0.37980697120429852
0.73119593856567289,0.6512239418524628
0.78477712108304498,0.62300988949535996
0.82596247435354542,0.67204251060207865
0.89687827430535605,0.53350877073600722
0.96491647169019035,0.40223678235836208
1.0323865484622139,0.39818884538301158
1.0409528777979018,0.38203466406198799
1.0981959442797975,0.33951241631377099
1.1363995009797727,0.49925458694423552
1.1734295616142938,0.32022569556550617
1.1995648956156186,0.30641445742858492
1.2238197090886618,0.31262497004284379
1.2436890776070617,0.29209322009757288
1.2620195419706937,0.2671315345100303
1.2814609469074871,0.3045830955247858
1.29431787419926,0.30450261004903029
1.3070410447889311,0.3518237064999114
1.3186607176670304,0.28446951312959612
1.3272637236039091,0.27547054802050219
1.3376529312103376,0.295229941243282
1.3459405200178938,0.33703188585278132
1.3576198824363199,0.49917064840529168
1.3645386817356564,0.49407675774314058
1.3715921842564414,0.30706439693125298
1.377831841788236,0.36638601908444768
1.3836499849149426,0.36224172729705889
1.389478874098891,0.34179254210806242
1.3946762374385422,0.35864989255158641
1.3994099288454342,0.3672622869918038
1.4042286286373868,0.31518835020339647
1.4087596403397411,0.31144592960990969
1.4128448023657589,0.2950630479122327
1.4167671347402309,0.30492748761600458
1.4203052763359931,0.28660883772399132
1.4237848946409928,0.32275640808024941
1.4269314391831172,0.35706576245056659
1.4307260096566576,0.42389071292853431
1.4330972700125773,0.37962852477559161
1.4367558685395301,0.35716514402611432
1.4394591331770099,0.29710704630476731
1.4424153328290157,0.32130769194333042
1.4448951784743915,0.32202142801816219
1.4470654035715125,0.3590344526657212
1.4494746550601634,0.31459256150541259
1.451469864884638,0.2957699000391652
1.4534652769663552,0.34503111387710839
1.4556181486800843,0.34039087116448208
3.9999999999979456,0.25650952339085997
23.999999999989711,0.25085834521973732
123.99999999994785,0.25014695294343209
623.99999999972204,0.25002923465118287
3123.9999999990446,0.25000727952579171
10000.000000000002,0.25000270234959698
10000.000000000002,0.25000242198924061
10000.000000000002,0.25000361909160351
10000.000000000002,0.25000573366709927
10000.000000000002,0.25000431331351908
10000.000000000002,0.25000520505187479
10000.000000000002,0.25000384258549901
10000.000000000002,0.25000247727742692
10000.000000000002,0.2500060002004999
10000.000000000002,0.2500026965407306
10000.000000000002,0.25000152912906548
10000.000000000002,0.25000150636330321
10000.000000000002,0.25000274063188538
10000.000000000002,0.25000255982280578
10000.000000000002,0.25000369795349109
10000.000000000002,0.25000294409498358
10000.000000000002,0.25000532036946038
10000.000000000002,0.25000251589304828
10000.000000000002,0.2500025292808401
10000.000000000002,0.25000245740258981
10000.000000000002,0.25000189819853369
10000.000000000002,0.25000113331465867
10000.000000000002,0.250003204645945
10000.000000000002,0.25000267072164178
10000.000000000002,0.25000321023599198
10000.000000000002,0.25000178148171198
10000.000000000002,0.25000542567231548
10000.000000000002,0.25000464977999842
10000.000000000002,0.25000161931182818
10000.000000000002,0.2500011000524226
10000.000000000002,0.25000129961479528
10000.000000000002,0.25000346062705892
10000.000000000002,0.2500037684611901
10000.000000000002,0.25000561732023358
10000.000000000002,0.25000116523335508
10000.000000000002,0.25000412713002579
10000.000000000002,0.25000434442758851
10000.000000000002,0.25000437290354499
10000.000000000002,0.25000162113711799
10000.000000000002,0.2500025206155464
10000.000000000002,0.25000411396612238
10000.000000000002,0.25000343370837669
10000.000000000002,0.25000174826064497
10000.000000000002,0.25000082180501898
10000.000000000002,0.25000287762446471
1.6935254598038598,0.25488035719022689
9.849622950491554,0.25223388812875569
42.753316578858055,0.25068628258946679
159.47767938449618,0.25024050954534099
470.51876299742986,0.25006489408617349
1044.5198158123951,0.2500318551119885
1822.6375978251961,0.25002242282646597
2705.5912201265737,0.25000296447836651
3627.9089903408731,0.2500094630223697
4577.0898090934461,0.25001696490622222
5564.3975840939511,0.2500054195987958
6641.2261577844674,0.250002209635803
7691.642861117276,0.25000734992484908
8787.6063459594516,0.25000465337693012
9870.6937593789116,0.25000504264580981
10000.000000000002,0.2500008899500839
10000.000000000002,0.25000517559775198
10000.000000000002,0.2500041102223875
10000.000000000002,0.25000542336297998
10000.000000000002,0.25000320131383719
9999.9999999999982,0.25000517610553308
10000.000000000002,0.2500026969495488
10000.000000000002,0.25000173630738531
9999.9999999999964,0.25000545870601842
10000.000000000002,0.25000105632874969
10000,0.25000655763439722
10000.000000000002,0.25000226015621529
10000,0.2500015995408183
10000.000000000002,0.25000179284408569
10000.000000000002,0.25000119063343429
10000.000000000002,0.2500026581723776
10000,0.2500066226994303
10000.000000000002,0.25000126129161671
10000.000000000002,0.25000477598858761
10000.000000000002,0.25000691776233808
10000,0.25000117983571069
10000,0.2500051483390609
10000.000000000002,0.25000439473711178
10000,0.2500033247461721
10000.000000000002,0.2500047493826541
10000.000000000002,0.25000734681789122
10000.000000000002,0.25000339855471881
10000.000000000002,0.2500039931432067
10000,0.25000175039372269
10000.000000000002,0.2500017946103037
10000,0.25000372963247453
10000.000000000002,0.25000265965756668
10000.000000000002,0.25000081768302201
10000.000000000002,0.25000129270116822
10000.000000000002,0.25000331426669381
0.072302989784850405,0.27005530511409948
0.1991767399529171,0.38819332206394469
0.3150044470411697,0.7763038798353733
0.51450692355788097,0.50218675762981591
0.49583196686028241,0.80363378754509318
0.54508201094786757,0.76724537966352857
0.64304149650513898,0.58621615574124342
0.84178649799780303,0.33242728411940081
1.0784561318872543,0.63936385151145669
1.3337690057867997,0.5055076543222452
1.625447903860016,0.29017805853389039
1.8281268967002449,0.28922992929367508
2.0097263422203602,0.28126969383887201
2.147372042899756,0.3066436897849022
2.2513847868557888,0.28488750938968921
2.3389023118447421,0.29425289260052429
2.4379312398484485,0.26559638178414741
2.5393203925516561,0.26358211737357062
2.6345128260962456,0.25702158026318578
2.682197898661423,0.26172548360897319
2.7460638342244899,0.25610956383673028
2.8125301294413561,0.27232101472679499
2.8660569110525627,0.27531729725687321
2.9100523277877728,0.27634860026189562
2.9591424030779416,0.2603674069059988
2.999699242450077,0.25314685745486121
3.0467955540956737,0.25526949412970318
3.0879077418216814,0.26517476749901941
3.1244054077825307,0.263372998179424
3.1608814434714434,0.2700355577417613
3.1962819362452106,0.26926117517999532
3.2300258754572622,0.29124910622697758
3.2588994036990897,0.27823496909322409
3.2854191468682474,0.25374611884770681
3.3190286328942382,0.28375309555611999
3.34451423860162,0.26830637845462618
3.3673592444594278,0.26526103315666433
3.3935957509010382,0.2689094045690707
3.4101180482034628,0.25653818618508789
3.4313077184249154,0.26294177526568308
3.4553216851964219,0.27974500080006037
3.4780711687631789,0.25842859588598083
3.4955219293319022,0.26355976430907752
3.513262072286774,0.26783712870151588
3.531046770079596,0.25993428377388472
3.5494857327477258,0.27172338670613699
3.5675500011427479,0.2604633464468441
3.5821700738761706,0.26510982303884989
3.5988148130830906,0.25904133121330097
3.612613761317879,0.26948489358756228
0.0283400752386418,0.28649505040053169
0.067203063850289402,0.32061480292368988
0.23996258402240581,0.40786622794559119
0.38003133774690129,0.86144565626030867
0.72610536009106963,0.6645266438180959
1.0299347666401912,0.60805502872154527
1.3595694643433589,0.36857095659967598
1.5859354857220098,0.33426673864855622
1.7876142189842601,0.3586195693232046
1.9927084611161576,0.28471397220688122
2.1508277683396457,0.29434479543986841
2.2926039253550732,0.26773895740827081
2.424976720777849,0.27397973165036499
2.5417427710892722,0.26704361024276191
2.6503955686391487,0.26712888287777758
2.750101068866234,0.27328229880187138
2.8405917164040542,0.27124946124271587
2.9303725181964122,0.26514944216604869
3.0134815028351003,0.27342949980370901
3.0914931936893257,0.27042768939871997
3.1687837033311559,0.27158809672881418
3.2384380691506238,0.2608136435424675
3.2992503236362816,0.261955995539076
3.3553304802908723,0.25670031467587762
3.4116874579137342,0.25839455002211881
3.4655322733530518,0.26493511054174568
3.5171778366658617,0.2685690509705107
3.5651764967841189,0.27021494201073842
3.6109754388896103,0.26998732287041438
3.6528305898869911,0.26435369238073891
3.6932614450514745,0.27072727431998039
3.7324086539110457,0.26415461747576541
3.768829078959429,0.25857581297021431
3.8045095145439318,0.25662584075782308
3.8382787375576441,0.25727416419257948
3.869650639369282,0.25613114051509439
3.901243356792512,0.25394472172764071
3.931650685029592,0.25909187597375621
3.960324993966883,0.25689945023308219
3.9876978228904281,0.26374925222403978
4.0136899710847036,0.2581984543494662
4.0385032545848469,0.25998616607778358
4.0628278619162304,0.25285414892810681
4.0862758746418173,0.26362214244068938
4.1090812196927624,0.261149896832573
4.1309227393770183,0.26538132258195801
4.1521632784320524,0.2591444553852395
4.1724950190608165,0.25237724476572831
4.192163680244942,0.25886328412537002
4.2112461942605623,0.25780621162326828
0.057567660263542701,0.31374806358149271
0.1020346882427921,0.47212769148565958
0.19750776142179979,0.44383059277200171
0.23467821473127831,0.48307767723324202
0.26604536386067401,0.45879004530473388
0.25795254639705012,0.48333817190201839
0.2740249490827617,0.49349600732314219
0.2784709841337118,0.45080983327744989
0.2862773251234485,0.48229386072505892
0.2945949591266222,0.45139104332784857
0.39833586328789378,0.51532687470774952
0.460762769307418,0.54967581441715863
0.50308043390090895,0.4871293486103927
0.6654498577834036,0.78901886923653597
0.76656904502176426,0.73814642550429244
0.84427884412097709,0.5091641737769711
0.88577821521328293,0.4410367700538505
0.91250301090582642,0.43781110977881221
0.93342462493490275,0.34915146098364469
0.9495661167777284,0.3977270760535595
0.0061849949538695997,0.37481847072539648
0.0172173598395075,0.70659274384412007
0.037076572147953298,0.75991277689056369
0.1248255287954983,0.48150729070463077
0.1967462328261092,0.4195199049131671
0.2432559755094707,0.7600763652004584
0.26351231627727612,0.67357498545012395
0.27740581524969082,0.5775316514125477
0.33974042775917818,0.51043052778904219
0.33020202780302271,0.7018573367216151
0.3363490011727403,0.66159830806196007
0.36880143812818889,0.77726317202833395
0.40154384888848449,0.65055636426145425
0.41988372332426349,0.66187984853013826
0.43331652671834392,0.63197295999868353
0.44121271983967392,0.68044249181904903
0.4612615205040706,0.4040168542985646
0.470851747255977,0.69564542144230779
0.47612212181779168,0.68100130722768781
0.51817834955611453,0.51904523730433982
0.5524066659191792,0.68369937102458844
0.58603997267836083,0.66513471476850206
0.61208344645100043,0.69498206085558567
0.63066812939995742,0.72844987528376615
0.64105197676339887,0.50142996032932463
0.64702267991906726,0.65316070129654968
0.64853002486404832,0.68243260405832107
0.6508968435980067,0.62026546793165893
0.65582310060881144,0.55680681424572287
0.66416252717270519,0.47290354923887051
0.69084752823763418,0.58076723539253472
0.70421499227127415,0.63956511772047375
0.71074960924292341,0.63251776476394128
0.72062050340077421,0.65117429958081385
0.73356956971000842,0.32368641153973682
0.74161525241233106,0.45663063671887061
0.75187525570595348,0.56765932787416751
0.76137202628583234,0.3246499983227753
0.76616864852910149,0.46745635773367161
0.76853922023875942,0.54666676652004731
0.77420494780236138,0.31310718011380279
0.78104693311363893,0.57878114608971398
0.79175713663104985,0.60778200654502057
0.79882481986950526,0.6663118892189791
0.80802904665009301,0.62981267294479093
0.81450880247828894,0.31537782075350662
0.043511272813545901,0.32681783852202378
0.18172124401345591,0.48025895457230849
0.78189815590860579,0.40688047503099989
1.860083442625452,0.4905442905074972
3.0193369559569505,0.38920729246246832
4.3227103207393229,0.3252177278373875
5.9029309574898488,0.27041194848769567
7.6138866358917499,0.26108520225265369
9.1403287662494677,0.2559126415308472
10.494293602399402,0.25866691701400418
11.75036571769296,0.2528512226895443
12.982897785448335,0.25245387399968122
14.176504891415185,0.25227259339128749
15.258808272580977,0.2521331375642078
16.274566975056793,0.25139900860547287
17.243602991548293,0.25264062432715317
18.172708323967651,0.25585241726098479
19.043053534296909,0.2537303561485969
19.867602604377321,0.25385108437433879
20.653241426033684,0.25441054336430702
21.414035276200902,0.25345768702996868
22.13041487120724,0.25067377524078271
22.81997242442888,0.25111414723718251
23.479967891887139,0.25137178790401798
24.114314363985574,0.25331167297544299
24.72398745964248,0.25133330785981961
25.303848905489165,0.25072028141541969
25.860498784027481,0.251103634671208
26.39230019618563,0.25164979098860968
26.902733747723289,0.25122939798265548
27.390784170553623,0.2514316777554314
27.861841594928499,0.25244523724093137
28.314129815719262,0.25037952432546889
28.749766966280013,0.25086610597595249
29.167238987670157,0.25171025258708402
29.568622158654613,0.25081427387446481
29.959617278052111,0.25053920145295239
30.336088427202228,0.25173823825797748
30.697717120774101,0.25258048928068999
31.051035340622171,0.25209309978929217
31.39125167962175,0.2506846583534223
31.720210908553849,0.25232598954597057
32.039691038922392,0.25180936700437079
32.347581170897953,0.25163929061461021
32.645908432753693,0.25108337540927278
32.935122122057052,0.2528237319725038
33.216802419929934,0.251910132793492
33.488544648824103,0.25165064928671099
33.754443148745658,0.25079119359234597
34.013851652853177,0.25153485365530609
0.10970872255693311,0.30192518909552352
0.20498453559682289,0.47763643757546598
0.26801900958641989,0.80518198487908887
0.37722537463143241,0.73225872810043668
0.46211513624240103,0.78636269792637692
0.48357230619395919,0.75587371469485798
0.53893169004347086,0.60425179632164217
0.58961074760216414,0.38885834774616268
0.63774814403057856,0.27813397424295527
0.67410388422425926,0.56136648338719675
0.68835255549247432,0.5545600773192777
0.70467309828982261,0.68653281518561282
0.72479957379200288,0.71440383316857425
0.73527929126718017,0.67570079896338464
0.75149361632764666,0.60762362699280181
0.75878772163154973,0.61159179751948634
0.76389539044353572,0.6385328654465352
0.77221721252362674,0.56185444965808429
0.79981554366716701,0.6253817887916524
0.81241088153726326,0.50531327170221951
0.81961669476026811,0.53226081644722489
0.82780144602888839,0.57988647319590114
0.83541714448327065,0.54439996143813318
0.83985833041015756,0.54366702552981594
0.83464333972799443,0.64147018106819487
0.83838126408709901,0.60030234196528998
0.86481700119594107,0.68454224250696993
0.8778600089448847,0.72524752190755004
0.89235514131150706,0.59708913150129228
0.89999906755288595,0.45268322893896668
0.90954010347074199,0.69276378543051509
0.91732022453508122,0.69399456492312328
