panel_id,subject_id,group_label,value
01_obs_vs_disd_01,26050701,Obs,4.052631578947368
01_obs_vs_disd_01,26050702,Obs,5.067796610169491
01_obs_vs_disd_01,26050801,Obs,7.220338983050848
01_obs_vs_disd_01,26051101,Obs,6.214285714285714
01_obs_vs_disd_01,26051102,Obs,5.103448275862069
01_obs_vs_disd_01,26051103,Obs,5.576271186440678
01_obs_vs_disd_01,26051104,Obs,4.673076923076923
01_obs_vs_disd_01,26051105,Obs,7.0
01_obs_vs_disd_01,26051201,Obs,4.609756097560975
01_obs_vs_disd_01,26051202,Obs,5.4576271186440675
01_obs_vs_disd_01,26051203,Obs,4.932203389830509
01_obs_vs_disd_01,26051204,Obs,6.038461538461538
01_obs_vs_disd_01,26051301,Obs,5.717948717948718
01_obs_vs_disd_01,26051302,Obs,4.966666666666667
01_obs_vs_disd_01,26051303,Obs,6.65
01_obs_vs_disd_01,26051304,Obs,4.869565217391305
01_obs_vs_disd_01,26051402,Obs,5.488372093023256
01_obs_vs_disd_01,26051403,Obs,5.25
01_obs_vs_disd_01,26051404,Obs,7.75
01_obs_vs_disd_01,26051501,Obs,6.016949152542373
01_obs_vs_disd_01,26051502,Obs,3.923076923076923
01_obs_vs_disd_01,26051503,Obs,4.228571428571429
01_obs_vs_disd_01,26051801,Obs,3.142857142857143
01_obs_vs_disd_01,26051802,Obs,5.305084745762712
01_obs_vs_disd_01,26061202,Obs,3.0508474576271185
01_obs_vs_disd_01,26061402,Obs,5.086206896551724
01_obs_vs_disd_01,26061503,Obs,4.7272727272727275
01_obs_vs_disd_01,26062201,Obs,5.844827586206897
01_obs_vs_disd_01,26062202,Obs,4.206896551724138
01_obs_vs_disd_01,26062301,Obs,6.120689655172414
01_obs_vs_disd_01,26062302,Obs,6.169491525423729
01_obs_vs_disd_01,26062503,Obs,5.303030303030303
01_obs_vs_disd_01,26062504,Obs,4.637931034482759
01_obs_vs_disd_01,26062701,Obs,7.724137931034483
01_obs_vs_disd_01,26070101,Obs,5.457142857142857
01_obs_vs_disd_01,26070601,Obs,4.391304347826087
01_obs_vs_disd_01,26072203,Obs,5.237288135593221
01_obs_vs_disd_01,26062901,DIS-D,5.448275862068965
01_obs_vs_disd_01,26063001,DIS-D,4.605263157894737
01_obs_vs_disd_01,26063002,DIS-D,6.3559322033898304
01_obs_vs_disd_01,26070102,DIS-D,4.779661016949152
01_obs_vs_disd_01,26070103,DIS-D,4.305084745762712
01_obs_vs_disd_01,26070201,DIS-D,7.576271186440678
01_obs_vs_disd_01,26070202,DIS-D,7.5423728813559325
01_obs_vs_disd_01,26070301,DIS-D,6.8474576271186445
01_obs_vs_disd_01,26070302,DIS-D,5.220338983050848
01_obs_vs_disd_01,26070401,DIS-D,5.1525423728813555
01_obs_vs_disd_01,26070701,DIS-D,6.3
01_obs_vs_disd_01,26070702,DIS-D,4.966101694915254
01_obs_vs_disd_01,26070703,DIS-D,6.717948717948718
01_obs_vs_disd_01,26070801,DIS-D,7.254237288135593
01_obs_vs_disd_01,26070802,DIS-D,5.796610169491525
01_obs_vs_disd_01,26070803,DIS-D,5.8474576271186445
01_obs_vs_disd_01,26070901,DIS-D,5.775862068965517
01_obs_vs_disd_01,26070902,DIS-D,5.773584905660377
01_obs_vs_disd_01,26071001,DIS-D,4.982758620689655
01_obs_vs_disd_01,26071101,DIS-D,6.551724137931035
01_obs_vs_disd_01,26071102,DIS-D,5.448275862068965
01_obs_vs_disd_01,26071103,DIS-D,6.0508474576271185
01_obs_vs_disd_01,26071104,DIS-D,5.915254237288136
01_obs_vs_disd_01,26071301,DIS-D,5.338983050847458
01_obs_vs_disd_01,26071302,DIS-D,5.35
01_obs_vs_disd_01,26071303,DIS-D,5.840909090909091
01_obs_vs_disd_01,26071401,DIS-D,5.627118644067797
01_obs_vs_disd_01,26071402,DIS-D,7.483333333333333
01_obs_vs_disd_01,26071403,DIS-D,5.290909090909091
01_obs_vs_disd_01,26071502,DIS-D,5.796610169491525
01_obs_vs_disd_01,26071602,DIS-D,4.559322033898305
01_obs_vs_disd_01,26071701,DIS-D,6.322033898305085
01_obs_vs_disd_01,26071702,DIS-D,7.137931034482759
01_obs_vs_disd_01,26071703,DIS-D,6.084745762711864
01_obs_vs_disd_01,26071704,DIS-D,5.913793103448276
01_obs_vs_disd_01,26072201,DIS-D,4.0
01_obs_vs_disd_01,26072202,DIS-D,6.404761904761905
01_obs_vs_disd_02,26050701,Obs,7.263157894736843
01_obs_vs_disd_02,26050702,Obs,10.322033898305085
01_obs_vs_disd_02,26050801,Obs,13.152542372881356
01_obs_vs_disd_02,26051101,Obs,12.642857142857142
01_obs_vs_disd_02,26051102,Obs,9.637931034482758
01_obs_vs_disd_02,26051103,Obs,11.694915254237287
01_obs_vs_disd_02,26051104,Obs,8.653846153846153
01_obs_vs_disd_02,26051105,Obs,13.375
01_obs_vs_disd_02,26051201,Obs,9.951219512195122
01_obs_vs_disd_02,26051202,Obs,11.796610169491526
01_obs_vs_disd_02,26051203,Obs,8.694915254237289
01_obs_vs_disd_02,26051204,Obs,10.538461538461538
01_obs_vs_disd_02,26051301,Obs,10.333333333333334
01_obs_vs_disd_02,26051302,Obs,8.75
01_obs_vs_disd_02,26051303,Obs,11.966666666666669
01_obs_vs_disd_02,26051304,Obs,9.347826086956522
01_obs_vs_disd_02,26051402,Obs,10.83720930232558
01_obs_vs_disd_02,26051403,Obs,10.866666666666667
01_obs_vs_disd_02,26051404,Obs,13.166666666666666
01_obs_vs_disd_02,26051501,Obs,12.11864406779661
01_obs_vs_disd_02,26051502,Obs,8.23076923076923
01_obs_vs_disd_02,26051503,Obs,9.142857142857142
01_obs_vs_disd_02,26051801,Obs,7.448275862068965
01_obs_vs_disd_02,26051802,Obs,9.542372881355933
01_obs_vs_disd_02,26061202,Obs,7.694915254237288
01_obs_vs_disd_02,26061402,Obs,9.586206896551724
01_obs_vs_disd_02,26061503,Obs,11.757575757575758
01_obs_vs_disd_02,26062201,Obs,10.79310344827586
01_obs_vs_disd_02,26062202,Obs,8.10344827586207
01_obs_vs_disd_02,26062301,Obs,11.694915254237287
01_obs_vs_disd_02,26062302,Obs,11.440677966101696
01_obs_vs_disd_02,26062503,Obs,9.87878787878788
01_obs_vs_disd_02,26062504,Obs,9.362068965517242
01_obs_vs_disd_02,26062701,Obs,13.620689655172416
01_obs_vs_disd_02,26070101,Obs,9.914285714285716
01_obs_vs_disd_02,26070601,Obs,8.73913043478261
01_obs_vs_disd_02,26072203,Obs,10.677966101694915
01_obs_vs_disd_02,26062901,DIS-D,13.271186440677964
01_obs_vs_disd_02,26063001,DIS-D,11.35897435897436
01_obs_vs_disd_02,26063002,DIS-D,12.220338983050848
01_obs_vs_disd_02,26070102,DIS-D,8.94915254237288
01_obs_vs_disd_02,26070103,DIS-D,8.94915254237288
01_obs_vs_disd_02,26070201,DIS-D,13.65
01_obs_vs_disd_02,26070202,DIS-D,14.101694915254235
01_obs_vs_disd_02,26070301,DIS-D,12.169491525423728
01_obs_vs_disd_02,26070302,DIS-D,11.28813559322034
01_obs_vs_disd_02,26070401,DIS-D,10.71186440677966
01_obs_vs_disd_02,26070701,DIS-D,13.333333333333334
01_obs_vs_disd_02,26070702,DIS-D,8.94915254237288
01_obs_vs_disd_02,26070703,DIS-D,13.897435897435898
01_obs_vs_disd_02,26070801,DIS-D,15.11864406779661
01_obs_vs_disd_02,26070802,DIS-D,11.389830508474576
01_obs_vs_disd_02,26070803,DIS-D,10.64406779661017
01_obs_vs_disd_02,26070901,DIS-D,12.379310344827584
01_obs_vs_disd_02,26070902,DIS-D,12.056603773584904
01_obs_vs_disd_02,26071001,DIS-D,9.23728813559322
01_obs_vs_disd_02,26071101,DIS-D,12.779661016949152
01_obs_vs_disd_02,26071102,DIS-D,11.172413793103448
01_obs_vs_disd_02,26071103,DIS-D,12.083333333333334
01_obs_vs_disd_02,26071104,DIS-D,11.59322033898305
01_obs_vs_disd_02,26071301,DIS-D,9.779661016949152
01_obs_vs_disd_02,26071302,DIS-D,9.933333333333334
01_obs_vs_disd_02,26071303,DIS-D,10.636363636363637
01_obs_vs_disd_02,26071401,DIS-D,9.254237288135592
01_obs_vs_disd_02,26071402,DIS-D,12.95
01_obs_vs_disd_02,26071403,DIS-D,12.49090909090909
01_obs_vs_disd_02,26071502,DIS-D,10.779661016949152
01_obs_vs_disd_02,26071602,DIS-D,9.203389830508474
01_obs_vs_disd_02,26071701,DIS-D,11.05084745762712
01_obs_vs_disd_02,26071702,DIS-D,12.559322033898304
01_obs_vs_disd_02,26071703,DIS-D,11.28813559322034
01_obs_vs_disd_02,26071704,DIS-D,9.672413793103448
01_obs_vs_disd_02,26072201,DIS-D,6.258620689655173
01_obs_vs_disd_02,26072202,DIS-D,11.333333333333334
01_obs_vs_disd_03,26050701,Obs,0.2400935880425044
01_obs_vs_disd_03,26050702,Obs,0.4394074078422156
01_obs_vs_disd_03,26050801,Obs,0.6817543594923529
01_obs_vs_disd_03,26051101,Obs,0.5991496306099637
01_obs_vs_disd_03,26051102,Obs,0.4581986374985132
01_obs_vs_disd_03,26051103,Obs,0.5292938616983777
01_obs_vs_disd_03,26051104,Obs,0.3807097543125404
01_obs_vs_disd_03,26051105,Obs,0.6555113470082741
01_obs_vs_disd_03,26051201,Obs,0.4252969164687086
01_obs_vs_disd_03,26051202,Obs,0.4566552141485237
01_obs_vs_disd_03,26051203,Obs,0.4334046550957306
01_obs_vs_disd_03,26051204,Obs,0.5182354383453814
01_obs_vs_disd_03,26051301,Obs,0.5501504756548398
01_obs_vs_disd_03,26051302,Obs,0.4407103503072295
01_obs_vs_disd_03,26051303,Obs,0.6218584460122674
01_obs_vs_disd_03,26051304,Obs,0.4126631926311013
01_obs_vs_disd_03,26051402,Obs,0.5477936366297775
01_obs_vs_disd_03,26051403,Obs,0.477162444037444
01_obs_vs_disd_03,26051404,Obs,0.694939438954478
01_obs_vs_disd_03,26051501,Obs,0.555335011115439
01_obs_vs_disd_03,26051502,Obs,0.4560689628195348
01_obs_vs_disd_03,26051503,Obs,0.3405272516425238
01_obs_vs_disd_03,26051801,Obs,0.2111877394636015
01_obs_vs_disd_03,26051802,Obs,0.4701110428844678
01_obs_vs_disd_03,26061202,Obs,0.220665492699391
01_obs_vs_disd_03,26061402,Obs,0.3602044236140045
01_obs_vs_disd_03,26061503,Obs,0.5479053060827189
01_obs_vs_disd_03,26062201,Obs,0.5073124163281613
01_obs_vs_disd_03,26062202,Obs,0.3037952592723698
01_obs_vs_disd_03,26062301,Obs,0.6179316524322073
01_obs_vs_disd_03,26062302,Obs,0.5583542105930889
01_obs_vs_disd_03,26062503,Obs,0.5388256097307292
01_obs_vs_disd_03,26062504,Obs,0.4258898694303573
01_obs_vs_disd_03,26062701,Obs,0.6730446887695067
01_obs_vs_disd_03,26070101,Obs,0.4648388889355275
01_obs_vs_disd_03,26070601,Obs,0.4021549548959757
01_obs_vs_disd_03,26072203,Obs,0.442858604589852
01_obs_vs_disd_03,26062901,DIS-D,0.5490819697169469
01_obs_vs_disd_03,26063001,DIS-D,0.4135144825934299
01_obs_vs_disd_03,26063002,DIS-D,0.5020843157908692
01_obs_vs_disd_03,26070102,DIS-D,0.3559868374673958
01_obs_vs_disd_03,26070103,DIS-D,0.3961931679155009
01_obs_vs_disd_03,26070201,DIS-D,0.7598075489818313
01_obs_vs_disd_03,26070202,DIS-D,0.6816023282067502
01_obs_vs_disd_03,26070301,DIS-D,0.5220845295017603
01_obs_vs_disd_03,26070302,DIS-D,0.467853188380212
01_obs_vs_disd_03,26070401,DIS-D,0.5303011500739829
01_obs_vs_disd_03,26070701,DIS-D,0.6749957370193301
01_obs_vs_disd_03,26070702,DIS-D,0.3690612389423849
01_obs_vs_disd_03,26070703,DIS-D,0.7461631951446126
01_obs_vs_disd_03,26070801,DIS-D,0.6184661842218315
01_obs_vs_disd_03,26070802,DIS-D,0.5981475471569666
01_obs_vs_disd_03,26070803,DIS-D,0.534830398195249
01_obs_vs_disd_03,26070901,DIS-D,0.528796548528225
01_obs_vs_disd_03,26070902,DIS-D,0.6389378961557579
01_obs_vs_disd_03,26071001,DIS-D,0.4192132066390869
01_obs_vs_disd_03,26071101,DIS-D,0.6482473577658353
01_obs_vs_disd_03,26071102,DIS-D,0.5432939937278655
01_obs_vs_disd_03,26071103,DIS-D,0.5849954276056301
01_obs_vs_disd_03,26071104,DIS-D,0.5344467889241185
01_obs_vs_disd_03,26071301,DIS-D,0.4052254936612733
01_obs_vs_disd_03,26071302,DIS-D,0.4946923148828856
01_obs_vs_disd_03,26071303,DIS-D,0.5884923592185735
01_obs_vs_disd_03,26071401,DIS-D,0.514189312815491
01_obs_vs_disd_03,26071402,DIS-D,0.4966576842776533
01_obs_vs_disd_03,26071403,DIS-D,0.6216223791306165
01_obs_vs_disd_03,26071502,DIS-D,0.6239375864888391
01_obs_vs_disd_03,26071602,DIS-D,0.3036156183464259
01_obs_vs_disd_03,26071701,DIS-D,0.532063617741453
01_obs_vs_disd_03,26071702,DIS-D,0.5317661046672638
01_obs_vs_disd_03,26071703,DIS-D,0.7128408741761403
01_obs_vs_disd_03,26071704,DIS-D,0.6182324068352419
01_obs_vs_disd_03,26072201,DIS-D,0.2370640386258786
01_obs_vs_disd_03,26072202,DIS-D,0.6012348977665882
01_obs_vs_disd_04,26050701,Obs,0.2748746867167919
01_obs_vs_disd_04,26050702,Obs,0.5610842076943772
01_obs_vs_disd_04,26050801,Obs,0.699404761904762
01_obs_vs_disd_04,26051101,Obs,0.6418792517006803
01_obs_vs_disd_04,26051102,Obs,0.5472701149425288
01_obs_vs_disd_04,26051103,Obs,0.5904761904761904
01_obs_vs_disd_04,26051104,Obs,0.4377217553688142
01_obs_vs_disd_04,26051105,Obs,0.6401785714285715
01_obs_vs_disd_04,26051201,Obs,0.4949186991869919
01_obs_vs_disd_04,26051202,Obs,0.4976190476190476
01_obs_vs_disd_04,26051203,Obs,0.5202777777777777
01_obs_vs_disd_04,26051204,Obs,0.5479395604395604
01_obs_vs_disd_04,26051301,Obs,0.605006105006105
01_obs_vs_disd_04,26051302,Obs,0.5355295566502464
01_obs_vs_disd_04,26051303,Obs,0.6807647907647908
01_obs_vs_disd_04,26051304,Obs,0.4924603174603175
01_obs_vs_disd_04,26051402,Obs,0.6390919158361019
01_obs_vs_disd_04,26051403,Obs,0.6017460317460318
01_obs_vs_disd_04,26051404,Obs,0.7160303776683087
01_obs_vs_disd_04,26051501,Obs,0.6364675813828357
01_obs_vs_disd_04,26051502,Obs,0.6217948717948718
01_obs_vs_disd_04,26051503,Obs,0.3769387755102041
01_obs_vs_disd_04,26051801,Obs,0.2839080459770114
01_obs_vs_disd_04,26051802,Obs,0.5525625504439063
01_obs_vs_disd_04,26061202,Obs,0.2853914447134786
01_obs_vs_disd_04,26061402,Obs,0.455718537414966
01_obs_vs_disd_04,26061503,Obs,0.5727633477633477
01_obs_vs_disd_04,26062201,Obs,0.5628489326765188
01_obs_vs_disd_04,26062202,Obs,0.3726600985221674
01_obs_vs_disd_04,26062301,Obs,0.6898910411622277
01_obs_vs_disd_04,26062302,Obs,0.6374293785310735
01_obs_vs_disd_04,26062503,Obs,0.637914862914863
01_obs_vs_disd_04,26062504,Obs,0.5104064039408867
01_obs_vs_disd_04,26062701,Obs,0.6978429616360651
01_obs_vs_disd_04,26070101,Obs,0.5857482993197279
01_obs_vs_disd_04,26070601,Obs,0.5068840579710144
01_obs_vs_disd_04,26072203,Obs,0.5581691297208539
01_obs_vs_disd_04,26062901,DIS-D,0.5975585149313962
01_obs_vs_disd_04,26063001,DIS-D,0.4831453634085212
01_obs_vs_disd_04,26063002,DIS-D,0.5750470809792844
01_obs_vs_disd_04,26070102,DIS-D,0.4397901533494753
01_obs_vs_disd_04,26070103,DIS-D,0.5061743341404358
01_obs_vs_disd_04,26070201,DIS-D,0.7634175084175083
01_obs_vs_disd_04,26070202,DIS-D,0.7349654177240385
01_obs_vs_disd_04,26070301,DIS-D,0.5841269841269842
01_obs_vs_disd_04,26070302,DIS-D,0.5033456486042693
01_obs_vs_disd_04,26070401,DIS-D,0.6347420634920635
01_obs_vs_disd_04,26070701,DIS-D,0.7204365079365079
01_obs_vs_disd_04,26070702,DIS-D,0.452865213882163
01_obs_vs_disd_04,26070703,DIS-D,0.796947496947497
01_obs_vs_disd_04,26070801,DIS-D,0.660542328042328
01_obs_vs_disd_04,26070802,DIS-D,0.683272800645682
01_obs_vs_disd_04,26070803,DIS-D,0.6033494753833737
01_obs_vs_disd_04,26070901,DIS-D,0.5659893267651888
01_obs_vs_disd_04,26070902,DIS-D,0.6609838274932615
01_obs_vs_disd_04,26071001,DIS-D,0.515314769975787
01_obs_vs_disd_04,26071101,DIS-D,0.7182936507936508
01_obs_vs_disd_04,26071102,DIS-D,0.6304050355774493
01_obs_vs_disd_04,26071103,DIS-D,0.6430753968253968
01_obs_vs_disd_04,26071104,DIS-D,0.6346448748991121
01_obs_vs_disd_04,26071301,DIS-D,0.4720137207425343
01_obs_vs_disd_04,26071302,DIS-D,0.5727579365079365
01_obs_vs_disd_04,26071303,DIS-D,0.6777597402597403
01_obs_vs_disd_04,26071401,DIS-D,0.6155367231638419
01_obs_vs_disd_04,26071402,DIS-D,0.5090145502645502
01_obs_vs_disd_04,26071403,DIS-D,0.6743290043290042
01_obs_vs_disd_04,26071502,DIS-D,0.6755044390637611
01_obs_vs_disd_04,26071602,DIS-D,0.385956416464891
01_obs_vs_disd_04,26071701,DIS-D,0.5623426382047071
01_obs_vs_disd_04,26071702,DIS-D,0.6076002152273339
01_obs_vs_disd_04,26071703,DIS-D,0.7778114070486952
01_obs_vs_disd_04,26071704,DIS-D,0.687171592775041
01_obs_vs_disd_04,26072201,DIS-D,0.2782840722495894
01_obs_vs_disd_04,26072202,DIS-D,0.7245464852607709
01_obs_vs_disd_05,26050701,Obs,200.7819691708178
01_obs_vs_disd_05,26050702,Obs,350.6398955457247
01_obs_vs_disd_05,26050801,Obs,466.23519122427086
01_obs_vs_disd_05,26051101,Obs,426.3648743386372
01_obs_vs_disd_05,26051102,Obs,322.96402443374734
01_obs_vs_disd_05,26051103,Obs,402.4986415005711
01_obs_vs_disd_05,26051104,Obs,294.64119827041407
01_obs_vs_disd_05,26051105,Obs,489.63532271791865
01_obs_vs_disd_05,26051201,Obs,336.6886649672157
01_obs_vs_disd_05,26051202,Obs,382.32669810239486
01_obs_vs_disd_05,26051203,Obs,318.12811442760534
01_obs_vs_disd_05,26051204,Obs,338.3099671695952
01_obs_vs_disd_05,26051301,Obs,327.56224363498677
01_obs_vs_disd_05,26051302,Obs,300.4664648412175
01_obs_vs_disd_05,26051303,Obs,388.15373430440087
01_obs_vs_disd_05,26051304,Obs,289.15152021709747
01_obs_vs_disd_05,26051402,Obs,334.45477847988275
01_obs_vs_disd_05,26051403,Obs,411.9107989551697
01_obs_vs_disd_05,26051404,Obs,488.5674156592088
01_obs_vs_disd_05,26051501,Obs,415.40088902104935
01_obs_vs_disd_05,26051502,Obs,272.04151501077934
01_obs_vs_disd_05,26051503,Obs,285.8772453279933
01_obs_vs_disd_05,26051801,Obs,241.77614099448064
01_obs_vs_disd_05,26051802,Obs,301.90314362877365
01_obs_vs_disd_05,26061202,Obs,240.92453437932775
01_obs_vs_disd_05,26061402,Obs,320.98934161022686
01_obs_vs_disd_05,26061503,Obs,385.5136432810759
01_obs_vs_disd_05,26062201,Obs,383.90755772865856
01_obs_vs_disd_05,26062202,Obs,265.8765807636278
01_obs_vs_disd_05,26062301,Obs,413.70437885114296
01_obs_vs_disd_05,26062302,Obs,393.3876318130315
01_obs_vs_disd_05,26062503,Obs,314.20325024075305
01_obs_vs_disd_05,26062504,Obs,286.27384116655844
01_obs_vs_disd_05,26062701,Obs,477.1263710635161
01_obs_vs_disd_05,26070101,Obs,328.12358823255465
01_obs_vs_disd_05,26070601,Obs,276.70517118087105
01_obs_vs_disd_05,26072203,Obs,338.9365177937063
01_obs_vs_disd_05,26062901,DIS-D,444.3446601010239
01_obs_vs_disd_05,26063001,DIS-D,434.7948543656212
01_obs_vs_disd_05,26063002,DIS-D,464.002079331774
01_obs_vs_disd_05,26070102,DIS-D,310.8866971708986
01_obs_vs_disd_05,26070103,DIS-D,262.9848792723404
01_obs_vs_disd_05,26070201,DIS-D,455.0493314848859
01_obs_vs_disd_05,26070202,DIS-D,431.5201899007608
01_obs_vs_disd_05,26070301,DIS-D,409.758149203765
01_obs_vs_disd_05,26070302,DIS-D,419.3374897954792
01_obs_vs_disd_05,26070401,DIS-D,374.4671537763126
01_obs_vs_disd_05,26070701,DIS-D,466.2128210778872
01_obs_vs_disd_05,26070702,DIS-D,310.8866971708986
01_obs_vs_disd_05,26070703,DIS-D,443.44636593364146
01_obs_vs_disd_05,26070801,DIS-D,449.62351862277154
01_obs_vs_disd_05,26070802,DIS-D,402.4555427645836
01_obs_vs_disd_05,26070803,DIS-D,332.4004706769607
01_obs_vs_disd_05,26070901,DIS-D,440.95631722535336
01_obs_vs_disd_05,26070902,DIS-D,406.8453455781875
01_obs_vs_disd_05,26071001,DIS-D,283.13252170146137
01_obs_vs_disd_05,26071101,DIS-D,454.0483580925232
01_obs_vs_disd_05,26071102,DIS-D,375.3152581305534
01_obs_vs_disd_05,26071103,DIS-D,416.6089935225696
01_obs_vs_disd_05,26071104,DIS-D,433.0704111494479
01_obs_vs_disd_05,26071301,DIS-D,357.49379137292107
01_obs_vs_disd_05,26071302,DIS-D,353.8989737181007
01_obs_vs_disd_05,26071303,DIS-D,395.37576273194423
01_obs_vs_disd_05,26071401,DIS-D,328.70655073809223
01_obs_vs_disd_05,26071402,DIS-D,455.9180990767139
01_obs_vs_disd_05,26071403,DIS-D,436.72321484930984
01_obs_vs_disd_05,26071502,DIS-D,366.41491059848994
01_obs_vs_disd_05,26071602,DIS-D,300.58016292806843
01_obs_vs_disd_05,26071701,DIS-D,365.2879265377856
01_obs_vs_disd_05,26071702,DIS-D,425.0265332754922
01_obs_vs_disd_05,26071703,DIS-D,395.83639316413286
01_obs_vs_disd_05,26071704,DIS-D,324.08369148640713
01_obs_vs_disd_05,26072201,DIS-D,172.22069428703784
01_obs_vs_disd_05,26072202,DIS-D,417.6206503606928
01_obs_vs_disd_06,26050701,Obs,160.30171049267298
01_obs_vs_disd_06,26050702,Obs,346.7228035463084
01_obs_vs_disd_06,26050801,Obs,328.4256885618556
01_obs_vs_disd_06,26051101,Obs,276.6843162379388
01_obs_vs_disd_06,26051102,Obs,395.4992182231255
01_obs_vs_disd_06,26051103,Obs,357.5413126560937
01_obs_vs_disd_06,26051104,Obs,325.51131425757
01_obs_vs_disd_06,26051105,Obs,327.99122011513373
01_obs_vs_disd_06,26051201,Obs,312.74074148467673
01_obs_vs_disd_06,26051202,Obs,358.9909068983511
01_obs_vs_disd_06,26051203,Obs,256.71862893443745
01_obs_vs_disd_06,26051204,Obs,207.79961728227025
01_obs_vs_disd_06,26051301,Obs,218.0069968792842
01_obs_vs_disd_06,26051302,Obs,257.5420774835398
01_obs_vs_disd_06,26051303,Obs,351.5183396337952
01_obs_vs_disd_06,26051304,Obs,249.5235156805892
01_obs_vs_disd_06,26051402,Obs,201.32262546525135
01_obs_vs_disd_06,26051403,Obs,302.58608192890836
01_obs_vs_disd_06,26051404,Obs,357.27802891409584
01_obs_vs_disd_06,26051501,Obs,346.603516416192
01_obs_vs_disd_06,26051502,Obs,153.18573044412062
01_obs_vs_disd_06,26051503,Obs,172.1197277110933
01_obs_vs_disd_06,26051801,Obs,199.08050040681564
01_obs_vs_disd_06,26051802,Obs,204.0588585020296
01_obs_vs_disd_06,26061202,Obs,205.50932018365296
01_obs_vs_disd_06,26061402,Obs,225.4814157339259
01_obs_vs_disd_06,26061503,Obs,323.450430726879
01_obs_vs_disd_06,26062201,Obs,316.7312203223609
01_obs_vs_disd_06,26062202,Obs,349.07719722111057
01_obs_vs_disd_06,26062301,Obs,312.813048135046
01_obs_vs_disd_06,26062302,Obs,402.91551710854486
01_obs_vs_disd_06,26062503,Obs,203.74176329275636
01_obs_vs_disd_06,26062504,Obs,220.83829811050563
01_obs_vs_disd_06,26062701,Obs,383.0517735083815
01_obs_vs_disd_06,26070101,Obs,313.586497897426
01_obs_vs_disd_06,26070601,Obs,238.0922110214717
01_obs_vs_disd_06,26072203,Obs,312.5792006005618
01_obs_vs_disd_06,26062901,DIS-D,408.798002812198
01_obs_vs_disd_06,26063001,DIS-D,318.1158743486781
01_obs_vs_disd_06,26063002,DIS-D,350.5378509868075
01_obs_vs_disd_06,26070102,DIS-D,386.60190679381503
01_obs_vs_disd_06,26070103,DIS-D,257.4237005095982
01_obs_vs_disd_06,26070201,DIS-D,278.3725588014466
01_obs_vs_disd_06,26070202,DIS-D,342.543044028261
01_obs_vs_disd_06,26070301,DIS-D,357.66142974389976
01_obs_vs_disd_06,26070302,DIS-D,235.5188471182653
01_obs_vs_disd_06,26070401,DIS-D,337.2058846852065
01_obs_vs_disd_06,26070701,DIS-D,311.0118825584163
01_obs_vs_disd_06,26070702,DIS-D,386.60190679381503
01_obs_vs_disd_06,26070703,DIS-D,361.0656713082474
01_obs_vs_disd_06,26070801,DIS-D,584.503411899871
01_obs_vs_disd_06,26070802,DIS-D,309.2552850662425
01_obs_vs_disd_06,26070803,DIS-D,320.67176561399623
01_obs_vs_disd_06,26070901,DIS-D,357.29443593154747
01_obs_vs_disd_06,26070902,DIS-D,245.46436322428573
01_obs_vs_disd_06,26071001,DIS-D,326.50661004388365
01_obs_vs_disd_06,26071101,DIS-D,423.35010044816886
01_obs_vs_disd_06,26071102,DIS-D,302.8707288757377
01_obs_vs_disd_06,26071103,DIS-D,321.3652448499516
01_obs_vs_disd_06,26071104,DIS-D,362.20779560510425
01_obs_vs_disd_06,26071301,DIS-D,414.8155668491206
01_obs_vs_disd_06,26071302,DIS-D,311.6478835836812
01_obs_vs_disd_06,26071303,DIS-D,359.95719521348195
01_obs_vs_disd_06,26071401,DIS-D,357.47137465436214
01_obs_vs_disd_06,26071402,DIS-D,442.8234068196878
01_obs_vs_disd_06,26071403,DIS-D,376.30213724219794
01_obs_vs_disd_06,26071502,DIS-D,235.5225608503152
01_obs_vs_disd_06,26071602,DIS-D,417.61811648851705
01_obs_vs_disd_06,26071701,DIS-D,330.9320928603614
01_obs_vs_disd_06,26071702,DIS-D,354.67404861088403
01_obs_vs_disd_06,26071703,DIS-D,320.22688576687347
01_obs_vs_disd_06,26071704,DIS-D,267.27231936387244
01_obs_vs_disd_06,26072201,DIS-D,245.4790738138936
01_obs_vs_disd_06,26072202,DIS-D,376.8533414470293
02_dis_vs_ndis_01,26050701,DIS,3.0625
02_dis_vs_ndis_01,26050702,DIS,3.8181818181818183
02_dis_vs_ndis_01,26050801,DIS,4.571428571428571
02_dis_vs_ndis_01,26051101,DIS,3.928571428571429
02_dis_vs_ndis_01,26051102,DIS,3.7857142857142856
02_dis_vs_ndis_01,26051103,DIS,4.25
02_dis_vs_ndis_01,26051104,DIS,2.9642857142857144
02_dis_vs_ndis_01,26051105,DIS,3.75
02_dis_vs_ndis_01,26051201,DIS,3.272727272727273
02_dis_vs_ndis_01,26051202,DIS,3.4285714285714284
02_dis_vs_ndis_01,26051203,DIS,3.2857142857142856
02_dis_vs_ndis_01,26051204,DIS,3.85
02_dis_vs_ndis_01,26051301,DIS,3.96
02_dis_vs_ndis_01,26051302,DIS,2.740740740740741
02_dis_vs_ndis_01,26051303,DIS,4.24
02_dis_vs_ndis_01,26051304,DIS,4.0476190476190474
02_dis_vs_ndis_01,26051402,DIS,3.85
02_dis_vs_ndis_01,26051403,DIS,3.8333333333333335
02_dis_vs_ndis_01,26051404,DIS,4.4375
02_dis_vs_ndis_01,26051501,DIS,4.238095238095238
02_dis_vs_ndis_01,26051502,DIS,3.0
02_dis_vs_ndis_01,26051503,DIS,3.0
02_dis_vs_ndis_01,26051801,DIS,2.2083333333333335
02_dis_vs_ndis_01,26051802,DIS,2.9130434782608696
02_dis_vs_ndis_01,26051901,DIS,4.0
02_dis_vs_ndis_01,26051902,DIS,2.1875
02_dis_vs_ndis_01,26052002,DIS,3.5789473684210527
02_dis_vs_ndis_01,26052003,DIS,3.5454545454545454
02_dis_vs_ndis_01,26052102,DIS,3.3125
02_dis_vs_ndis_01,26052103,DIS,3.9166666666666665
02_dis_vs_ndis_01,26052201,DIS,3.297297297297298
02_dis_vs_ndis_01,26052202,DIS,3.4210526315789473
02_dis_vs_ndis_01,26052301,DIS,3.3
02_dis_vs_ndis_01,26052302,DIS,3.0555555555555554
02_dis_vs_ndis_01,26052303,DIS,4.0
02_dis_vs_ndis_01,26060301,DIS,2.6176470588235294
02_dis_vs_ndis_01,26060302,DIS,2.6842105263157894
02_dis_vs_ndis_01,26060401,DIS,2.896551724137931
02_dis_vs_ndis_01,26060402,DIS,3.3076923076923075
02_dis_vs_ndis_01,26060403,DIS,2.8684210526315788
02_dis_vs_ndis_01,26060404,DIS,3.0
02_dis_vs_ndis_01,26060405,DIS,3.682926829268293
02_dis_vs_ndis_01,26060501,DIS,3.3
02_dis_vs_ndis_01,26060502,DIS,2.7777777777777777
02_dis_vs_ndis_01,26060503,DIS,3.703703703703704
02_dis_vs_ndis_01,26060601,DIS,2.923076923076923
02_dis_vs_ndis_01,26060602,DIS,3.5357142857142856
02_dis_vs_ndis_01,26060603,DIS,2.736842105263158
02_dis_vs_ndis_01,26060801,DIS,4.055555555555555
02_dis_vs_ndis_01,26060802,DIS,3.863636363636364
02_dis_vs_ndis_01,26060901,DIS,3.107142857142857
02_dis_vs_ndis_01,26060902,DIS,3.6666666666666665
02_dis_vs_ndis_01,26060903,DIS,3.65
02_dis_vs_ndis_01,26060904,DIS,3.1333333333333333
02_dis_vs_ndis_01,26061101,DIS,3.142857142857143
02_dis_vs_ndis_01,26061102,DIS,4.6
02_dis_vs_ndis_01,26061103,DIS,3.5
02_dis_vs_ndis_01,26061201,DIS,4.052631578947368
02_dis_vs_ndis_01,26061202,DIS,2.357142857142857
02_dis_vs_ndis_01,26061401,DIS,3.127272727272727
02_dis_vs_ndis_01,26061402,DIS,3.588235294117647
02_dis_vs_ndis_01,26061501,DIS,4.416666666666667
02_dis_vs_ndis_01,26061502,DIS,4.076923076923077
02_dis_vs_ndis_01,26061503,DIS,4.0
02_dis_vs_ndis_01,26062201,DIS,4.0
02_dis_vs_ndis_01,26062202,DIS,2.979591836734694
02_dis_vs_ndis_01,26062301,DIS,4.722222222222222
02_dis_vs_ndis_01,26062302,DIS,4.441860465116279
02_dis_vs_ndis_01,26062501,DIS,3.236842105263158
02_dis_vs_ndis_01,26062503,DIS,3.8
02_dis_vs_ndis_01,26062504,DIS,2.7777777777777777
02_dis_vs_ndis_01,26062701,DIS,4.7
02_dis_vs_ndis_01,26070101,DIS,3.9444444444444446
02_dis_vs_ndis_01,26070601,DIS,3.25
02_dis_vs_ndis_01,26072203,DIS,3.75
02_dis_vs_ndis_01,26050701,NDIS,4.833333333333333
02_dis_vs_ndis_01,26050702,NDIS,4.961538461538462
02_dis_vs_ndis_01,26050801,NDIS,4.6923076923076925
02_dis_vs_ndis_01,26051101,NDIS,5.0
02_dis_vs_ndis_01,26051102,NDIS,3.9545454545454546
02_dis_vs_ndis_01,26051103,NDIS,3.6296296296296298
02_dis_vs_ndis_01,26051104,NDIS,4.541666666666667
02_dis_vs_ndis_01,26051105,NDIS,5.0
02_dis_vs_ndis_01,26051201,NDIS,4.5
02_dis_vs_ndis_01,26051202,NDIS,3.8653846153846154
02_dis_vs_ndis_01,26051203,NDIS,4.516129032258065
02_dis_vs_ndis_01,26051204,NDIS,4.833333333333333
02_dis_vs_ndis_01,26051301,NDIS,4.928571428571429
02_dis_vs_ndis_01,26051302,NDIS,4.787878787878788
02_dis_vs_ndis_01,26051303,NDIS,4.9714285714285715
02_dis_vs_ndis_01,26051304,NDIS,4.0
02_dis_vs_ndis_01,26051402,NDIS,4.3478260869565215
02_dis_vs_ndis_01,26051403,NDIS,4.291666666666667
02_dis_vs_ndis_01,26051404,NDIS,4.954545454545454
02_dis_vs_ndis_01,26051501,NDIS,4.657894736842105
02_dis_vs_ndis_01,26051502,NDIS,4.0
02_dis_vs_ndis_01,26051503,NDIS,4.25
02_dis_vs_ndis_01,26051801,NDIS,3.4
02_dis_vs_ndis_01,26051802,NDIS,4.555555555555555
02_dis_vs_ndis_01,26051901,NDIS,4.735849056603773
02_dis_vs_ndis_01,26051902,NDIS,3.1818181818181817
02_dis_vs_ndis_01,26052002,NDIS,4.219512195121951
02_dis_vs_ndis_01,26052003,NDIS,4.4324324324324325
02_dis_vs_ndis_01,26052102,NDIS,4.222222222222222
02_dis_vs_ndis_01,26052103,NDIS,4.238095238095238
02_dis_vs_ndis_01,26052201,NDIS,4.5
02_dis_vs_ndis_01,26052202,NDIS,4.25
02_dis_vs_ndis_01,26052301,NDIS,4.4
02_dis_vs_ndis_01,26052302,NDIS,4.414634146341464
02_dis_vs_ndis_01,26052303,NDIS,4.25
02_dis_vs_ndis_01,26060301,NDIS,3.625
02_dis_vs_ndis_01,26060302,NDIS,4.75
02_dis_vs_ndis_01,26060401,NDIS,3.0
02_dis_vs_ndis_01,26060402,NDIS,4.1
02_dis_vs_ndis_01,26060403,NDIS,4.833333333333333
02_dis_vs_ndis_01,26060404,NDIS,3.4347826086956523
02_dis_vs_ndis_01,26060405,NDIS,4.545454545454546
02_dis_vs_ndis_01,26060501,NDIS,3.5
02_dis_vs_ndis_01,26060502,NDIS,3.44
02_dis_vs_ndis_01,26060503,NDIS,4.666666666666667
02_dis_vs_ndis_01,26060601,NDIS,4.804347826086956
02_dis_vs_ndis_01,26060602,NDIS,4.615384615384615
02_dis_vs_ndis_01,26060603,NDIS,3.048780487804878
02_dis_vs_ndis_01,26060801,NDIS,4.190476190476191
02_dis_vs_ndis_01,26060802,NDIS,4.095238095238095
02_dis_vs_ndis_01,26060901,NDIS,3.3225806451612905
02_dis_vs_ndis_01,26060902,NDIS,4.462962962962963
02_dis_vs_ndis_01,26060903,NDIS,4.076923076923077
02_dis_vs_ndis_01,26060904,NDIS,4.888888888888889
02_dis_vs_ndis_01,26061101,NDIS,4.333333333333333
02_dis_vs_ndis_01,26061102,NDIS,3.907407407407407
02_dis_vs_ndis_01,26061103,NDIS,4.1891891891891895
02_dis_vs_ndis_01,26061201,NDIS,4.476190476190476
02_dis_vs_ndis_01,26061202,NDIS,2.5806451612903225
02_dis_vs_ndis_01,26061401,NDIS,4.0
02_dis_vs_ndis_01,26061402,NDIS,4.708333333333333
02_dis_vs_ndis_01,26061501,NDIS,4.617021276595745
02_dis_vs_ndis_01,26061502,NDIS,4.2727272727272725
02_dis_vs_ndis_01,26061503,NDIS,3.5555555555555554
02_dis_vs_ndis_01,26062201,NDIS,4.333333333333333
02_dis_vs_ndis_01,26062202,NDIS,4.444444444444445
02_dis_vs_ndis_01,26062301,NDIS,4.7317073170731705
02_dis_vs_ndis_01,26062302,NDIS,4.8125
02_dis_vs_ndis_01,26062501,NDIS,4.545454545454546
02_dis_vs_ndis_01,26062503,NDIS,4.321428571428571
02_dis_vs_ndis_01,26062504,NDIS,3.938775510204082
02_dis_vs_ndis_01,26062701,NDIS,4.526315789473684
02_dis_vs_ndis_01,26070101,NDIS,4.705882352941177
02_dis_vs_ndis_01,26070601,NDIS,5.0
02_dis_vs_ndis_01,26072203,NDIS,4.340425531914893
02_dis_vs_ndis_02,26050701,DIS,19686.408949669763
02_dis_vs_ndis_02,26050702,DIS,22749.281610118163
02_dis_vs_ndis_02,26050801,DIS,51281.45758315354
02_dis_vs_ndis_02,26051101,DIS,33983.28742047623
02_dis_vs_ndis_02,26051102,DIS,31236.90343417972
02_dis_vs_ndis_02,26051103,DIS,73031.24440897549
02_dis_vs_ndis_02,26051104,DIS,17544.36331213751
02_dis_vs_ndis_02,26051105,DIS,33717.02243177624
02_dis_vs_ndis_02,26051201,DIS,19394.53217860962
02_dis_vs_ndis_02,26051202,DIS,13413.29096812692
02_dis_vs_ndis_02,26051203,DIS,26595.298610661237
02_dis_vs_ndis_02,26051204,DIS,63658.402917527455
02_dis_vs_ndis_02,26051301,DIS,32973.21631369699
02_dis_vs_ndis_02,26051302,DIS,15218.290357484446
02_dis_vs_ndis_02,26051303,DIS,41456.07545598003
02_dis_vs_ndis_02,26051304,DIS,35887.06504929671
02_dis_vs_ndis_02,26051402,DIS,20500.78059050216
02_dis_vs_ndis_02,26051403,DIS,17021.113291964404
02_dis_vs_ndis_02,26051404,DIS,63892.78300133385
02_dis_vs_ndis_02,26051501,DIS,27953.80173758172
02_dis_vs_ndis_02,26051502,DIS,23539.45657486
02_dis_vs_ndis_02,26051503,DIS,22045.228543571637
02_dis_vs_ndis_02,26051801,DIS,22490.1993170075
02_dis_vs_ndis_02,26051802,DIS,16044.408446941818
02_dis_vs_ndis_02,26051901,DIS,50929.9568883155
02_dis_vs_ndis_02,26051902,DIS,8975.017550021845
02_dis_vs_ndis_02,26052002,DIS,34160.74385835217
02_dis_vs_ndis_02,26052003,DIS,13358.215307129009
02_dis_vs_ndis_02,26052102,DIS,18480.285086014577
02_dis_vs_ndis_02,26052103,DIS,48325.25392900612
02_dis_vs_ndis_02,26052201,DIS,18436.561974363303
02_dis_vs_ndis_02,26052202,DIS,23302.33709265614
02_dis_vs_ndis_02,26052301,DIS,42112.17258928702
02_dis_vs_ndis_02,26052302,DIS,18757.52709876039
02_dis_vs_ndis_02,26052303,DIS,48384.81311623034
02_dis_vs_ndis_02,26060301,DIS,23071.13773299207
02_dis_vs_ndis_02,26060302,DIS,51849.00431244116
02_dis_vs_ndis_02,26060401,DIS,15375.669030693722
02_dis_vs_ndis_02,26060402,DIS,21993.690233449834
02_dis_vs_ndis_02,26060403,DIS,27511.92277911153
02_dis_vs_ndis_02,26060404,DIS,50596.880598694406
02_dis_vs_ndis_02,26060405,DIS,37730.55687780204
02_dis_vs_ndis_02,26060501,DIS,31389.633465320658
02_dis_vs_ndis_02,26060502,DIS,13484.744675856326
02_dis_vs_ndis_02,26060503,DIS,28499.97731403888
02_dis_vs_ndis_02,26060601,DIS,18051.464700517645
02_dis_vs_ndis_02,26060602,DIS,17332.166363887387
02_dis_vs_ndis_02,26060603,DIS,19389.451276140007
02_dis_vs_ndis_02,26060801,DIS,42758.96911644749
02_dis_vs_ndis_02,26060802,DIS,37002.05269854068
02_dis_vs_ndis_02,26060901,DIS,14693.2021258216
02_dis_vs_ndis_02,26060902,DIS,37765.741012318846
02_dis_vs_ndis_02,26060903,DIS,26731.92981384368
02_dis_vs_ndis_02,26060904,DIS,26499.625800948474
02_dis_vs_ndis_02,26061101,DIS,12461.50302699931
02_dis_vs_ndis_02,26061102,DIS,44979.759791491495
02_dis_vs_ndis_02,26061103,DIS,23139.925957038937
02_dis_vs_ndis_02,26061201,DIS,60984.504770931824
02_dis_vs_ndis_02,26061202,DIS,12410.328840424036
02_dis_vs_ndis_02,26061401,DIS,14677.472850849696
02_dis_vs_ndis_02,26061402,DIS,26686.350270900595
02_dis_vs_ndis_02,26061501,DIS,28323.457489320423
02_dis_vs_ndis_02,26061502,DIS,32408.530308292713
02_dis_vs_ndis_02,26061503,DIS,26953.50465541304
02_dis_vs_ndis_02,26062201,DIS,36992.2814428549
02_dis_vs_ndis_02,26062202,DIS,21928.524382937147
02_dis_vs_ndis_02,26062301,DIS,45973.692320016795
02_dis_vs_ndis_02,26062302,DIS,31587.71698282333
02_dis_vs_ndis_02,26062501,DIS,18583.701701256363
02_dis_vs_ndis_02,26062503,DIS,30402.67391761361
02_dis_vs_ndis_02,26062504,DIS,15886.413920843092
02_dis_vs_ndis_02,26062701,DIS,64494.02852245267
02_dis_vs_ndis_02,26070101,DIS,19923.288087726905
02_dis_vs_ndis_02,26070601,DIS,19098.440064462535
02_dis_vs_ndis_02,26072203,DIS,27806.830347054663
02_dis_vs_ndis_02,26050701,NDIS,40854.440737289326
02_dis_vs_ndis_02,26050702,NDIS,50224.099291187784
02_dis_vs_ndis_02,26050801,NDIS,54350.18901136298
02_dis_vs_ndis_02,26051101,NDIS,79001.00877651885
02_dis_vs_ndis_02,26051102,NDIS,21813.688127835143
02_dis_vs_ndis_02,26051103,NDIS,46534.78687712091
02_dis_vs_ndis_02,26051104,NDIS,38252.91554804933
02_dis_vs_ndis_02,26051105,NDIS,96691.1750890516
02_dis_vs_ndis_02,26051201,NDIS,43991.601240541306
02_dis_vs_ndis_02,26051202,NDIS,19261.52930514007
02_dis_vs_ndis_02,26051203,NDIS,58106.54640480213
02_dis_vs_ndis_02,26051204,NDIS,244393.62622108715
02_dis_vs_ndis_02,26051301,NDIS,80725.9541079714
02_dis_vs_ndis_02,26051302,NDIS,59525.084601888775
02_dis_vs_ndis_02,26051303,NDIS,73715.01470776295
02_dis_vs_ndis_02,26051304,NDIS,51226.467319937976
02_dis_vs_ndis_02,26051402,NDIS,33556.81166331631
02_dis_vs_ndis_02,26051403,NDIS,25739.7305397709
02_dis_vs_ndis_02,26051404,NDIS,103600.45120396477
02_dis_vs_ndis_02,26051501,NDIS,40642.14195642374
02_dis_vs_ndis_02,26051502,NDIS,26485.23178455288
02_dis_vs_ndis_02,26051503,NDIS,32666.46422029089
02_dis_vs_ndis_02,26051801,NDIS,54817.59897206009
02_dis_vs_ndis_02,26051802,NDIS,40267.04754251926
02_dis_vs_ndis_02,26051901,NDIS,36877.55026602863
02_dis_vs_ndis_02,26051902,NDIS,24064.731812557275
02_dis_vs_ndis_02,26052002,NDIS,48761.83855510393
02_dis_vs_ndis_02,26052003,NDIS,35410.60787088804
02_dis_vs_ndis_02,26052102,NDIS,31282.75931884001
02_dis_vs_ndis_02,26052103,NDIS,63237.481129149106
02_dis_vs_ndis_02,26052201,NDIS,35406.73151090449
02_dis_vs_ndis_02,26052202,NDIS,41161.33617779487
02_dis_vs_ndis_02,26052301,NDIS,86812.75059826438
02_dis_vs_ndis_02,26052302,NDIS,44583.515206464945
02_dis_vs_ndis_02,26052303,NDIS,35502.171227307605
02_dis_vs_ndis_02,26060301,NDIS,27681.45679796993
02_dis_vs_ndis_02,26060302,NDIS,178610.55698749336
02_dis_vs_ndis_02,26060401,NDIS,38328.12583525814
02_dis_vs_ndis_02,26060402,NDIS,38103.843217868394
02_dis_vs_ndis_02,26060403,NDIS,145694.16486375473
02_dis_vs_ndis_02,26060404,NDIS,50573.04653323998
02_dis_vs_ndis_02,26060405,NDIS,42206.201345348825
02_dis_vs_ndis_02,26060501,NDIS,30529.197739772982
02_dis_vs_ndis_02,26060502,NDIS,24654.463879034494
02_dis_vs_ndis_02,26060503,NDIS,43725.238659135626
02_dis_vs_ndis_02,26060601,NDIS,42300.94891419626
02_dis_vs_ndis_02,26060602,NDIS,44487.173615276384
02_dis_vs_ndis_02,26060603,NDIS,21394.499126873812
02_dis_vs_ndis_02,26060801,NDIS,44082.72060394465
02_dis_vs_ndis_02,26060802,NDIS,36819.95359029406
02_dis_vs_ndis_02,26060901,NDIS,17900.23303310464
02_dis_vs_ndis_02,26060902,NDIS,41437.119408462655
02_dis_vs_ndis_02,26060903,NDIS,38314.31391260492
02_dis_vs_ndis_02,26060904,NDIS,58993.83830766802
02_dis_vs_ndis_02,26061101,NDIS,27381.363388273283
02_dis_vs_ndis_02,26061102,NDIS,33829.82205442866
02_dis_vs_ndis_02,26061103,NDIS,34555.28065037289
02_dis_vs_ndis_02,26061201,NDIS,100083.60323235235
02_dis_vs_ndis_02,26061202,NDIS,14422.24772789901
02_dis_vs_ndis_02,26061401,NDIS,22461.64548288594
02_dis_vs_ndis_02,26061402,NDIS,47619.15202138843
02_dis_vs_ndis_02,26061501,NDIS,45437.14933027965
02_dis_vs_ndis_02,26061502,NDIS,42140.23924442951
02_dis_vs_ndis_02,26061503,NDIS,40182.71480365885
02_dis_vs_ndis_02,26062201,NDIS,37163.79981368724
02_dis_vs_ndis_02,26062202,NDIS,48509.65903579794
02_dis_vs_ndis_02,26062301,NDIS,49564.2160712005
02_dis_vs_ndis_02,26062302,NDIS,56668.82301063258
02_dis_vs_ndis_02,26062501,NDIS,60506.389669247445
02_dis_vs_ndis_02,26062503,NDIS,70273.72795790459
02_dis_vs_ndis_02,26062504,NDIS,28411.66920793463
02_dis_vs_ndis_02,26062701,NDIS,84336.43871487907
02_dis_vs_ndis_02,26070101,NDIS,33587.09383992521
02_dis_vs_ndis_02,26070601,NDIS,38372.72173553773
02_dis_vs_ndis_02,26072203,NDIS,43034.569114071535
02_dis_vs_ndis_03,0,DIS,133.457125723303
02_dis_vs_ndis_03,1,DIS,269.2776035819062
02_dis_vs_ndis_03,2,DIS,327.5199029579652
02_dis_vs_ndis_03,3,DIS,181.7077009691782
02_dis_vs_ndis_03,4,DIS,336.35484442744024
02_dis_vs_ndis_03,5,DIS,339.6733871710043
02_dis_vs_ndis_03,6,DIS,238.12609400100573
02_dis_vs_ndis_03,7,DIS,196.30475239597175
02_dis_vs_ndis_03,8,DIS,273.9793233858722
02_dis_vs_ndis_03,9,DIS,279.1041879822327
02_dis_vs_ndis_03,10,DIS,184.63394986969888
02_dis_vs_ndis_03,11,DIS,174.67533496565173
02_dis_vs_ndis_03,12,DIS,203.2312646393073
02_dis_vs_ndis_03,13,DIS,218.6320446963913
02_dis_vs_ndis_03,14,DIS,351.1083892890527
02_dis_vs_ndis_03,15,DIS,236.0524721140423
02_dis_vs_ndis_03,16,DIS,148.2668037954611
02_dis_vs_ndis_03,17,DIS,277.9545828151611
02_dis_vs_ndis_03,18,DIS,236.67167663199237
02_dis_vs_ndis_03,19,DIS,338.75348080323903
02_dis_vs_ndis_03,20,DIS,154.9623700055707
02_dis_vs_ndis_03,21,DIS,136.73920453509368
02_dis_vs_ndis_03,22,DIS,218.72365757932516
02_dis_vs_ndis_03,23,DIS,150.88048339379498
02_dis_vs_ndis_03,24,DIS,274.64804233925065
02_dis_vs_ndis_03,25,DIS,119.60315507626058
02_dis_vs_ndis_03,26,DIS,449.99837797918786
02_dis_vs_ndis_03,27,DIS,180.6684166557885
02_dis_vs_ndis_03,28,DIS,148.7155671009881
02_dis_vs_ndis_03,29,DIS,234.6559621974727
02_dis_vs_ndis_03,30,DIS,145.25301181100878
02_dis_vs_ndis_03,31,DIS,155.1699391729722
02_dis_vs_ndis_03,32,DIS,184.3582337557579
02_dis_vs_ndis_03,33,DIS,199.12931085902937
02_dis_vs_ndis_03,34,DIS,211.63027701764324
02_dis_vs_ndis_03,35,DIS,261.63003736930983
02_dis_vs_ndis_03,36,DIS,219.9871637009816
02_dis_vs_ndis_03,37,DIS,145.62256996362345
02_dis_vs_ndis_03,38,DIS,130.076407478064
02_dis_vs_ndis_03,39,DIS,124.75404694805891
02_dis_vs_ndis_03,40,DIS,199.56856218954584
02_dis_vs_ndis_03,41,DIS,159.5240777735734
02_dis_vs_ndis_03,42,DIS,200.90426596301705
02_dis_vs_ndis_03,43,DIS,120.90036077042696
02_dis_vs_ndis_03,44,DIS,240.60984179260157
02_dis_vs_ndis_03,45,DIS,185.96502582474417
02_dis_vs_ndis_03,46,DIS,224.47916494774068
02_dis_vs_ndis_03,47,DIS,160.25645910427656
02_dis_vs_ndis_03,48,DIS,201.8125866751234
02_dis_vs_ndis_03,49,DIS,144.53487835320075
02_dis_vs_ndis_03,50,DIS,152.22329752893174
02_dis_vs_ndis_03,51,DIS,284.2118857313383
02_dis_vs_ndis_03,52,DIS,213.41486651985423
02_dis_vs_ndis_03,53,DIS,142.09197633373836
02_dis_vs_ndis_03,54,DIS,199.1160845016753
02_dis_vs_ndis_03,55,DIS,278.8818814229775
02_dis_vs_ndis_03,56,DIS,252.04049850834423
02_dis_vs_ndis_03,57,DIS,314.39678628081214
02_dis_vs_ndis_03,58,DIS,205.1778722755428
02_dis_vs_ndis_03,59,DIS,248.1864586951557
02_dis_vs_ndis_03,60,DIS,184.8229547742716
02_dis_vs_ndis_03,61,DIS,276.9240076532571
02_dis_vs_ndis_03,62,DIS,322.77157745286075
02_dis_vs_ndis_03,63,DIS,248.73675058283325
02_dis_vs_ndis_03,64,DIS,297.2269834458773
02_dis_vs_ndis_03,65,DIS,312.0786092980779
02_dis_vs_ndis_03,66,DIS,315.4523947575013
02_dis_vs_ndis_03,67,DIS,377.59050890895435
02_dis_vs_ndis_03,68,DIS,242.08275545117587
02_dis_vs_ndis_03,69,DIS,190.86011096850564
02_dis_vs_ndis_03,70,DIS,223.06281893221853
02_dis_vs_ndis_03,71,DIS,377.7083390022004
02_dis_vs_ndis_03,72,DIS,231.34429643270576
02_dis_vs_ndis_03,73,DIS,209.91497784618323
02_dis_vs_ndis_03,74,DIS,289.1549964448745
02_dis_vs_ndis_03,0,NDIS,258.7318546470296
02_dis_vs_ndis_03,1,NDIS,436.0826496590801
02_dis_vs_ndis_03,2,NDIS,328.55001207611514
02_dis_vs_ndis_03,3,NDIS,371.6609315066994
02_dis_vs_ndis_03,4,NDIS,413.38007541717
02_dis_vs_ndis_03,5,NDIS,376.7327881771157
02_dis_vs_ndis_03,6,NDIS,416.53758535815774
02_dis_vs_ndis_03,7,NDIS,459.67768783429574
02_dis_vs_ndis_03,8,NDIS,467.786413879895
02_dis_vs_ndis_03,9,NDIS,369.74488829090546
02_dis_vs_ndis_03,10,NDIS,309.5807269152457
02_dis_vs_ndis_03,11,NDIS,312.6931779515621
02_dis_vs_ndis_03,12,NDIS,244.39223302210007
02_dis_vs_ndis_03,13,NDIS,281.1239155363571
02_dis_vs_ndis_03,14,NDIS,351.81116130861136
02_dis_vs_ndis_03,15,NDIS,384.2339513460579
02_dis_vs_ndis_03,16,NDIS,245.1513477142085
02_dis_vs_ndis_03,17,NDIS,308.3509008704237
02_dis_vs_ndis_03,18,NDIS,401.1348842894062
02_dis_vs_ndis_03,19,NDIS,351.05894203435446
02_dis_vs_ndis_03,20,NDIS,147.2635985726204
02_dis_vs_ndis_03,21,NDIS,282.6838626360921
02_dis_vs_ndis_03,22,NDIS,116.57924028227576
02_dis_vs_ndis_03,23,NDIS,236.55675440150628
02_dis_vs_ndis_03,24,NDIS,360.4738805116221
02_dis_vs_ndis_03,25,NDIS,231.8541035324248
02_dis_vs_ndis_03,26,NDIS,425.5477500881706
02_dis_vs_ndis_03,27,NDIS,231.49710566812416
02_dis_vs_ndis_03,28,NDIS,230.5776962556118
02_dis_vs_ndis_03,29,NDIS,293.69958713901605
02_dis_vs_ndis_03,30,NDIS,240.3220161526717
02_dis_vs_ndis_03,31,NDIS,161.013102428736
02_dis_vs_ndis_03,32,NDIS,335.3829506739402
02_dis_vs_ndis_03,33,NDIS,340.40417093595084
02_dis_vs_ndis_03,34,NDIS,252.88950715325117
02_dis_vs_ndis_03,35,NDIS,287.02087494485716
02_dis_vs_ndis_03,36,NDIS,319.58119577612075
02_dis_vs_ndis_03,37,NDIS,454.3705974141632
02_dis_vs_ndis_03,38,NDIS,283.57325980046284
02_dis_vs_ndis_03,39,NDIS,181.10350390310657
02_dis_vs_ndis_03,40,NDIS,241.50889533362076
02_dis_vs_ndis_03,41,NDIS,146.8218571458437
02_dis_vs_ndis_03,42,NDIS,209.55760903747523
02_dis_vs_ndis_03,43,NDIS,251.08664407823912
02_dis_vs_ndis_03,44,NDIS,145.62635258224455
02_dis_vs_ndis_03,45,NDIS,521.3083862964834
02_dis_vs_ndis_03,46,NDIS,328.01819255545485
02_dis_vs_ndis_03,47,NDIS,281.28214233328856
02_dis_vs_ndis_03,48,NDIS,228.30653457850696
02_dis_vs_ndis_03,49,NDIS,279.2462408562474
02_dis_vs_ndis_03,50,NDIS,236.49716620572084
02_dis_vs_ndis_03,51,NDIS,423.8677562208639
02_dis_vs_ndis_03,52,NDIS,253.86036125443368
02_dis_vs_ndis_03,53,NDIS,325.76195750908454
02_dis_vs_ndis_03,54,NDIS,255.96528825543868
02_dis_vs_ndis_03,55,NDIS,312.46799259995487
02_dis_vs_ndis_03,56,NDIS,396.94458373282663
02_dis_vs_ndis_03,57,NDIS,305.54775624311867
02_dis_vs_ndis_03,58,NDIS,205.84076809176307
02_dis_vs_ndis_03,59,NDIS,102.88530939155346
02_dis_vs_ndis_03,60,NDIS,276.7464317265335
02_dis_vs_ndis_03,61,NDIS,396.0244740233034
02_dis_vs_ndis_03,62,NDIS,375.2633273555364
02_dis_vs_ndis_03,63,NDIS,340.05347075888926
02_dis_vs_ndis_03,64,NDIS,352.81405854385577
02_dis_vs_ndis_03,65,NDIS,517.6263199815927
02_dis_vs_ndis_03,66,NDIS,311.6253421549412
02_dis_vs_ndis_03,67,NDIS,469.3936636324699
02_dis_vs_ndis_03,68,NDIS,417.10394462709974
02_dis_vs_ndis_03,69,NDIS,206.1272544639139
02_dis_vs_ndis_03,70,NDIS,220.55431672901037
02_dis_vs_ndis_03,71,NDIS,385.72349076147214
02_dis_vs_ndis_03,72,NDIS,400.6664759188945
02_dis_vs_ndis_03,73,NDIS,425.9404321900618
02_dis_vs_ndis_03,74,NDIS,318.6898625542194
02_dis_vs_ndis_04,26050701,DIS,6630.537078436393
02_dis_vs_ndis_04,26050702,DIS,10412.372263428662
02_dis_vs_ndis_04,26050801,DIS,28993.837807972417
02_dis_vs_ndis_04,26051101,DIS,19366.05529100457
02_dis_vs_ndis_04,26051102,DIS,15939.967533079966
02_dis_vs_ndis_04,26051103,DIS,27984.689077205978
02_dis_vs_ndis_04,26051104,DIS,7060.018788917289
02_dis_vs_ndis_04,26051105,DIS,19778.746545295144
02_dis_vs_ndis_04,26051201,DIS,10747.592027395967
02_dis_vs_ndis_04,26051202,DIS,6616.955541368229
02_dis_vs_ndis_04,26051203,DIS,8756.39762826267
02_dis_vs_ndis_04,26051204,DIS,22055.12823330818
02_dis_vs_ndis_04,26051301,DIS,15605.341947223636
02_dis_vs_ndis_04,26051302,DIS,5233.2424446315035
02_dis_vs_ndis_04,26051303,DIS,17600.148129735127
02_dis_vs_ndis_04,26051304,DIS,14779.29058107434
02_dis_vs_ndis_04,26051402,DIS,11290.014606798602
02_dis_vs_ndis_04,26051403,DIS,8738.686740808627
02_dis_vs_ndis_04,26051404,DIS,32685.546557639573
02_dis_vs_ndis_04,26051501,DIS,18138.52400547799
02_dis_vs_ndis_04,26051502,DIS,8662.054408959571
02_dis_vs_ndis_04,26051503,DIS,10794.174729377764
02_dis_vs_ndis_04,26051801,DIS,7572.223391428366
02_dis_vs_ndis_04,26051802,DIS,9059.53466826804
02_dis_vs_ndis_04,26051901,DIS,29162.473348955857
02_dis_vs_ndis_04,26051902,DIS,5402.7035988269445
02_dis_vs_ndis_04,26052002,DIS,9955.2249358055
02_dis_vs_ndis_04,26052003,DIS,5814.661975863866
02_dis_vs_ndis_04,26052102,DIS,9734.255023590347
02_dis_vs_ndis_04,26052103,DIS,22036.246055213403
02_dis_vs_ndis_04,26052201,DIS,9135.386143145157
02_dis_vs_ndis_04,26052202,DIS,10261.87529450579
02_dis_vs_ndis_04,26052301,DIS,17660.53963476966
02_dis_vs_ndis_04,26052302,DIS,9401.188328372284
02_dis_vs_ndis_04,26052303,DIS,22159.840332944685
02_dis_vs_ndis_04,26060301,DIS,10474.781634505836
02_dis_vs_ndis_04,26060302,DIS,9224.149547148674
02_dis_vs_ndis_04,26060401,DIS,7183.983665516604
02_dis_vs_ndis_04,26060402,DIS,10774.17168545071
02_dis_vs_ndis_04,26060403,DIS,11578.863704588446
02_dis_vs_ndis_04,26060404,DIS,23644.89932042117
02_dis_vs_ndis_04,26060405,DIS,13335.683563222789
02_dis_vs_ndis_04,26060501,DIS,12726.272237918212
02_dis_vs_ndis_04,26060502,DIS,5285.056894600608
02_dis_vs_ndis_04,26060503,DIS,9927.949718319069
02_dis_vs_ndis_04,26060601,DIS,7790.499466073439
02_dis_vs_ndis_04,26060602,DIS,9487.506487848726
02_dis_vs_ndis_04,26060603,DIS,9550.572270727387
02_dis_vs_ndis_04,26060801,DIS,18721.66480962855
02_dis_vs_ndis_04,26060802,DIS,14699.533250749804
02_dis_vs_ndis_04,26060901,DIS,6646.267458745957
02_dis_vs_ndis_04,26060902,DIS,22151.92993711947
02_dis_vs_ndis_04,26060903,DIS,11532.00373587054
02_dis_vs_ndis_04,26060904,DIS,8088.912422116018
02_dis_vs_ndis_04,26061101,DIS,5764.053898507059
02_dis_vs_ndis_04,26061102,DIS,25768.228577257916
02_dis_vs_ndis_04,26061103,DIS,10484.664087700106
02_dis_vs_ndis_04,26061201,DIS,28210.839978483164
02_dis_vs_ndis_04,26061202,DIS,6537.909182313444
02_dis_vs_ndis_04,26061401,DIS,6324.4843392683615
02_dis_vs_ndis_04,26061402,DIS,10204.205531756625
02_dis_vs_ndis_04,26061501,DIS,15463.847024272249
02_dis_vs_ndis_04,26061502,DIS,15322.17672161534
02_dis_vs_ndis_04,26061503,DIS,13925.277895423627
02_dis_vs_ndis_04,26062201,DIS,21679.45223026628
02_dis_vs_ndis_04,26062202,DIS,8374.679505604317
02_dis_vs_ndis_04,26062301,DIS,23790.282886932684
02_dis_vs_ndis_04,26062302,DIS,16153.248864058842
02_dis_vs_ndis_04,26062501,DIS,9367.318180638931
02_dis_vs_ndis_04,26062503,DIS,14237.447510799428
02_dis_vs_ndis_04,26062504,DIS,5888.609152743298
02_dis_vs_ndis_04,26062701,DIS,39915.56881051413
02_dis_vs_ndis_04,26070101,DIS,10139.033582589063
02_dis_vs_ndis_04,26070601,DIS,10132.96050687059
02_dis_vs_ndis_04,26072203,DIS,11015.164757118311
02_dis_vs_ndis_04,26050701,NDIS,17007.509766089333
02_dis_vs_ndis_04,26050702,NDIS,23188.634698617956
02_dis_vs_ndis_04,26050801,NDIS,30394.976896278346
02_dis_vs_ndis_04,26051101,NDIS,47478.53555449946
02_dis_vs_ndis_04,26051102,NDIS,11590.288474733012
02_dis_vs_ndis_04,26051103,NDIS,19928.958115329497
02_dis_vs_ndis_04,26051104,NDIS,19271.581759596334
02_dis_vs_ndis_04,26051105,NDIS,69404.51886466659
02_dis_vs_ndis_04,26051201,NDIS,27640.13969028138
02_dis_vs_ndis_04,26051202,NDIS,12853.102837614117
02_dis_vs_ndis_04,26051203,NDIS,22665.36353914424
02_dis_vs_ndis_04,26051204,NDIS,93825.2091015512
02_dis_vs_ndis_04,26051301,NDIS,45073.62492683384
02_dis_vs_ndis_04,26051302,NDIS,24480.65996233909
02_dis_vs_ndis_04,26051303,NDIS,37249.25815282575
02_dis_vs_ndis_04,26051304,NDIS,26937.86775649773
02_dis_vs_ndis_04,26051402,NDIS,20163.77357304629
02_dis_vs_ndis_04,26051403,NDIS,13416.992760555337
02_dis_vs_ndis_04,26051404,NDIS,64909.96186662748
02_dis_vs_ndis_04,26051501,NDIS,25738.247508071116
02_dis_vs_ndis_04,26051502,NDIS,11901.47989396145
02_dis_vs_ndis_04,26051503,NDIS,15595.792470127262
02_dis_vs_ndis_04,26051801,NDIS,14202.94143739656
02_dis_vs_ndis_04,26051802,NDIS,24357.349494118254
02_dis_vs_ndis_04,26051901,NDIS,21509.45397286052
02_dis_vs_ndis_04,26051902,NDIS,15744.254428432532
02_dis_vs_ndis_04,26052002,NDIS,15350.014838059024
02_dis_vs_ndis_04,26052003,NDIS,17852.64299433027
02_dis_vs_ndis_04,26052102,NDIS,17255.201321216842
02_dis_vs_ndis_04,26052103,NDIS,32128.22201180215
02_dis_vs_ndis_04,26052201,NDIS,19830.55469782433
02_dis_vs_ndis_04,26052202,NDIS,19829.348916590883
02_dis_vs_ndis_04,26052301,NDIS,43704.05604969659
02_dis_vs_ndis_04,26052302,NDIS,24995.097216281552
02_dis_vs_ndis_04,26052303,NDIS,17190.82330511269
02_dis_vs_ndis_04,26060301,NDIS,12275.968477012606
02_dis_vs_ndis_04,26060302,NDIS,31360.910395107006
02_dis_vs_ndis_04,26060401,NDIS,20823.41355634827
02_dis_vs_ndis_04,26060402,NDIS,21649.34830473322
02_dis_vs_ndis_04,26060403,NDIS,69502.54813027765
02_dis_vs_ndis_04,26060404,NDIS,23977.645740969652
02_dis_vs_ndis_04,26060405,NDIS,13500.426840320946
02_dis_vs_ndis_04,26060501,NDIS,13178.541396574874
02_dis_vs_ndis_04,26060502,NDIS,9431.626467622356
02_dis_vs_ndis_04,26060503,NDIS,15983.275298501036
02_dis_vs_ndis_04,26060601,NDIS,22861.459633678325
02_dis_vs_ndis_04,26060602,NDIS,27386.545096520764
02_dis_vs_ndis_04,26060603,NDIS,11849.110233041494
02_dis_vs_ndis_04,26060801,NDIS,19753.54366440235
02_dis_vs_ndis_04,26060802,NDIS,17220.639109010113
02_dis_vs_ndis_04,26060901,NDIS,8728.508014965284
02_dis_vs_ndis_04,26060902,NDIS,24709.971769744407
02_dis_vs_ndis_04,26060903,NDIS,21690.24645058137
02_dis_vs_ndis_04,26060904,NDIS,24573.129803708605
02_dis_vs_ndis_04,26061101,NDIS,13570.13632640346
02_dis_vs_ndis_04,26061102,NDIS,21078.5163314801
02_dis_vs_ndis_04,26061103,NDIS,19834.68781254628
02_dis_vs_ndis_04,26061201,NDIS,57154.90886504158
02_dis_vs_ndis_04,26061202,NDIS,7937.007377617914
02_dis_vs_ndis_04,26061401,NDIS,13446.961729765935
02_dis_vs_ndis_04,26061402,NDIS,19826.931537981174
02_dis_vs_ndis_04,26061501,NDIS,27607.556440346412
02_dis_vs_ndis_04,26061502,NDIS,20105.331059934484
02_dis_vs_ndis_04,26061503,NDIS,19411.11091175157
02_dis_vs_ndis_04,26062201,NDIS,23457.982469457987
02_dis_vs_ndis_04,26062202,NDIS,19215.312069394633
02_dis_vs_ndis_04,26062301,NDIS,26695.914848053228
02_dis_vs_ndis_04,26062302,NDIS,32257.20865752527
02_dis_vs_ndis_04,26062501,NDIS,35598.604428564904
02_dis_vs_ndis_04,26062503,NDIS,27570.650739455577
02_dis_vs_ndis_04,26062504,NDIS,14063.27063986908
02_dis_vs_ndis_04,26062701,NDIS,52284.78727298238
02_dis_vs_ndis_04,26070101,NDIS,19721.588006475067
02_dis_vs_ndis_04,26070601,NDIS,24119.351599387755
02_dis_vs_ndis_04,26072203,NDIS,18779.53742075731
02_dis_vs_ndis_05,26050701,DIS,451.4550757830072
02_dis_vs_ndis_05,26050702,DIS,501.35642441484686
02_dis_vs_ndis_05,26050801,DIS,678.1245800244682
02_dis_vs_ndis_05,26051101,DIS,569.8338860067212
02_dis_vs_ndis_05,26051102,DIS,622.3936131129165
02_dis_vs_ndis_05,26051103,DIS,546.5534832734105
02_dis_vs_ndis_05,26051104,DIS,531.2634690844768
02_dis_vs_ndis_05,26051105,DIS,693.9798114182206
02_dis_vs_ndis_05,26051201,DIS,640.5452433433134
02_dis_vs_ndis_05,26051202,DIS,578.9447334686533
02_dis_vs_ndis_05,26051203,DIS,473.73552419014544
02_dis_vs_ndis_05,26051204,DIS,533.2833833411698
02_dis_vs_ndis_05,26051301,DIS,608.8127499157146
02_dis_vs_ndis_05,26051302,DIS,435.4968586076791
02_dis_vs_ndis_05,26051303,DIS,549.3908478869272
02_dis_vs_ndis_05,26051304,DIS,546.731834077655
02_dis_vs_ndis_05,26051402,DIS,666.4811636224888
02_dis_vs_ndis_05,26051403,DIS,671.0283209058731
02_dis_vs_ndis_05,26051404,DIS,643.9711445058085
02_dis_vs_ndis_05,26051501,DIS,686.8555922104775
02_dis_vs_ndis_05,26051502,DIS,634.0181419107213
02_dis_vs_ndis_05,26051503,DIS,601.3488035471365
02_dis_vs_ndis_05,26051801,DIS,536.8820042198319
02_dis_vs_ndis_05,26051802,DIS,638.5083306249747
02_dis_vs_ndis_05,26051901,DIS,625.5216925574974
02_dis_vs_ndis_05,26051902,DIS,638.5850796228631
02_dis_vs_ndis_05,26052002,DIS,414.11115073036416
02_dis_vs_ndis_05,26052003,DIS,574.9120336501304
02_dis_vs_ndis_05,26052102,DIS,642.1936094081964
02_dis_vs_ndis_05,26052103,DIS,585.6749117559363
02_dis_vs_ndis_05,26052201,DIS,578.1116542529303
02_dis_vs_ndis_05,26052202,DIS,623.9537821344159
02_dis_vs_ndis_05,26052301,DIS,606.0156631075864
02_dis_vs_ndis_05,26052302,DIS,657.9209775166441
02_dis_vs_ndis_05,26052303,DIS,564.7266876020259
02_dis_vs_ndis_05,26060301,DIS,529.5585730544225
02_dis_vs_ndis_05,26060302,DIS,365.5595049099736
02_dis_vs_ndis_05,26060401,DIS,589.6226193664676
02_dis_vs_ndis_05,26060402,DIS,579.6495788089679
02_dis_vs_ndis_05,26060403,DIS,513.6929338849886
02_dis_vs_ndis_05,26060404,DIS,563.4594483452404
02_dis_vs_ndis_05,26060405,DIS,514.1551960763269
02_dis_vs_ndis_05,26060501,DIS,591.8528727928635
02_dis_vs_ndis_05,26060502,DIS,556.2998721073951
02_dis_vs_ndis_05,26060503,DIS,492.82115283101433
02_dis_vs_ndis_05,26060601,DIS,512.2453894430594
02_dis_vs_ndis_05,26060602,DIS,706.2985863208311
02_dis_vs_ndis_05,26060603,DIS,574.2996750895
02_dis_vs_ndis_05,26060801,DIS,590.1592170363133
02_dis_vs_ndis_05,26060802,DIS,542.2782617638672
02_dis_vs_ndis_05,26060901,DIS,552.7704908944668
02_dis_vs_ndis_05,26060902,DIS,617.830457537446
02_dis_vs_ndis_05,26060903,DIS,540.8385974859737
02_dis_vs_ndis_05,26060904,DIS,475.4161426739868
02_dis_vs_ndis_05,26061101,DIS,569.8804317272378
02_dis_vs_ndis_05,26061102,DIS,728.4382308440806
02_dis_vs_ndis_05,26061103,DIS,633.727132364881
02_dis_vs_ndis_05,26061201,DIS,649.1972615753058
02_dis_vs_ndis_05,26061202,DIS,574.3391530611649
02_dis_vs_ndis_05,26061401,DIS,519.49912235868
02_dis_vs_ndis_05,26061402,DIS,500.16831438905456
02_dis_vs_ndis_05,26061501,DIS,662.5398271963387
02_dis_vs_ndis_05,26061502,DIS,596.85965611576
02_dis_vs_ndis_05,26061503,DIS,630.3025210584942
02_dis_vs_ndis_05,26062201,DIS,649.7673531846561
02_dis_vs_ndis_05,26062202,DIS,535.7024526750464
02_dis_vs_ndis_05,26062301,DIS,647.9452785390885
02_dis_vs_ndis_05,26062302,DIS,559.053078234593
02_dis_vs_ndis_05,26062501,DIS,623.6787863633632
02_dis_vs_ndis_05,26062503,DIS,636.4828751709932
02_dis_vs_ndis_05,26062504,DIS,398.7421964000543
02_dis_vs_ndis_05,26062701,DIS,719.6080058096939
02_dis_vs_ndis_05,26070101,DIS,674.2388231095979
02_dis_vs_ndis_05,26070601,DIS,566.9545274044141
02_dis_vs_ndis_05,26072203,DIS,541.2735993476048
02_dis_vs_ndis_05,26050701,NDIS,574.1376332103374
02_dis_vs_ndis_05,26050702,NDIS,534.4564539982166
02_dis_vs_ndis_05,26050801,NDIS,668.3778807479478
02_dis_vs_ndis_05,26051101,NDIS,576.0537312467834
02_dis_vs_ndis_05,26051102,NDIS,554.1252589077199
02_dis_vs_ndis_05,26051103,NDIS,608.8552142479756
02_dis_vs_ndis_05,26051104,NDIS,618.4170405638147
02_dis_vs_ndis_05,26051105,NDIS,639.126704431193
02_dis_vs_ndis_05,26051201,NDIS,696.0282998101093
02_dis_vs_ndis_05,26051202,NDIS,636.9634284201659
02_dis_vs_ndis_05,26051203,NDIS,562.1900250466045
02_dis_vs_ndis_05,26051204,NDIS,544.5849777060286
02_dis_vs_ndis_05,26051301,NDIS,740.1340514951411
02_dis_vs_ndis_05,26051302,NDIS,554.9982434000732
02_dis_vs_ndis_05,26051303,NDIS,624.812187719057
02_dis_vs_ndis_05,26051304,NDIS,665.6778906053844
02_dis_vs_ndis_05,26051402,NDIS,703.9211285434002
02_dis_vs_ndis_05,26051403,NDIS,630.8517478594669
02_dis_vs_ndis_05,26051404,NDIS,595.4572435846287
02_dis_vs_ndis_05,26051501,NDIS,611.9424219075026
02_dis_vs_ndis_05,26051502,NDIS,624.7896837634524
02_dis_vs_ndis_05,26051503,NDIS,585.927995361573
02_dis_vs_ndis_05,26051801,NDIS,462.81285631607045
02_dis_vs_ndis_05,26051802,NDIS,731.3484779432983
02_dis_vs_ndis_05,26051901,NDIS,655.5382083066504
02_dis_vs_ndis_05,26051902,NDIS,652.9077882611202
02_dis_vs_ndis_05,26052002,NDIS,504.4493442403431
02_dis_vs_ndis_05,26052003,NDIS,632.4999046982157
02_dis_vs_ndis_05,26052102,NDIS,675.6215450079494
02_dis_vs_ndis_05,26052103,NDIS,596.1160949892775
02_dis_vs_ndis_05,26052201,NDIS,632.9123429491016
02_dis_vs_ndis_05,26052202,NDIS,680.7306713764124
02_dis_vs_ndis_05,26052301,NDIS,732.9140290949642
02_dis_vs_ndis_05,26052302,NDIS,722.2908058516186
02_dis_vs_ndis_05,26052303,NDIS,626.4259534415396
02_dis_vs_ndis_05,26060301,NDIS,587.5379732002249
02_dis_vs_ndis_05,26060302,NDIS,339.13210792393653
02_dis_vs_ndis_05,26060401,NDIS,554.5755476528602
02_dis_vs_ndis_05,26060402,NDIS,631.6384531228406
02_dis_vs_ndis_05,26060403,NDIS,605.1371894796893
02_dis_vs_ndis_05,26060404,NDIS,609.5788811619692
02_dis_vs_ndis_05,26060405,NDIS,494.6221603685537
02_dis_vs_ndis_05,26060501,NDIS,604.013186777116
02_dis_vs_ndis_05,26060502,NDIS,622.4322721174185
02_dis_vs_ndis_05,26060503,NDIS,539.2766473924643
02_dis_vs_ndis_05,26060601,NDIS,540.1287459888588
02_dis_vs_ndis_05,26060602,NDIS,684.244350345202
02_dis_vs_ndis_05,26060603,NDIS,555.432492218729
02_dis_vs_ndis_05,26060801,NDIS,602.3707154860218
02_dis_vs_ndis_05,26060802,NDIS,654.7114566484026
02_dis_vs_ndis_05,26060901,NDIS,547.4394489704362
02_dis_vs_ndis_05,26060902,NDIS,548.202253074623
02_dis_vs_ndis_05,26060903,NDIS,614.6680450847898
02_dis_vs_ndis_05,26060904,NDIS,602.5994283647493
02_dis_vs_ndis_05,26061101,NDIS,650.6956048533681
02_dis_vs_ndis_05,26061102,NDIS,602.7657866829667
02_dis_vs_ndis_05,26061103,NDIS,667.0659996701667
02_dis_vs_ndis_05,26061201,NDIS,702.0202372150554
02_dis_vs_ndis_05,26061202,NDIS,526.1312345970188
02_dis_vs_ndis_05,26061401,NDIS,756.6852791204406
02_dis_vs_ndis_05,26061402,NDIS,601.6471277932493
02_dis_vs_ndis_05,26061501,NDIS,667.8739339558878
02_dis_vs_ndis_05,26061502,NDIS,578.0375562882491
02_dis_vs_ndis_05,26061503,NDIS,600.6906219491804
02_dis_vs_ndis_05,26062201,NDIS,638.7728007260333
02_dis_vs_ndis_05,26062202,NDIS,493.214911420741
02_dis_vs_ndis_05,26062301,NDIS,642.7327405922933
02_dis_vs_ndis_05,26062302,NDIS,569.3746733390035
02_dis_vs_ndis_05,26062501,NDIS,613.0416245730441
02_dis_vs_ndis_05,26062503,NDIS,624.169915368456
02_dis_vs_ndis_05,26062504,NDIS,691.2622369091855
02_dis_vs_ndis_05,26062701,NDIS,717.2457219750621
02_dis_vs_ndis_05,26070101,NDIS,683.0466056036145
02_dis_vs_ndis_05,26070601,NDIS,623.4031612494317
02_dis_vs_ndis_05,26072203,NDIS,595.3141241461591
02_dis_vs_ndis_06,26050701,DIS,0.2779317465909062
02_dis_vs_ndis_06,26050702,DIS,0.3734234951554172
02_dis_vs_ndis_06,26050801,DIS,0.6444496222894565
02_dis_vs_ndis_06,26051101,DIS,0.4720979254101414
02_dis_vs_ndis_06,26051102,DIS,0.5110091640877489
02_dis_vs_ndis_06,26051103,DIS,0.3498322642413654
02_dis_vs_ndis_06,26051104,DIS,0.3675422771764661
02_dis_vs_ndis_06,26051105,DIS,0.3892387570823558
02_dis_vs_ndis_06,26051201,DIS,0.4975153923240912
02_dis_vs_ndis_06,26051202,DIS,0.4709188285321631
02_dis_vs_ndis_06,26051203,DIS,0.3914955133982087
02_dis_vs_ndis_06,26051204,DIS,0.3864511401728187
02_dis_vs_ndis_06,26051301,DIS,0.4923642602876671
02_dis_vs_ndis_06,26051302,DIS,0.3454500331253938
02_dis_vs_ndis_06,26051303,DIS,0.5101153700003453
02_dis_vs_ndis_06,26051304,DIS,0.4148875219924618
02_dis_vs_ndis_06,26051402,DIS,0.5535167369130313
02_dis_vs_ndis_06,26051403,DIS,0.6051932197271727
02_dis_vs_ndis_06,26051404,DIS,0.5985284633955883
02_dis_vs_ndis_06,26051501,DIS,0.5595843485925805
02_dis_vs_ndis_06,26051502,DIS,0.4032976468879861
02_dis_vs_ndis_06,26051503,DIS,0.3505158252720675
02_dis_vs_ndis_06,26051801,DIS,0.1575650942490322
02_dis_vs_ndis_06,26051802,DIS,0.3666172521208264
02_dis_vs_ndis_06,26051901,DIS,0.5224973233062196
02_dis_vs_ndis_06,26051902,DIS,0.2617122990523134
02_dis_vs_ndis_06,26052002,DIS,0.2975105788006702
02_dis_vs_ndis_06,26052003,DIS,0.4792097752997267
02_dis_vs_ndis_06,26052102,DIS,0.4458291537165439
02_dis_vs_ndis_06,26052103,DIS,0.4223660700841388
02_dis_vs_ndis_06,26052201,DIS,0.4237457491450045
02_dis_vs_ndis_06,26052202,DIS,0.5098921758785582
02_dis_vs_ndis_06,26052301,DIS,0.3688480647440002
02_dis_vs_ndis_06,26052302,DIS,0.3945409968624338
02_dis_vs_ndis_06,26052303,DIS,0.497905331164361
02_dis_vs_ndis_06,26060301,DIS,0.3489727053264416
02_dis_vs_ndis_06,26060302,DIS,0.2296612077823598
02_dis_vs_ndis_06,26060401,DIS,0.2913461933682314
02_dis_vs_ndis_06,26060402,DIS,0.4644732193963024
02_dis_vs_ndis_06,26060403,DIS,0.2983791633531706
02_dis_vs_ndis_06,26060404,DIS,0.3187648852335797
02_dis_vs_ndis_06,26060405,DIS,0.4174254026807381
02_dis_vs_ndis_06,26060501,DIS,0.3503351652898836
02_dis_vs_ndis_06,26060502,DIS,0.2657326410360107
02_dis_vs_ndis_06,26060503,DIS,0.4280940633122836
02_dis_vs_ndis_06,26060601,DIS,0.3687536677370034
02_dis_vs_ndis_06,26060602,DIS,0.5485196826432969
02_dis_vs_ndis_06,26060603,DIS,0.2409534407615965
02_dis_vs_ndis_06,26060801,DIS,0.5386174376047472
02_dis_vs_ndis_06,26060802,DIS,0.4802604317493856
02_dis_vs_ndis_06,26060901,DIS,0.3615227809667872
02_dis_vs_ndis_06,26060902,DIS,0.4014284663417238
02_dis_vs_ndis_06,26060903,DIS,0.4579541792433522
02_dis_vs_ndis_06,26060904,DIS,0.2711117101312847
02_dis_vs_ndis_06,26061101,DIS,0.4503191172251184
02_dis_vs_ndis_06,26061102,DIS,0.5676778209210607
02_dis_vs_ndis_06,26061103,DIS,0.4715605929148643
02_dis_vs_ndis_06,26061201,DIS,0.4352130775032803
02_dis_vs_ndis_06,26061202,DIS,0.2730735993185697
02_dis_vs_ndis_06,26061401,DIS,0.4560370859233479
02_dis_vs_ndis_06,26061402,DIS,0.344260357432695
02_dis_vs_ndis_06,26061501,DIS,0.6780603005265279
02_dis_vs_ndis_06,26061502,DIS,0.4791372739834261
02_dis_vs_ndis_06,26061503,DIS,0.4827452900385449
02_dis_vs_ndis_06,26062201,DIS,0.4381139836918194
02_dis_vs_ndis_06,26062202,DIS,0.3177522684891352
02_dis_vs_ndis_06,26062301,DIS,0.516669487892685
02_dis_vs_ndis_06,26062302,DIS,0.5625821934086385
02_dis_vs_ndis_06,26062501,DIS,0.4766708003943571
02_dis_vs_ndis_06,26062503,DIS,0.567865511704303
02_dis_vs_ndis_06,26062504,DIS,0.2761350405937514
02_dis_vs_ndis_06,26062701,DIS,0.583968079424827
02_dis_vs_ndis_06,26070101,DIS,0.5530490054081205
02_dis_vs_ndis_06,26070601,DIS,0.4062333962505525
02_dis_vs_ndis_06,26072203,DIS,0.3257058913331205
02_dis_vs_ndis_06,26050701,NDIS,0.6068846465257781
02_dis_vs_ndis_06,26050702,NDIS,0.5071716486314641
02_dis_vs_ndis_06,26050801,NDIS,0.6675029610887835
02_dis_vs_ndis_06,26051101,NDIS,0.5821742218463383
02_dis_vs_ndis_06,26051102,NDIS,0.6309455183342058
02_dis_vs_ndis_06,26051103,NDIS,0.3250463134705235
02_dis_vs_ndis_06,26051104,NDIS,0.6246604879257708
02_dis_vs_ndis_06,26051105,NDIS,0.7058293354075139
02_dis_vs_ndis_06,26051201,NDIS,0.743776171864708
02_dis_vs_ndis_06,26051202,NDIS,0.5255255767164673
02_dis_vs_ndis_06,26051203,NDIS,0.5060454016237298
02_dis_vs_ndis_06,26051204,NDIS,0.4162005911975732
02_dis_vs_ndis_06,26051301,NDIS,0.714052248822046
02_dis_vs_ndis_06,26051302,NDIS,0.5262314671604104
02_dis_vs_ndis_06,26051303,NDIS,0.6106390455522943
02_dis_vs_ndis_06,26051304,NDIS,0.3503705606411813
02_dis_vs_ndis_06,26051402,NDIS,0.6792971263954763
02_dis_vs_ndis_06,26051403,NDIS,0.6308465647950267
02_dis_vs_ndis_06,26051404,NDIS,0.728545287236017
02_dis_vs_ndis_06,26051501,NDIS,0.7344204314045717
02_dis_vs_ndis_06,26051502,NDIS,0.6876233168126517
02_dis_vs_ndis_06,26051503,NDIS,0.540813086128048
02_dis_vs_ndis_06,26051801,NDIS,0.2414076468302942
02_dis_vs_ndis_06,26051802,NDIS,0.6426489439583117
02_dis_vs_ndis_06,26051901,NDIS,0.6717698263758082
02_dis_vs_ndis_06,26051902,NDIS,0.2961621687079036
02_dis_vs_ndis_06,26052002,NDIS,0.362387380967282
02_dis_vs_ndis_06,26052003,NDIS,0.6235298492013579
02_dis_vs_ndis_06,26052102,NDIS,0.6122736353440614
02_dis_vs_ndis_06,26052103,NDIS,0.4662035682846802
02_dis_vs_ndis_06,26052201,NDIS,0.7057364654199502
02_dis_vs_ndis_06,26052202,NDIS,0.5741669593665739
02_dis_vs_ndis_06,26052301,NDIS,0.4250858632576072
02_dis_vs_ndis_06,26052302,NDIS,0.5452730106982739
02_dis_vs_ndis_06,26052303,NDIS,0.5578996044452492
02_dis_vs_ndis_06,26060301,NDIS,0.4673052182686379
02_dis_vs_ndis_06,26060302,NDIS,0.2993154519222286
02_dis_vs_ndis_06,26060401,NDIS,0.2998347189578128
02_dis_vs_ndis_06,26060402,NDIS,0.458420252969179
02_dis_vs_ndis_06,26060403,NDIS,0.6097022442216233
02_dis_vs_ndis_06,26060404,NDIS,0.30171181096238
02_dis_vs_ndis_06,26060405,NDIS,0.5537275169179989
02_dis_vs_ndis_06,26060501,NDIS,0.5291827546667608
02_dis_vs_ndis_06,26060502,NDIS,0.4372609855090612
02_dis_vs_ndis_06,26060503,NDIS,0.6602391860595813
02_dis_vs_ndis_06,26060601,NDIS,0.8260812483530403
02_dis_vs_ndis_06,26060602,NDIS,0.7198266054857478
02_dis_vs_ndis_06,26060603,NDIS,0.2698185737706762
02_dis_vs_ndis_06,26060801,NDIS,0.5957509944695564
02_dis_vs_ndis_06,26060802,NDIS,0.6342832134890647
02_dis_vs_ndis_06,26060901,NDIS,0.3437300685688823
02_dis_vs_ndis_06,26060902,NDIS,0.5397150820796868
02_dis_vs_ndis_06,26060903,NDIS,0.6383046134385688
02_dis_vs_ndis_06,26060904,NDIS,0.5948977116454953
02_dis_vs_ndis_06,26061101,NDIS,0.7302070697345365
02_dis_vs_ndis_06,26061102,NDIS,0.5366068366968348
02_dis_vs_ndis_06,26061103,NDIS,0.6682608080599012
02_dis_vs_ndis_06,26061201,NDIS,0.3710582334222857
02_dis_vs_ndis_06,26061202,NDIS,0.2763158168960858
02_dis_vs_ndis_06,26061401,NDIS,0.7995362375391447
02_dis_vs_ndis_06,26061402,NDIS,0.4561208525805774
02_dis_vs_ndis_06,26061501,NDIS,0.7807080110240133
02_dis_vs_ndis_06,26061502,NDIS,0.4824665646257174
02_dis_vs_ndis_06,26061503,NDIS,0.4311677697785752
02_dis_vs_ndis_06,26062201,NDIS,0.5373560997399108
02_dis_vs_ndis_06,26062202,NDIS,0.3673505577664817
02_dis_vs_ndis_06,26062301,NDIS,0.5975382370881828
02_dis_vs_ndis_06,26062302,NDIS,0.5757665664234006
02_dis_vs_ndis_06,26062501,NDIS,0.6011920643156642
02_dis_vs_ndis_06,26062503,NDIS,0.442561535367081
02_dis_vs_ndis_06,26062504,NDIS,0.5292695957731894
02_dis_vs_ndis_06,26062701,NDIS,0.5035988043863702
02_dis_vs_ndis_06,26070101,NDIS,0.6131107395422728
02_dis_vs_ndis_06,26070601,NDIS,0.8122930658310562
02_dis_vs_ndis_06,26072203,NDIS,0.3746803703634473
02_dis_vs_ndis_07,26050701,DIS,6.59375
02_dis_vs_ndis_07,26050702,DIS,8.848484848484848
02_dis_vs_ndis_07,26050801,DIS,13.428571428571429
02_dis_vs_ndis_07,26051101,DIS,9.928571428571429
02_dis_vs_ndis_07,26051102,DIS,9.714285714285714
02_dis_vs_ndis_07,26051103,DIS,11.6875
02_dis_vs_ndis_07,26051104,DIS,6.321428571428571
02_dis_vs_ndis_07,26051105,DIS,10.75
02_dis_vs_ndis_07,26051201,DIS,9.151515151515152
02_dis_vs_ndis_07,26051202,DIS,7.0
02_dis_vs_ndis_07,26051203,DIS,6.5
02_dis_vs_ndis_07,26051204,DIS,8.95
02_dis_vs_ndis_07,26051301,DIS,8.52
02_dis_vs_ndis_07,26051302,DIS,5.296296296296297
02_dis_vs_ndis_07,26051303,DIS,9.72
02_dis_vs_ndis_07,26051304,DIS,9.047619047619047
02_dis_vs_ndis_07,26051402,DIS,9.3
02_dis_vs_ndis_07,26051403,DIS,8.083333333333334
02_dis_vs_ndis_07,26051404,DIS,9.625
02_dis_vs_ndis_07,26051501,DIS,10.571428571428571
02_dis_vs_ndis_07,26051502,DIS,7.8
02_dis_vs_ndis_07,26051503,DIS,8.407407407407407
02_dis_vs_ndis_07,26051801,DIS,7.0
02_dis_vs_ndis_07,26051802,DIS,7.478260869565218
02_dis_vs_ndis_07,26051901,DIS,11.333333333333334
02_dis_vs_ndis_07,26051902,DIS,7.104166666666667
02_dis_vs_ndis_07,26052002,DIS,7.7894736842105265
02_dis_vs_ndis_07,26052003,DIS,7.181818181818182
02_dis_vs_ndis_07,26052102,DIS,8.40625
02_dis_vs_ndis_07,26052103,DIS,11.0
02_dis_vs_ndis_07,26052201,DIS,7.324324324324325
02_dis_vs_ndis_07,26052202,DIS,7.631578947368421
02_dis_vs_ndis_07,26052301,DIS,9.333333333333334
02_dis_vs_ndis_07,26052302,DIS,8.833333333333334
02_dis_vs_ndis_07,26052303,DIS,10.0
02_dis_vs_ndis_07,26060301,DIS,7.352941176470588
02_dis_vs_ndis_07,26060302,DIS,7.0
02_dis_vs_ndis_07,26060401,DIS,6.827586206896552
02_dis_vs_ndis_07,26060402,DIS,7.615384615384615
02_dis_vs_ndis_07,26060403,DIS,7.763157894736843
02_dis_vs_ndis_07,26060404,DIS,7.638888888888889
02_dis_vs_ndis_07,26060405,DIS,8.268292682926829
02_dis_vs_ndis_07,26060501,DIS,8.8
02_dis_vs_ndis_07,26060502,DIS,5.777777777777778
02_dis_vs_ndis_07,26060503,DIS,7.777777777777778
02_dis_vs_ndis_07,26060601,DIS,7.3076923076923075
02_dis_vs_ndis_07,26060602,DIS,8.714285714285714
02_dis_vs_ndis_07,26060603,DIS,7.526315789473684
02_dis_vs_ndis_07,26060801,DIS,10.11111111111111
02_dis_vs_ndis_07,26060802,DIS,9.363636363636363
02_dis_vs_ndis_07,26060901,DIS,7.571428571428571
02_dis_vs_ndis_07,26060902,DIS,12.5
02_dis_vs_ndis_07,26060903,DIS,8.7
02_dis_vs_ndis_07,26060904,DIS,7.8
02_dis_vs_ndis_07,26061101,DIS,6.5
02_dis_vs_ndis_07,26061102,DIS,13.4
02_dis_vs_ndis_07,26061103,DIS,9.227272727272728
02_dis_vs_ndis_07,26061201,DIS,11.657894736842104
02_dis_vs_ndis_07,26061202,DIS,7.571428571428571
02_dis_vs_ndis_07,26061401,DIS,6.963636363636364
02_dis_vs_ndis_07,26061402,DIS,8.117647058823529
02_dis_vs_ndis_07,26061501,DIS,10.333333333333334
02_dis_vs_ndis_07,26061502,DIS,10.692307692307692
02_dis_vs_ndis_07,26061503,DIS,10.833333333333334
02_dis_vs_ndis_07,26062201,DIS,10.432432432432432
02_dis_vs_ndis_07,26062202,DIS,7.510204081632653
02_dis_vs_ndis_07,26062301,DIS,11.61111111111111
02_dis_vs_ndis_07,26062302,DIS,10.16279069767442
02_dis_vs_ndis_07,26062501,DIS,7.736842105263157
02_dis_vs_ndis_07,26062503,DIS,7.6
02_dis_vs_ndis_07,26062504,DIS,5.777777777777778
02_dis_vs_ndis_07,26062701,DIS,13.1
02_dis_vs_ndis_07,26070101,DIS,7.777777777777778
02_dis_vs_ndis_07,26070601,DIS,8.25
02_dis_vs_ndis_07,26072203,DIS,9.0
02_dis_vs_ndis_07,26050701,NDIS,10.833333333333334
02_dis_vs_ndis_07,26050702,NDIS,12.192307692307692
02_dis_vs_ndis_07,26050801,NDIS,13.115384615384617
02_dis_vs_ndis_07,26051101,NDIS,15.357142857142858
02_dis_vs_ndis_07,26051102,NDIS,9.613636363636363
02_dis_vs_ndis_07,26051103,NDIS,11.703703703703704
02_dis_vs_ndis_07,26051104,NDIS,11.375
02_dis_vs_ndis_07,26051105,NDIS,16.0
02_dis_vs_ndis_07,26051201,NDIS,13.25
02_dis_vs_ndis_07,26051202,NDIS,12.442307692307692
02_dis_vs_ndis_07,26051203,NDIS,10.67741935483871
02_dis_vs_ndis_07,26051204,NDIS,15.833333333333334
02_dis_vs_ndis_07,26051301,NDIS,13.571428571428571
02_dis_vs_ndis_07,26051302,NDIS,11.575757575757576
02_dis_vs_ndis_07,26051303,NDIS,13.571428571428571
02_dis_vs_ndis_07,26051304,NDIS,12.5
02_dis_vs_ndis_07,26051402,NDIS,12.173913043478262
02_dis_vs_ndis_07,26051403,NDIS,11.5625
02_dis_vs_ndis_07,26051404,NDIS,14.454545454545457
02_dis_vs_ndis_07,26051501,NDIS,12.973684210526317
02_dis_vs_ndis_07,26051502,NDIS,9.666666666666666
02_dis_vs_ndis_07,26051503,NDIS,11.625
02_dis_vs_ndis_07,26051801,NDIS,9.6
02_dis_vs_ndis_07,26051802,NDIS,10.86111111111111
02_dis_vs_ndis_07,26051901,NDIS,12.226415094339623
02_dis_vs_ndis_07,26051902,NDIS,11.727272727272728
02_dis_vs_ndis_07,26052002,NDIS,10.75609756097561
02_dis_vs_ndis_07,26052003,NDIS,11.324324324324325
02_dis_vs_ndis_07,26052102,NDIS,11.0
02_dis_vs_ndis_07,26052103,NDIS,12.333333333333334
02_dis_vs_ndis_07,26052201,NDIS,12.045454545454543
02_dis_vs_ndis_07,26052202,NDIS,11.1
02_dis_vs_ndis_07,26052301,NDIS,13.4
02_dis_vs_ndis_07,26052302,NDIS,12.414634146341465
02_dis_vs_ndis_07,26052303,NDIS,10.704545454545457
02_dis_vs_ndis_07,26060301,NDIS,8.958333333333334
02_dis_vs_ndis_07,26060302,NDIS,12.35
02_dis_vs_ndis_07,26060401,NDIS,14.333333333333334
02_dis_vs_ndis_07,26060402,NDIS,11.85
02_dis_vs_ndis_07,26060403,NDIS,13.5
02_dis_vs_ndis_07,26060404,NDIS,9.304347826086955
02_dis_vs_ndis_07,26060405,NDIS,9.545454545454543
02_dis_vs_ndis_07,26060501,NDIS,9.22222222222222
02_dis_vs_ndis_07,26060502,NDIS,9.34
02_dis_vs_ndis_07,26060503,NDIS,10.666666666666666
02_dis_vs_ndis_07,26060601,NDIS,12.673913043478262
02_dis_vs_ndis_07,26060602,NDIS,13.076923076923077
02_dis_vs_ndis_07,26060603,NDIS,9.634146341463415
02_dis_vs_ndis_07,26060801,NDIS,10.476190476190476
02_dis_vs_ndis_07,26060802,NDIS,10.38095238095238
02_dis_vs_ndis_07,26060901,NDIS,8.741935483870968
02_dis_vs_ndis_07,26060902,NDIS,14.203703703703704
02_dis_vs_ndis_07,26060903,NDIS,10.871794871794872
02_dis_vs_ndis_07,26060904,NDIS,12.933333333333334
02_dis_vs_ndis_07,26061101,NDIS,10.166666666666666
02_dis_vs_ndis_07,26061102,NDIS,13.296296296296296
02_dis_vs_ndis_07,26061103,NDIS,13.45945945945946
02_dis_vs_ndis_07,26061201,NDIS,14.523809523809524
02_dis_vs_ndis_07,26061202,NDIS,7.806451612903226
02_dis_vs_ndis_07,26061401,NDIS,13.0
02_dis_vs_ndis_07,26061402,NDIS,11.666666666666666
02_dis_vs_ndis_07,26061501,NDIS,13.4468085106383
02_dis_vs_ndis_07,26061502,NDIS,12.93939393939394
02_dis_vs_ndis_07,26061503,NDIS,11.962962962962964
02_dis_vs_ndis_07,26062201,NDIS,11.428571428571429
02_dis_vs_ndis_07,26062202,NDIS,11.333333333333334
02_dis_vs_ndis_07,26062301,NDIS,11.731707317073171
02_dis_vs_ndis_07,26062302,NDIS,14.875
02_dis_vs_ndis_07,26062501,NDIS,14.681818181818182
02_dis_vs_ndis_07,26062503,NDIS,10.285714285714286
02_dis_vs_ndis_07,26062504,NDIS,10.020408163265309
02_dis_vs_ndis_07,26062701,NDIS,13.894736842105264
02_dis_vs_ndis_07,26070101,NDIS,12.176470588235292
02_dis_vs_ndis_07,26070601,NDIS,12.0
02_dis_vs_ndis_07,26072203,NDIS,11.106382978723405
02_dis_vs_ndis_08,26050701,DIS,451.9366122159091
02_dis_vs_ndis_08,26050702,DIS,681.8961613302522
02_dis_vs_ndis_08,26050801,DIS,1490.4866633366632
02_dis_vs_ndis_08,26051101,DIS,1161.1994491619491
02_dis_vs_ndis_08,26051102,DIS,829.4922981780126
02_dis_vs_ndis_08,26051103,DIS,1306.21171875
02_dis_vs_ndis_08,26051104,DIS,484.33009232830665
02_dis_vs_ndis_08,26051105,DIS,1177.90625
02_dis_vs_ndis_08,26051201,DIS,713.5781784713603
02_dis_vs_ndis_08,26051202,DIS,675.4356575963719
02_dis_vs_ndis_08,26051203,DIS,604.2123321123321
02_dis_vs_ndis_08,26051204,DIS,961.887262043512
02_dis_vs_ndis_08,26051301,DIS,963.0123974358976
02_dis_vs_ndis_08,26051302,DIS,503.4056143445032
02_dis_vs_ndis_08,26051303,DIS,1069.46278998779
02_dis_vs_ndis_08,26051304,DIS,827.6104617604618
02_dis_vs_ndis_08,26051402,DIS,766.9916965673216
02_dis_vs_ndis_08,26051403,DIS,602.1857219169719
02_dis_vs_ndis_08,26051404,DIS,2085.9336763063325
02_dis_vs_ndis_08,26051501,DIS,1253.91931692646
02_dis_vs_ndis_08,26051502,DIS,693.504761904762
02_dis_vs_ndis_08,26051503,DIS,623.9298239826019
02_dis_vs_ndis_08,26051801,DIS,444.2575218762718
02_dis_vs_ndis_08,26051802,DIS,608.0573671497585
02_dis_vs_ndis_08,26051901,DIS,1372.8483585858585
02_dis_vs_ndis_08,26051902,DIS,492.34458122895626
02_dis_vs_ndis_08,26052002,DIS,793.9214814425341
02_dis_vs_ndis_08,26052003,DIS,528.1508739997377
02_dis_vs_ndis_08,26052102,DIS,601.3453849969475
02_dis_vs_ndis_08,26052103,DIS,1091.6229409479408
02_dis_vs_ndis_08,26052201,DIS,709.2674906174906
02_dis_vs_ndis_08,26052202,DIS,599.7062921727396
02_dis_vs_ndis_08,26052301,DIS,761.4961017223518
02_dis_vs_ndis_08,26052302,DIS,495.7378829503829
02_dis_vs_ndis_08,26052303,DIS,1099.0717803030304
02_dis_vs_ndis_08,26060301,DIS,689.9639843816315
02_dis_vs_ndis_08,26060302,DIS,558.2395523770524
02_dis_vs_ndis_08,26060401,DIS,548.5868669644532
02_dis_vs_ndis_08,26060402,DIS,716.1347932338317
02_dis_vs_ndis_08,26060403,DIS,786.2262528407266
02_dis_vs_ndis_08,26060404,DIS,1090.7980290157373
02_dis_vs_ndis_08,26060405,DIS,674.9797629200069
02_dis_vs_ndis_08,26060501,DIS,665.7043650793651
02_dis_vs_ndis_08,26060502,DIS,470.7373737373738
02_dis_vs_ndis_08,26060503,DIS,593.7860781312704
02_dis_vs_ndis_08,26060601,DIS,543.3621642246642
02_dis_vs_ndis_08,26060602,DIS,589.5519487456987
02_dis_vs_ndis_08,26060603,DIS,665.3854154617313
02_dis_vs_ndis_08,26060801,DIS,987.9277828652828
02_dis_vs_ndis_08,26060802,DIS,797.5961160052069
02_dis_vs_ndis_08,26060901,DIS,519.220173774638
02_dis_vs_ndis_08,26060902,DIS,1174.1150793650793
02_dis_vs_ndis_08,26060903,DIS,667.7552793040293
02_dis_vs_ndis_08,26060904,DIS,508.6465127465127
02_dis_vs_ndis_08,26061101,DIS,534.9247732426304
02_dis_vs_ndis_08,26061102,DIS,1292.4596428571429
02_dis_vs_ndis_08,26061103,DIS,632.9589561953198
02_dis_vs_ndis_08,26061201,DIS,1215.9834834025623
02_dis_vs_ndis_08,26061202,DIS,607.3999291383219
02_dis_vs_ndis_08,26061401,DIS,506.42825270688905
02_dis_vs_ndis_08,26061402,DIS,596.755710057916
02_dis_vs_ndis_08,26061501,DIS,989.6497072372072
02_dis_vs_ndis_08,26061502,DIS,805.3720013960399
02_dis_vs_ndis_08,26061503,DIS,837.7848262848262
02_dis_vs_ndis_08,26062201,DIS,1373.548084873085
02_dis_vs_ndis_08,26062202,DIS,562.2829144778125
02_dis_vs_ndis_08,26062301,DIS,1260.7664767331437
02_dis_vs_ndis_08,26062302,DIS,1231.684187969653
02_dis_vs_ndis_08,26062501,DIS,813.2217916221206
02_dis_vs_ndis_08,26062503,DIS,995.165
02_dis_vs_ndis_08,26062504,DIS,518.4236772486772
02_dis_vs_ndis_08,26062701,DIS,1643.7437949550451
02_dis_vs_ndis_08,26070101,DIS,848.1068302068302
02_dis_vs_ndis_08,26070601,DIS,823.2212072649572
02_dis_vs_ndis_08,26072203,DIS,778.708340964591
02_dis_vs_ndis_08,26050701,NDIS,924.2476884226884
02_dis_vs_ndis_08,26050702,NDIS,1341.91336937635
02_dis_vs_ndis_08,26050801,NDIS,1591.2469524599333
02_dis_vs_ndis_08,26051101,NDIS,2621.4763180272107
02_dis_vs_ndis_08,26051102,NDIS,871.3268748612498
02_dis_vs_ndis_08,26051103,NDIS,996.8579475051696
02_dis_vs_ndis_08,26051104,NDIS,1141.620712851963
02_dis_vs_ndis_08,26051105,NDIS,3952.0
02_dis_vs_ndis_08,26051201,NDIS,1387.4958962912087
02_dis_vs_ndis_08,26051202,NDIS,834.7388565227508
02_dis_vs_ndis_08,26051203,NDIS,1161.1059969152711
02_dis_vs_ndis_08,26051204,NDIS,3429.6465277777775
02_dis_vs_ndis_08,26051301,NDIS,1898.5322439465297
02_dis_vs_ndis_08,26051302,NDIS,1363.9945725150271
02_dis_vs_ndis_08,26051303,NDIS,1730.673380746238
02_dis_vs_ndis_08,26051304,NDIS,1159.7833333333333
02_dis_vs_ndis_08,26051402,NDIS,1153.5757685551164
02_dis_vs_ndis_08,26051403,NDIS,767.7201057622933
02_dis_vs_ndis_08,26051404,NDIS,3705.580766771108
02_dis_vs_ndis_08,26051501,NDIS,1701.387523879629
02_dis_vs_ndis_08,26051502,NDIS,929.6454545454544
02_dis_vs_ndis_08,26051503,NDIS,803.1453823953824
02_dis_vs_ndis_08,26051801,NDIS,780.9017582417582
02_dis_vs_ndis_08,26051802,NDIS,1305.6465356402855
02_dis_vs_ndis_08,26051901,NDIS,1127.198672737116
02_dis_vs_ndis_08,26051902,NDIS,1002.1030077245986
02_dis_vs_ndis_08,26052002,NDIS,830.3999963451183
02_dis_vs_ndis_08,26052003,NDIS,1018.2571916821918
02_dis_vs_ndis_08,26052102,NDIS,930.5786005661006
02_dis_vs_ndis_08,26052103,NDIS,1594.2448654189727
02_dis_vs_ndis_08,26052201,NDIS,1247.7189554763418
02_dis_vs_ndis_08,26052202,NDIS,868.9217901196027
02_dis_vs_ndis_08,26052301,NDIS,1633.1655276667775
02_dis_vs_ndis_08,26052302,NDIS,1125.0804740990716
02_dis_vs_ndis_08,26052303,NDIS,1024.4632157930455
02_dis_vs_ndis_08,26060301,NDIS,788.1985855579605
02_dis_vs_ndis_08,26060302,NDIS,1623.726084054834
02_dis_vs_ndis_08,26060401,NDIS,1134.231746031746
02_dis_vs_ndis_08,26060402,NDIS,1151.076854811855
02_dis_vs_ndis_08,26060403,NDIS,3147.8305375180375
02_dis_vs_ndis_08,26060404,NDIS,1433.1909341865862
02_dis_vs_ndis_08,26060405,NDIS,816.5036236490781
02_dis_vs_ndis_08,26060501,NDIS,868.5288698955366
02_dis_vs_ndis_08,26060502,NDIS,491.3128350538351
02_dis_vs_ndis_08,26060503,NDIS,793.5264523670775
02_dis_vs_ndis_08,26060601,NDIS,1626.2749603053949
02_dis_vs_ndis_08,26060602,NDIS,1452.5306610056612
02_dis_vs_ndis_08,26060603,NDIS,764.4756922616679
02_dis_vs_ndis_08,26060801,NDIS,1042.2265900435543
02_dis_vs_ndis_08,26060802,NDIS,983.0240304668876
02_dis_vs_ndis_08,26060901,NDIS,616.0765348898414
02_dis_vs_ndis_08,26060902,NDIS,1561.2220722179056
02_dis_vs_ndis_08,26060903,NDIS,1265.4421849162234
02_dis_vs_ndis_08,26060904,NDIS,1240.0055217930217
02_dis_vs_ndis_08,26061101,NDIS,732.6946248196249
02_dis_vs_ndis_08,26061102,NDIS,1461.1194615055724
02_dis_vs_ndis_08,26061103,NDIS,1001.905204180204
02_dis_vs_ndis_08,26061201,NDIS,2250.6424559567417
02_dis_vs_ndis_08,26061202,NDIS,670.5007861314313
02_dis_vs_ndis_08,26061401,NDIS,478.2307692307692
02_dis_vs_ndis_08,26061402,NDIS,859.9188867266993
02_dis_vs_ndis_08,26061501,NDIS,1501.1288217987687
02_dis_vs_ndis_08,26061502,NDIS,1059.2294924351745
02_dis_vs_ndis_08,26061503,NDIS,989.1556191750636
02_dis_vs_ndis_08,26062201,NDIS,1562.7968887593888
02_dis_vs_ndis_08,26062202,NDIS,978.4656454656454
02_dis_vs_ndis_08,26062301,NDIS,1410.8873835192585
02_dis_vs_ndis_08,26062302,NDIS,1876.8828325320512
02_dis_vs_ndis_08,26062501,NDIS,1988.1961663336665
02_dis_vs_ndis_08,26062503,NDIS,1341.266940648637
02_dis_vs_ndis_08,26062504,NDIS,729.2657851219076
02_dis_vs_ndis_08,26062701,NDIS,2210.745756874704
02_dis_vs_ndis_08,26070101,NDIS,1115.2406733789085
02_dis_vs_ndis_08,26070601,NDIS,1520.2405372405372
02_dis_vs_ndis_08,26072203,NDIS,1077.0904748324965
02_dis_vs_ndis_09,26050701,DIS,184.51260062487123
02_dis_vs_ndis_09,26050702,DIS,202.74855201012775
02_dis_vs_ndis_09,26050801,DIS,225.9939591105272
02_dis_vs_ndis_09,26051101,DIS,210.03241633441195
02_dis_vs_ndis_09,26051102,DIS,200.9417630223408
02_dis_vs_ndis_09,26051103,DIS,207.4093500462944
02_dis_vs_ndis_09,26051104,DIS,190.5162667593283
02_dis_vs_ndis_09,26051105,DIS,232.29703696433344
02_dis_vs_ndis_09,26051201,DIS,210.85293827148777
02_dis_vs_ndis_09,26051202,DIS,229.9967271571945
02_dis_vs_ndis_09,26051203,DIS,199.88403040093857
02_dis_vs_ndis_09,26051204,DIS,205.3001938037656
02_dis_vs_ndis_09,26051301,DIS,215.8177526471217
02_dis_vs_ndis_09,26051302,DIS,193.4483376907912
02_dis_vs_ndis_09,26051303,DIS,203.7459591348127
02_dis_vs_ndis_09,26051304,DIS,204.53874948894017
02_dis_vs_ndis_09,26051402,DIS,250.07996042235715
02_dis_vs_ndis_09,26051403,DIS,220.99641704646
02_dis_vs_ndis_09,26051404,DIS,221.31161993936252
02_dis_vs_ndis_09,26051501,DIS,239.99994448671143
02_dis_vs_ndis_09,26051502,DIS,212.04195033229652
02_dis_vs_ndis_09,26051503,DIS,213.0305540624349
02_dis_vs_ndis_09,26051801,DIS,188.12748594660843
02_dis_vs_ndis_09,26051802,DIS,219.72071650769976
02_dis_vs_ndis_09,26051901,DIS,227.50020900191768
02_dis_vs_ndis_09,26051902,DIS,227.306489875547
02_dis_vs_ndis_09,26052002,DIS,219.57368712550004
02_dis_vs_ndis_09,26052003,DIS,223.21220295162155
02_dis_vs_ndis_09,26052102,DIS,209.29518152588645
02_dis_vs_ndis_09,26052103,DIS,207.43416468467527
02_dis_vs_ndis_09,26052201,DIS,235.5343330029395
02_dis_vs_ndis_09,26052202,DIS,209.6118375577717
02_dis_vs_ndis_09,26052301,DIS,196.90344157758912
02_dis_vs_ndis_09,26052302,DIS,196.150449167954
02_dis_vs_ndis_09,26052303,DIS,197.24815381551048
02_dis_vs_ndis_09,26060301,DIS,201.38713735291788
02_dis_vs_ndis_09,26060302,DIS,181.65112647795056
02_dis_vs_ndis_09,26060401,DIS,195.8512332597131
02_dis_vs_ndis_09,26060402,DIS,214.77041838015816
02_dis_vs_ndis_09,26060403,DIS,214.53242953855585
02_dis_vs_ndis_09,26060404,DIS,204.17486719322665
02_dis_vs_ndis_09,26060405,DIS,188.23101330389127
02_dis_vs_ndis_09,26060501,DIS,195.3583778728683
02_dis_vs_ndis_09,26060502,DIS,234.88618769145083
02_dis_vs_ndis_09,26060503,DIS,191.129935742209
02_dis_vs_ndis_09,26060601,DIS,198.35967203740455
02_dis_vs_ndis_09,26060602,DIS,215.49874170817915
02_dis_vs_ndis_09,26060603,DIS,209.24160859397583
02_dis_vs_ndis_09,26060801,DIS,205.47529390517525
02_dis_vs_ndis_09,26060802,DIS,195.0014120987132
02_dis_vs_ndis_09,26060901,DIS,211.0879868975011
02_dis_vs_ndis_09,26060902,DIS,229.7713989155479
02_dis_vs_ndis_09,26060903,DIS,199.55490444008748
02_dis_vs_ndis_09,26060904,DIS,192.76778570730497
02_dis_vs_ndis_09,26061101,DIS,232.78816124417912
02_dis_vs_ndis_09,26061102,DIS,234.20043128206623
02_dis_vs_ndis_09,26061103,DIS,212.7171839610523
02_dis_vs_ndis_09,26061201,DIS,202.57920006154532
02_dis_vs_ndis_09,26061202,DIS,242.37665330623744
02_dis_vs_ndis_09,26061401,DIS,197.61773498012292
02_dis_vs_ndis_09,26061402,DIS,196.64730901739503
02_dis_vs_ndis_09,26061501,DIS,219.69853228178417
02_dis_vs_ndis_09,26061502,DIS,205.06486678174025
02_dis_vs_ndis_09,26061503,DIS,221.00138326935712
02_dis_vs_ndis_09,26062201,DIS,229.85175907271577
02_dis_vs_ndis_09,26062202,DIS,202.44235173780837
02_dis_vs_ndis_09,26062301,DIS,209.45098467359256
02_dis_vs_ndis_09,26062302,DIS,220.17112507038172
02_dis_vs_ndis_09,26062501,DIS,220.64645597005733
02_dis_vs_ndis_09,26062503,DIS,227.0141213206594
02_dis_vs_ndis_09,26062504,DIS,206.7166305449416
02_dis_vs_ndis_09,26062701,DIS,200.9927855415789
02_dis_vs_ndis_09,26070101,DIS,232.36397264980403
02_dis_vs_ndis_09,26070601,DIS,232.71652879395975
02_dis_vs_ndis_09,26072203,DIS,217.35991077538588
02_dis_vs_ndis_09,26050701,NDIS,203.46503364051563
02_dis_vs_ndis_09,26050702,NDIS,215.09534844998228
02_dis_vs_ndis_09,26050801,NDIS,217.52211669632575
02_dis_vs_ndis_09,26051101,NDIS,230.80987047675467
02_dis_vs_ndis_09,26051102,NDIS,205.90274838379548
02_dis_vs_ndis_09,26051103,NDIS,222.65547482235863
02_dis_vs_ndis_09,26051104,NDIS,219.9783295707209
02_dis_vs_ndis_09,26051105,NDIS,261.91197014857056
02_dis_vs_ndis_09,26051201,NDIS,212.5045478245791
02_dis_vs_ndis_09,26051202,NDIS,233.22701382608324
02_dis_vs_ndis_09,26051203,NDIS,206.9342752948021
02_dis_vs_ndis_09,26051204,NDIS,200.07858377318033
02_dis_vs_ndis_09,26051301,NDIS,219.55217241123032
02_dis_vs_ndis_09,26051302,NDIS,218.202344579801
02_dis_vs_ndis_09,26051303,NDIS,213.4256550658314
02_dis_vs_ndis_09,26051304,NDIS,201.5810810810811
02_dis_vs_ndis_09,26051402,NDIS,242.17999706370784
02_dis_vs_ndis_09,26051403,NDIS,222.17838412663397
02_dis_vs_ndis_09,26051404,NDIS,218.76177164700863
02_dis_vs_ndis_09,26051501,NDIS,240.98534146780997
02_dis_vs_ndis_09,26051502,NDIS,245.36908025922233
02_dis_vs_ndis_09,26051503,NDIS,196.0335705333713
02_dis_vs_ndis_09,26051801,NDIS,201.1665209215658
02_dis_vs_ndis_09,26051802,NDIS,227.3483971936376
02_dis_vs_ndis_09,26051901,NDIS,222.36119097375808
02_dis_vs_ndis_09,26051902,NDIS,233.80166082925132
02_dis_vs_ndis_09,26052002,NDIS,203.5577596084785
02_dis_vs_ndis_09,26052003,NDIS,228.09092874558843
02_dis_vs_ndis_09,26052102,NDIS,221.19514642453785
02_dis_vs_ndis_09,26052103,NDIS,219.55999240784868
02_dis_vs_ndis_09,26052201,NDIS,258.2542566193274
02_dis_vs_ndis_09,26052202,NDIS,223.59896400078037
02_dis_vs_ndis_09,26052301,NDIS,204.5052954250358
02_dis_vs_ndis_09,26052302,NDIS,208.2641186084629
02_dis_vs_ndis_09,26052303,NDIS,211.6788175420247
02_dis_vs_ndis_09,26060301,NDIS,188.3778979943509
02_dis_vs_ndis_09,26060302,NDIS,194.56548224313923
02_dis_vs_ndis_09,26060401,NDIS,208.78450097898107
02_dis_vs_ndis_09,26060402,NDIS,224.63876382025563
02_dis_vs_ndis_09,26060403,NDIS,218.59054194381588
02_dis_vs_ndis_09,26060404,NDIS,222.07027081340624
02_dis_vs_ndis_09,26060405,NDIS,196.05798332412996
02_dis_vs_ndis_09,26060501,NDIS,225.50256234638852
02_dis_vs_ndis_09,26060502,NDIS,199.608486921883
02_dis_vs_ndis_09,26060503,NDIS,199.12734207341217
02_dis_vs_ndis_09,26060601,NDIS,229.3400411246392
02_dis_vs_ndis_09,26060602,NDIS,230.48424420140984
02_dis_vs_ndis_09,26060603,NDIS,214.19739332729705
02_dis_vs_ndis_09,26060801,NDIS,208.91474995483463
02_dis_vs_ndis_09,26060802,NDIS,208.45820676833196
02_dis_vs_ndis_09,26060901,NDIS,204.7260412299854
02_dis_vs_ndis_09,26060902,NDIS,239.7436546109097
02_dis_vs_ndis_09,26060903,NDIS,231.46819817801523
02_dis_vs_ndis_09,26060904,NDIS,218.02994436011792
02_dis_vs_ndis_09,26061101,NDIS,217.93594646289247
02_dis_vs_ndis_09,26061102,NDIS,278.84755498300495
02_dis_vs_ndis_09,26061103,NDIS,216.4435234180871
02_dis_vs_ndis_09,26061201,NDIS,219.4995871458117
02_dis_vs_ndis_09,26061202,NDIS,236.9067545572128
02_dis_vs_ndis_09,26061401,NDIS,202.87960687960688
02_dis_vs_ndis_09,26061402,NDIS,197.31173050454765
02_dis_vs_ndis_09,26061501,NDIS,232.91640112195228
02_dis_vs_ndis_09,26061502,NDIS,221.82265895905704
02_dis_vs_ndis_09,26061503,NDIS,218.8855098857683
02_dis_vs_ndis_09,26062201,NDIS,233.26919039630135
02_dis_vs_ndis_09,26062202,NDIS,198.02918907195215
02_dis_vs_ndis_09,26062301,NDIS,219.370231918667
02_dis_vs_ndis_09,26062302,NDIS,231.2065182877111
02_dis_vs_ndis_09,26062501,NDIS,232.99230365047768
02_dis_vs_ndis_09,26062503,NDIS,208.4736903759298
02_dis_vs_ndis_09,26062504,NDIS,206.63877075283767
02_dis_vs_ndis_09,26062701,NDIS,210.1385249473213
02_dis_vs_ndis_09,26070101,NDIS,213.7987759238174
02_dis_vs_ndis_09,26070601,NDIS,235.3832124963159
02_dis_vs_ndis_09,26072203,NDIS,217.84992262524375
02_dis_vs_ndis_10,26050701,DIS,0.4275376178199613
02_dis_vs_ndis_10,26050702,DIS,0.2768712744866984
02_dis_vs_ndis_10,26050801,DIS,0.33483679057438
02_dis_vs_ndis_10,26051101,DIS,0.3040140612357259
02_dis_vs_ndis_10,26051102,DIS,0.338330160470656
02_dis_vs_ndis_10,26051103,DIS,0.209080921833086
02_dis_vs_ndis_10,26051104,DIS,0.3916037024874995
02_dis_vs_ndis_10,26051105,DIS,0.3351958631206414
02_dis_vs_ndis_10,26051201,DIS,0.368482593879636
02_dis_vs_ndis_10,26051202,DIS,0.506773815071142
02_dis_vs_ndis_10,26051203,DIS,0.3919260417148861
02_dis_vs_ndis_10,26051204,DIS,0.3060693597549256
02_dis_vs_ndis_10,26051301,DIS,0.3362486128178297
02_dis_vs_ndis_10,26051302,DIS,0.4125565024698812
02_dis_vs_ndis_10,26051303,DIS,0.3297533536733035
02_dis_vs_ndis_10,26051304,DIS,0.2919466277564267
02_dis_vs_ndis_10,26051402,DIS,0.369923308837941
02_dis_vs_ndis_10,26051403,DIS,0.3397943524411322
02_dis_vs_ndis_10,26051404,DIS,0.2823024715418759
02_dis_vs_ndis_10,26051501,DIS,0.272373489568283
02_dis_vs_ndis_10,26051502,DIS,0.53086829544649
02_dis_vs_ndis_10,26051503,DIS,0.325905740981641
02_dis_vs_ndis_10,26051801,DIS,0.2740580715991128
02_dis_vs_ndis_10,26051802,DIS,0.3208415006041882
02_dis_vs_ndis_10,26051901,DIS,0.3533820551108002
02_dis_vs_ndis_10,26051902,DIS,0.3996962140052036
02_dis_vs_ndis_10,26052002,DIS,0.2372983660266692
02_dis_vs_ndis_10,26052003,DIS,0.3220202597338809
02_dis_vs_ndis_10,26052102,DIS,0.322143726330334
02_dis_vs_ndis_10,26052103,DIS,0.2718615903891843
02_dis_vs_ndis_10,26052201,DIS,0.3346541764869109
02_dis_vs_ndis_10,26052202,DIS,0.3890932356664598
02_dis_vs_ndis_10,26052301,DIS,0.329424933500122
02_dis_vs_ndis_10,26052302,DIS,0.4055438398393983
02_dis_vs_ndis_10,26052303,DIS,0.2876804987600119
02_dis_vs_ndis_10,26060301,DIS,0.3869904235250031
02_dis_vs_ndis_10,26060302,DIS,0.3616178288563059
02_dis_vs_ndis_10,26060401,DIS,0.2585322274426023
02_dis_vs_ndis_10,26060402,DIS,0.3812415054779974
02_dis_vs_ndis_10,26060403,DIS,0.4805151312325161
02_dis_vs_ndis_10,26060404,DIS,0.3688667785012012
02_dis_vs_ndis_10,26060405,DIS,0.3896625629658288
02_dis_vs_ndis_10,26060501,DIS,0.3438631977819387
02_dis_vs_ndis_10,26060502,DIS,0.411018583324567
02_dis_vs_ndis_10,26060503,DIS,0.3951691244236064
02_dis_vs_ndis_10,26060601,DIS,0.4357165175456391
02_dis_vs_ndis_10,26060602,DIS,0.4093859187049722
02_dis_vs_ndis_10,26060603,DIS,0.3314793539213124
02_dis_vs_ndis_10,26060801,DIS,0.3447681457097011
02_dis_vs_ndis_10,26060802,DIS,0.3890531272822464
02_dis_vs_ndis_10,26060901,DIS,0.414276229795501
02_dis_vs_ndis_10,26060902,DIS,0.3495086543359555
02_dis_vs_ndis_10,26060903,DIS,0.4143891066522047
02_dis_vs_ndis_10,26060904,DIS,0.4150612165548651
02_dis_vs_ndis_10,26061101,DIS,0.406265223484509
02_dis_vs_ndis_10,26061102,DIS,0.4104931908163881
02_dis_vs_ndis_10,26061103,DIS,0.338368903389683
02_dis_vs_ndis_10,26061201,DIS,0.33353785232258
02_dis_vs_ndis_10,26061202,DIS,0.3771146323192023
02_dis_vs_ndis_10,26061401,DIS,0.4385807927494997
02_dis_vs_ndis_10,26061402,DIS,0.2645346946326034
02_dis_vs_ndis_10,26061501,DIS,0.4241675494090166
02_dis_vs_ndis_10,26061502,DIS,0.3888667872125823
02_dis_vs_ndis_10,26061503,DIS,0.3997220568796262
02_dis_vs_ndis_10,26062201,DIS,0.2935610240275307
02_dis_vs_ndis_10,26062202,DIS,0.3800278402318796
02_dis_vs_ndis_10,26062301,DIS,0.2766124385696797
02_dis_vs_ndis_10,26062302,DIS,0.3164673409641577
02_dis_vs_ndis_10,26062501,DIS,0.414918128386078
02_dis_vs_ndis_10,26062503,DIS,0.3442473116069146
02_dis_vs_ndis_10,26062504,DIS,0.369430766667302
02_dis_vs_ndis_10,26062701,DIS,0.2636717189800725
02_dis_vs_ndis_10,26070101,DIS,0.3175009995450073
02_dis_vs_ndis_10,26070601,DIS,0.4568137016238266
02_dis_vs_ndis_10,26072203,DIS,0.301202501633061
02_dis_vs_ndis_10,26050701,NDIS,0.2778397892696631
02_dis_vs_ndis_10,26050702,NDIS,0.2327112299159918
02_dis_vs_ndis_10,26050801,NDIS,0.2933059545756405
02_dis_vs_ndis_10,26051101,NDIS,0.3219024926137029
02_dis_vs_ndis_10,26051102,NDIS,0.3510352295104916
02_dis_vs_ndis_10,26051103,NDIS,0.2359014718027038
02_dis_vs_ndis_10,26051104,NDIS,0.3602184189435599
02_dis_vs_ndis_10,26051105,NDIS,0.2901261341489779
02_dis_vs_ndis_10,26051201,NDIS,0.354567659214978
02_dis_vs_ndis_10,26051202,NDIS,0.3804728042583289
02_dis_vs_ndis_10,26051203,NDIS,0.3100834351544356
02_dis_vs_ndis_10,26051204,NDIS,0.2180332734299559
02_dis_vs_ndis_10,26051301,NDIS,0.3327768196708529
02_dis_vs_ndis_10,26051302,NDIS,0.2955241191223257
02_dis_vs_ndis_10,26051303,NDIS,0.2780473438872206
02_dis_vs_ndis_10,26051304,NDIS,0.3068617469806587
02_dis_vs_ndis_10,26051402,NDIS,0.3710153161967073
02_dis_vs_ndis_10,26051403,NDIS,0.3195699703846814
02_dis_vs_ndis_10,26051404,NDIS,0.2475289832172688
02_dis_vs_ndis_10,26051501,NDIS,0.3056302869478627
02_dis_vs_ndis_10,26051502,NDIS,0.353169626029318
02_dis_vs_ndis_10,26051503,NDIS,0.3180478718294672
02_dis_vs_ndis_10,26051801,NDIS,0.2499527236187977
02_dis_vs_ndis_10,26051802,NDIS,0.3078066341371692
02_dis_vs_ndis_10,26051901,NDIS,0.2481652871478405
02_dis_vs_ndis_10,26051902,NDIS,0.4167872440096052
02_dis_vs_ndis_10,26052002,NDIS,0.2152790000657943
02_dis_vs_ndis_10,26052003,NDIS,0.3008021720139736
02_dis_vs_ndis_10,26052102,NDIS,0.3090719685268375
02_dis_vs_ndis_10,26052103,NDIS,0.3011600740359525
02_dis_vs_ndis_10,26052201,NDIS,0.3508133485491531
02_dis_vs_ndis_10,26052202,NDIS,0.3389449224524207
02_dis_vs_ndis_10,26052301,NDIS,0.3448377924838781
02_dis_vs_ndis_10,26052302,NDIS,0.2706400487379325
02_dis_vs_ndis_10,26052303,NDIS,0.3500108735701421
02_dis_vs_ndis_10,26060301,NDIS,0.3443133285696121
02_dis_vs_ndis_10,26060302,NDIS,0.2272681906758847
02_dis_vs_ndis_10,26060401,NDIS,0.2019540756000974
02_dis_vs_ndis_10,26060402,NDIS,0.3458248714166237
02_dis_vs_ndis_10,26060403,NDIS,0.311365141224151
02_dis_vs_ndis_10,26060404,NDIS,0.317680672895016
02_dis_vs_ndis_10,26060405,NDIS,0.3337654787953521
02_dis_vs_ndis_10,26060501,NDIS,0.3586022348765619
02_dis_vs_ndis_10,26060502,NDIS,0.4027921514576297
02_dis_vs_ndis_10,26060503,NDIS,0.3406249442416588
02_dis_vs_ndis_10,26060601,NDIS,0.2698471671986206
02_dis_vs_ndis_10,26060602,NDIS,0.2870700968482466
02_dis_vs_ndis_10,26060603,NDIS,0.3194476399331967
02_dis_vs_ndis_10,26060801,NDIS,0.3319453924190321
02_dis_vs_ndis_10,26060802,NDIS,0.2922096165921569
02_dis_vs_ndis_10,26060901,NDIS,0.4041643390777367
02_dis_vs_ndis_10,26060902,NDIS,0.3146925174034393
02_dis_vs_ndis_10,26060903,NDIS,0.4166889057449014
02_dis_vs_ndis_10,26060904,NDIS,0.275553119750685
02_dis_vs_ndis_10,26061101,NDIS,0.374268198603116
02_dis_vs_ndis_10,26061102,NDIS,0.4537361090687738
02_dis_vs_ndis_10,26061103,NDIS,0.367802216655277
02_dis_vs_ndis_10,26061201,NDIS,0.3086992901968127
02_dis_vs_ndis_10,26061202,NDIS,0.4424565023659416
02_dis_vs_ndis_10,26061401,NDIS,0.2987950410853646
02_dis_vs_ndis_10,26061402,NDIS,0.2106165407861205
02_dis_vs_ndis_10,26061501,NDIS,0.3121171166653653
02_dis_vs_ndis_10,26061502,NDIS,0.3542854740166273
02_dis_vs_ndis_10,26061503,NDIS,0.4645115278122705
02_dis_vs_ndis_10,26062201,NDIS,0.2559675769555697
02_dis_vs_ndis_10,26062202,NDIS,0.3300460631720344
02_dis_vs_ndis_10,26062301,NDIS,0.2877399638849657
02_dis_vs_ndis_10,26062302,NDIS,0.3304726189297275
02_dis_vs_ndis_10,26062501,NDIS,0.3349495533224063
02_dis_vs_ndis_10,26062503,NDIS,0.2474642941319458
02_dis_vs_ndis_10,26062504,NDIS,0.3686543063332752
02_dis_vs_ndis_10,26062701,NDIS,0.2298015617963741
02_dis_vs_ndis_10,26070101,NDIS,0.2665104669047969
02_dis_vs_ndis_10,26070601,NDIS,0.2819428957482689
02_dis_vs_ndis_10,26072203,NDIS,0.2319255105444578
02_dis_vs_ndis_11,26050701,DIS,0.0669837750044545
02_dis_vs_ndis_11,26050702,DIS,0.0796908557457911
02_dis_vs_ndis_11,26050801,DIS,0.0896741882652648
02_dis_vs_ndis_11,26051101,DIS,0.0859112043980326
02_dis_vs_ndis_11,26051102,DIS,0.0888572633680204
02_dis_vs_ndis_11,26051103,DIS,0.0667540297542388
02_dis_vs_ndis_11,26051104,DIS,0.0714030894190729
02_dis_vs_ndis_11,26051105,DIS,0.0917808464147351
02_dis_vs_ndis_11,26051201,DIS,0.0765259186117937
02_dis_vs_ndis_11,26051202,DIS,0.0641519144038102
02_dis_vs_ndis_11,26051203,DIS,0.0846484752047598
02_dis_vs_ndis_11,26051204,DIS,0.090123062500895
02_dis_vs_ndis_11,26051301,DIS,0.0948275925168604
02_dis_vs_ndis_11,26051302,DIS,0.071724148612916
02_dis_vs_ndis_11,26051303,DIS,0.098777582315479
02_dis_vs_ndis_11,26051304,DIS,0.0879134430674532
02_dis_vs_ndis_11,26051402,DIS,0.0819859130784053
02_dis_vs_ndis_11,26051403,DIS,0.0956666026849437
02_dis_vs_ndis_11,26051404,DIS,0.1095840075214623
02_dis_vs_ndis_11,26051501,DIS,0.0870048964373692
02_dis_vs_ndis_11,26051502,DIS,0.0816251269124798
02_dis_vs_ndis_11,26051503,DIS,0.0528085442650461
02_dis_vs_ndis_11,26051801,DIS,0.0342655386020743
02_dis_vs_ndis_11,26051802,DIS,0.0504928465423938
02_dis_vs_ndis_11,26051901,DIS,0.0863664260237865
02_dis_vs_ndis_11,26051902,DIS,0.0390172700576234
02_dis_vs_ndis_11,26052002,DIS,0.0712581470858496
02_dis_vs_ndis_11,26052003,DIS,0.091845977354488
02_dis_vs_ndis_11,26052102,DIS,0.0708575120256899
02_dis_vs_ndis_11,26052103,DIS,0.07748797798133
02_dis_vs_ndis_11,26052201,DIS,0.0766378756705158
02_dis_vs_ndis_11,26052202,DIS,0.0840494397340681
02_dis_vs_ndis_11,26052301,DIS,0.0627757476884065
02_dis_vs_ndis_11,26052302,DIS,0.0684878895749491
02_dis_vs_ndis_11,26052303,DIS,0.0973232435583053
02_dis_vs_ndis_11,26060301,DIS,0.0563472165419168
02_dis_vs_ndis_11,26060302,DIS,0.0629193776629175
02_dis_vs_ndis_11,26060401,DIS,0.0523131835253077
02_dis_vs_ndis_11,26060402,DIS,0.0769972452341824
02_dis_vs_ndis_11,26060403,DIS,0.0650074832182885
02_dis_vs_ndis_11,26060404,DIS,0.0578999503113294
02_dis_vs_ndis_11,26060405,DIS,0.0961045744488289
02_dis_vs_ndis_11,26060501,DIS,0.067510789187939
02_dis_vs_ndis_11,26060502,DIS,0.0552551704749417
02_dis_vs_ndis_11,26060503,DIS,0.0954404921415947
02_dis_vs_ndis_11,26060601,DIS,0.0680268226810838
02_dis_vs_ndis_11,26060602,DIS,0.0800940917451792
02_dis_vs_ndis_11,26060603,DIS,0.0434777285951868
02_dis_vs_ndis_11,26060801,DIS,0.0950503153342398
02_dis_vs_ndis_11,26060802,DIS,0.0936446213417311
02_dis_vs_ndis_11,26060901,DIS,0.059855411620533
02_dis_vs_ndis_11,26060902,DIS,0.0625954798528201
02_dis_vs_ndis_11,26060903,DIS,0.0864176864393076
02_dis_vs_ndis_11,26060904,DIS,0.0620390288317361
02_dis_vs_ndis_11,26061101,DIS,0.09090032736785
02_dis_vs_ndis_11,26061102,DIS,0.0696037152058269
02_dis_vs_ndis_11,26061103,DIS,0.0771095685803146
02_dis_vs_ndis_11,26061201,DIS,0.0837802881043972
02_dis_vs_ndis_11,26061202,DIS,0.0347614473063456
02_dis_vs_ndis_11,26061401,DIS,0.0778416111821983
02_dis_vs_ndis_11,26061402,DIS,0.0785532855632389
02_dis_vs_ndis_11,26061501,DIS,0.0997635941196525
02_dis_vs_ndis_11,26061502,DIS,0.0793756656964202
02_dis_vs_ndis_11,26061503,DIS,0.0818035111059484
02_dis_vs_ndis_11,26062201,DIS,0.0703176246220059
02_dis_vs_ndis_11,26062202,DIS,0.0598484077816316
02_dis_vs_ndis_11,26062301,DIS,0.0951882649277482
02_dis_vs_ndis_11,26062302,DIS,0.0885656561857282
02_dis_vs_ndis_11,26062501,DIS,0.0705567179383832
02_dis_vs_ndis_11,26062503,DIS,0.0740447236906255
02_dis_vs_ndis_11,26062504,DIS,0.0528422327932537
02_dis_vs_ndis_11,26062701,DIS,0.0971179934050192
02_dis_vs_ndis_11,26070101,DIS,0.0925904119917702
02_dis_vs_ndis_11,26070601,DIS,0.0681347626015079
02_dis_vs_ndis_11,26072203,DIS,0.0559245401447261
02_dis_vs_ndis_11,26050701,NDIS,0.1311190619925798
02_dis_vs_ndis_11,26050702,NDIS,0.1021936169437678
02_dis_vs_ndis_11,26050801,NDIS,0.0978409312342952
02_dis_vs_ndis_11,26051101,NDIS,0.0800178260423879
02_dis_vs_ndis_11,26051102,NDIS,0.0875626064532333
02_dis_vs_ndis_11,26051103,NDIS,0.055264706091533
02_dis_vs_ndis_11,26051104,NDIS,0.094650734397512
02_dis_vs_ndis_11,26051105,NDIS,0.1102088330879054
02_dis_vs_ndis_11,26051201,NDIS,0.1045187624980143
02_dis_vs_ndis_11,26051202,NDIS,0.0611144634128208
02_dis_vs_ndis_11,26051203,NDIS,0.1012174411737439
02_dis_vs_ndis_11,26051204,NDIS,0.1035031622294077
02_dis_vs_ndis_11,26051301,NDIS,0.1121219995820405
02_dis_vs_ndis_11,26051302,NDIS,0.1062850340668006
02_dis_vs_ndis_11,26051303,NDIS,0.1038320269691675
02_dis_vs_ndis_11,26051304,NDIS,0.071113190925125
02_dis_vs_ndis_11,26051402,NDIS,0.0944251440897488
02_dis_vs_ndis_11,26051403,NDIS,0.1000040747833239
02_dis_vs_ndis_11,26051404,NDIS,0.0970068025799599
02_dis_vs_ndis_11,26051501,NDIS,0.1025268630938662
02_dis_vs_ndis_11,26051502,NDIS,0.1250957037612305
02_dis_vs_ndis_11,26051503,NDIS,0.0840374061924458
02_dis_vs_ndis_11,26051801,NDIS,0.060207102194648
02_dis_vs_ndis_11,26051802,NDIS,0.093017249483748
02_dis_vs_ndis_11,26051901,NDIS,0.1086043559539221
02_dis_vs_ndis_11,26051902,NDIS,0.0382243310466516
02_dis_vs_ndis_11,26052002,NDIS,0.0733911608234885
02_dis_vs_ndis_11,26052003,NDIS,0.1012413103909407
02_dis_vs_ndis_11,26052102,NDIS,0.0940222072726115
02_dis_vs_ndis_11,26052103,NDIS,0.0746955018802922
02_dis_vs_ndis_11,26052201,NDIS,0.103602798001921
02_dis_vs_ndis_11,26052202,NDIS,0.1141245449330904
02_dis_vs_ndis_11,26052301,NDIS,0.061504397654628
02_dis_vs_ndis_11,26052302,NDIS,0.081187472450228
02_dis_vs_ndis_11,26052303,NDIS,0.0820124359866499
02_dis_vs_ndis_11,26060301,NDIS,0.0738626031668448
02_dis_vs_ndis_11,26060302,NDIS,0.0923628696011691
02_dis_vs_ndis_11,26060401,NDIS,0.0662698514427975
02_dis_vs_ndis_11,26060402,NDIS,0.076753621073587
02_dis_vs_ndis_11,26060403,NDIS,0.1266515559187409
02_dis_vs_ndis_11,26060404,NDIS,0.0476600264725828
02_dis_vs_ndis_11,26060405,NDIS,0.1100225136682271
02_dis_vs_ndis_11,26060501,NDIS,0.0952424259114146
02_dis_vs_ndis_11,26060502,NDIS,0.0824454872477617
02_dis_vs_ndis_11,26060503,NDIS,0.1185136758005468
02_dis_vs_ndis_11,26060601,NDIS,0.1230406474151303
02_dis_vs_ndis_11,26060602,NDIS,0.1039059138193533
02_dis_vs_ndis_11,26060603,NDIS,0.0427869291667824
02_dis_vs_ndis_11,26060801,NDIS,0.1082989254241641
02_dis_vs_ndis_11,26060802,NDIS,0.1023749326514909
02_dis_vs_ndis_11,26060901,NDIS,0.0541754518202521
02_dis_vs_ndis_11,26060902,NDIS,0.0719760310442021
02_dis_vs_ndis_11,26060903,NDIS,0.1067503446884175
02_dis_vs_ndis_11,26060904,NDIS,0.1042651815409786
02_dis_vs_ndis_11,26061101,NDIS,0.1150096691525772
02_dis_vs_ndis_11,26061102,NDIS,0.0549193221824963
02_dis_vs_ndis_11,26061103,NDIS,0.0846671671232144
02_dis_vs_ndis_11,26061201,NDIS,0.0619981294706555
02_dis_vs_ndis_11,26061202,NDIS,0.0403594399643313
02_dis_vs_ndis_11,26061401,NDIS,0.1203815280707761
02_dis_vs_ndis_11,26061402,NDIS,0.090515719121499
02_dis_vs_ndis_11,26061501,NDIS,0.1185592987548754
02_dis_vs_ndis_11,26061502,NDIS,0.0771662437815093
02_dis_vs_ndis_11,26061503,NDIS,0.0636294676885789
02_dis_vs_ndis_11,26062201,NDIS,0.0671175929653689
02_dis_vs_ndis_11,26062202,NDIS,0.0687157269656795
02_dis_vs_ndis_11,26062301,NDIS,0.0969006052471869
02_dis_vs_ndis_11,26062302,NDIS,0.0835413406456722
02_dis_vs_ndis_11,26062501,NDIS,0.0834380660425341
02_dis_vs_ndis_11,26062503,NDIS,0.0817012004635415
02_dis_vs_ndis_11,26062504,NDIS,0.0851481986494781
02_dis_vs_ndis_11,26062701,NDIS,0.078054530120379
02_dis_vs_ndis_11,26070101,NDIS,0.0920704070635189
02_dis_vs_ndis_11,26070601,NDIS,0.1182951415718205
02_dis_vs_ndis_11,26072203,NDIS,0.0638825369708833
02_dis_vs_ndis_12,26050701,DIS,0.4244460254931347
02_dis_vs_ndis_12,26050702,DIS,0.2697692768051264
02_dis_vs_ndis_12,26050801,DIS,0.3022456953049945
02_dis_vs_ndis_12,26051101,DIS,0.299138934044361
02_dis_vs_ndis_12,26051102,DIS,0.3254530691079968
02_dis_vs_ndis_12,26051103,DIS,0.2119930745068684
02_dis_vs_ndis_12,26051104,DIS,0.3706129085362735
02_dis_vs_ndis_12,26051105,DIS,0.3453386152854238
02_dis_vs_ndis_12,26051201,DIS,0.3660665814135533
02_dis_vs_ndis_12,26051202,DIS,0.4904964274039135
02_dis_vs_ndis_12,26051203,DIS,0.3871682833264996
02_dis_vs_ndis_12,26051204,DIS,0.2946255432265517
02_dis_vs_ndis_12,26051301,DIS,0.3397219636191503
02_dis_vs_ndis_12,26051302,DIS,0.3851003283761169
02_dis_vs_ndis_12,26051303,DIS,0.3158737302777805
02_dis_vs_ndis_12,26051304,DIS,0.2794512364681963
02_dis_vs_ndis_12,26051402,DIS,0.3459416796873252
02_dis_vs_ndis_12,26051403,DIS,0.3177043744299179
02_dis_vs_ndis_12,26051404,DIS,0.2600152318145298
02_dis_vs_ndis_12,26051501,DIS,0.2612071541245094
02_dis_vs_ndis_12,26051502,DIS,0.5388436930716343
02_dis_vs_ndis_12,26051503,DIS,0.3082682930283252
02_dis_vs_ndis_12,26051801,DIS,0.2637004336428678
02_dis_vs_ndis_12,26051802,DIS,0.329966103624991
02_dis_vs_ndis_12,26051901,DIS,0.3058863519757531
02_dis_vs_ndis_12,26051902,DIS,0.383782016523757
02_dis_vs_ndis_12,26052002,DIS,0.215080286486824
02_dis_vs_ndis_12,26052003,DIS,0.3301213937577574
02_dis_vs_ndis_12,26052102,DIS,0.3035168597886844
02_dis_vs_ndis_12,26052103,DIS,0.261914695070795
02_dis_vs_ndis_12,26052201,DIS,0.3170704389821173
02_dis_vs_ndis_12,26052202,DIS,0.3878997645460817
02_dis_vs_ndis_12,26052301,DIS,0.3394791659108168
02_dis_vs_ndis_12,26052302,DIS,0.3808178778478077
02_dis_vs_ndis_12,26052303,DIS,0.2648023943119567
02_dis_vs_ndis_12,26060301,DIS,0.3580788005920091
02_dis_vs_ndis_12,26060302,DIS,0.3461529245714992
02_dis_vs_ndis_12,26060401,DIS,0.2590785340819698
02_dis_vs_ndis_12,26060402,DIS,0.3669779633194577
02_dis_vs_ndis_12,26060403,DIS,0.4815101443003262
02_dis_vs_ndis_12,26060404,DIS,0.3520598913698867
02_dis_vs_ndis_12,26060405,DIS,0.3723130102982005
02_dis_vs_ndis_12,26060501,DIS,0.3361900285667279
02_dis_vs_ndis_12,26060502,DIS,0.3133429533429533
02_dis_vs_ndis_12,26060503,DIS,0.3767807310449964
02_dis_vs_ndis_12,26060601,DIS,0.4135706595564699
02_dis_vs_ndis_12,26060602,DIS,0.3931015155129745
02_dis_vs_ndis_12,26060603,DIS,0.3130422286239461
02_dis_vs_ndis_12,26060801,DIS,0.3282755538880141
02_dis_vs_ndis_12,26060802,DIS,0.3654366268236682
02_dis_vs_ndis_12,26060901,DIS,0.3971150652016419
02_dis_vs_ndis_12,26060902,DIS,0.3583945688561745
02_dis_vs_ndis_12,26060903,DIS,0.3945740215090426
02_dis_vs_ndis_12,26060904,DIS,0.3639805999806
02_dis_vs_ndis_12,26061101,DIS,0.4102538696638075
02_dis_vs_ndis_12,26061102,DIS,0.3786733221783614
02_dis_vs_ndis_12,26061103,DIS,0.3077810961001266
02_dis_vs_ndis_12,26061201,DIS,0.3233262039724131
02_dis_vs_ndis_12,26061202,DIS,0.3805842133904337
02_dis_vs_ndis_12,26061401,DIS,0.4215959156868007
02_dis_vs_ndis_12,26061402,DIS,0.2421388631158351
02_dis_vs_ndis_12,26061501,DIS,0.3961922804742934
02_dis_vs_ndis_12,26061502,DIS,0.3729507510737862
02_dis_vs_ndis_12,26061503,DIS,0.3864570614570614
02_dis_vs_ndis_12,26062201,DIS,0.295888697245086
02_dis_vs_ndis_12,26062202,DIS,0.3698900532647938
02_dis_vs_ndis_12,26062301,DIS,0.2719985664815049
02_dis_vs_ndis_12,26062302,DIS,0.312493902701785
02_dis_vs_ndis_12,26062501,DIS,0.3845294866803741
02_dis_vs_ndis_12,26062503,DIS,0.3059150477952513
02_dis_vs_ndis_12,26062504,DIS,0.3457912457912458
02_dis_vs_ndis_12,26062701,DIS,0.2608652781101207
02_dis_vs_ndis_12,26070101,DIS,0.3119037944926574
02_dis_vs_ndis_12,26070601,DIS,0.433854082370106
02_dis_vs_ndis_12,26072203,DIS,0.2845310189244571
02_dis_vs_ndis_12,26050701,NDIS,0.3092182699967405
02_dis_vs_ndis_12,26050702,NDIS,0.2218026878229513
02_dis_vs_ndis_12,26050801,NDIS,0.2830083195816405
02_dis_vs_ndis_12,26051101,NDIS,0.3023097969629632
02_dis_vs_ndis_12,26051102,NDIS,0.3362923629086017
02_dis_vs_ndis_12,26051103,NDIS,0.2272346616709594
02_dis_vs_ndis_12,26051104,NDIS,0.344970162173772
02_dis_vs_ndis_12,26051105,NDIS,0.2751275450210023
02_dis_vs_ndis_12,26051201,NDIS,0.345510592819893
02_dis_vs_ndis_12,26051202,NDIS,0.3668060220359871
02_dis_vs_ndis_12,26051203,NDIS,0.2931229926895491
02_dis_vs_ndis_12,26051204,NDIS,0.2137832489078358
02_dis_vs_ndis_12,26051301,NDIS,0.3153042677812303
02_dis_vs_ndis_12,26051302,NDIS,0.2875055663791093
02_dis_vs_ndis_12,26051303,NDIS,0.2704128447844942
02_dis_vs_ndis_12,26051304,NDIS,0.2720588235294118
02_dis_vs_ndis_12,26051402,NDIS,0.3520731528255272
02_dis_vs_ndis_12,26051403,NDIS,0.3079250025056764
02_dis_vs_ndis_12,26051404,NDIS,0.2460908762474835
02_dis_vs_ndis_12,26051501,NDIS,0.2901778969299286
02_dis_vs_ndis_12,26051502,NDIS,0.3472222222222222
02_dis_vs_ndis_12,26051503,NDIS,0.2989040307108883
02_dis_vs_ndis_12,26051801,NDIS,0.2406565656565656
02_dis_vs_ndis_12,26051802,NDIS,0.2964742759714774
02_dis_vs_ndis_12,26051901,NDIS,0.2390080840718652
02_dis_vs_ndis_12,26051902,NDIS,0.4204044366313604
02_dis_vs_ndis_12,26052002,NDIS,0.214605813381314
02_dis_vs_ndis_12,26052003,NDIS,0.2901926345624166
02_dis_vs_ndis_12,26052102,NDIS,0.3053305272519024
02_dis_vs_ndis_12,26052103,NDIS,0.2895179358740505
02_dis_vs_ndis_12,26052201,NDIS,0.3258752085962917
02_dis_vs_ndis_12,26052202,NDIS,0.3221210691118811
02_dis_vs_ndis_12,26052301,NDIS,0.3466733381699846
02_dis_vs_ndis_12,26052302,NDIS,0.2706791892590362
02_dis_vs_ndis_12,26052303,NDIS,0.335288430971397
02_dis_vs_ndis_12,26060301,NDIS,0.3302605249096266
02_dis_vs_ndis_12,26060302,NDIS,0.2245682949442467
02_dis_vs_ndis_12,26060401,NDIS,0.2124469670909299
02_dis_vs_ndis_12,26060402,NDIS,0.3449856078354607
02_dis_vs_ndis_12,26060403,NDIS,0.3099521810681224
02_dis_vs_ndis_12,26060404,NDIS,0.30657628596617
02_dis_vs_ndis_12,26060405,NDIS,0.3067833335920533
02_dis_vs_ndis_12,26060501,NDIS,0.3553631640565323
02_dis_vs_ndis_12,26060502,NDIS,0.3923904920568132
02_dis_vs_ndis_12,26060503,NDIS,0.3294292949447372
02_dis_vs_ndis_12,26060601,NDIS,0.2641273896277245
02_dis_vs_ndis_12,26060602,NDIS,0.3027476959095341
02_dis_vs_ndis_12,26060603,NDIS,0.2937264966274538
02_dis_vs_ndis_12,26060801,NDIS,0.3219516622697159
02_dis_vs_ndis_12,26060802,NDIS,0.2869516800226593
02_dis_vs_ndis_12,26060901,NDIS,0.380010723491641
02_dis_vs_ndis_12,26060902,NDIS,0.3188412171410152
02_dis_vs_ndis_12,26060903,NDIS,0.4027386262534891
02_dis_vs_ndis_12,26060904,NDIS,0.272191848572495
02_dis_vs_ndis_12,26061101,NDIS,0.3633685255714118
02_dis_vs_ndis_12,26061102,NDIS,0.4269219111699709
02_dis_vs_ndis_12,26061103,NDIS,0.3529846437885409
02_dis_vs_ndis_12,26061201,NDIS,0.2976314064076505
02_dis_vs_ndis_12,26061202,NDIS,0.4177376828250584
02_dis_vs_ndis_12,26061401,NDIS,0.3043478260869565
02_dis_vs_ndis_12,26061402,NDIS,0.2039453006408593
02_dis_vs_ndis_12,26061501,NDIS,0.3036777095825874
02_dis_vs_ndis_12,26061502,NDIS,0.335502583232032
02_dis_vs_ndis_12,26061503,NDIS,0.4408049914865974
02_dis_vs_ndis_12,26062201,NDIS,0.2507042277497281
02_dis_vs_ndis_12,26062202,NDIS,0.3201320692447342
02_dis_vs_ndis_12,26062301,NDIS,0.2767183655422507
02_dis_vs_ndis_12,26062302,NDIS,0.3221532213451095
02_dis_vs_ndis_12,26062501,NDIS,0.3301428020804098
02_dis_vs_ndis_12,26062503,NDIS,0.2540563374910471
02_dis_vs_ndis_12,26062504,NDIS,0.3553687619396851
02_dis_vs_ndis_12,26062701,NDIS,0.2268747273684922
02_dis_vs_ndis_12,26070101,NDIS,0.2677633440611131
02_dis_vs_ndis_12,26070601,NDIS,0.258974358974359
02_dis_vs_ndis_12,26072203,NDIS,0.2286471456846812
02_dis_vs_ndis_13,26050701,DIS,0.0673761241865938
02_dis_vs_ndis_13,26050702,DIS,0.0810887519288117
02_dis_vs_ndis_13,26050801,DIS,0.0984038315869515
02_dis_vs_ndis_13,26051101,DIS,0.0859575120291706
02_dis_vs_ndis_13,26051102,DIS,0.091980873667538
02_dis_vs_ndis_13,26051103,DIS,0.0674050635100571
02_dis_vs_ndis_13,26051104,DIS,0.0758216619981325
02_dis_vs_ndis_13,26051105,DIS,0.0895130467936319
02_dis_vs_ndis_13,26051201,DIS,0.0737861867092801
02_dis_vs_ndis_13,26051202,DIS,0.0680466694687028
02_dis_vs_ndis_13,26051203,DIS,0.087285477029789
02_dis_vs_ndis_13,26051204,DIS,0.0924887639391216
02_dis_vs_ndis_13,26051301,DIS,0.0955001007984845
02_dis_vs_ndis_13,26051302,DIS,0.0762793315125298
02_dis_vs_ndis_13,26051303,DIS,0.1007935120498892
02_dis_vs_ndis_13,26051304,DIS,0.0901327820416434
02_dis_vs_ndis_13,26051402,DIS,0.0862409482803284
02_dis_vs_ndis_13,26051403,DIS,0.101717345908922
02_dis_vs_ndis_13,26051404,DIS,0.1127885201300614
02_dis_vs_ndis_13,26051501,DIS,0.0864366710315762
02_dis_vs_ndis_13,26051502,DIS,0.0785672507639419
02_dis_vs_ndis_13,26051503,DIS,0.0569540033620808
02_dis_vs_ndis_13,26051801,DIS,0.0371096511310327
02_dis_vs_ndis_13,26051802,DIS,0.0516472960738465
02_dis_vs_ndis_13,26051901,DIS,0.0907843841101027
02_dis_vs_ndis_13,26051902,DIS,0.0413000227849967
02_dis_vs_ndis_13,26052002,DIS,0.0760371229893292
02_dis_vs_ndis_13,26052003,DIS,0.0947816177929814
02_dis_vs_ndis_13,26052102,DIS,0.0714505840634938
02_dis_vs_ndis_13,26052103,DIS,0.0817947504587978
02_dis_vs_ndis_13,26052201,DIS,0.0803522132995892
02_dis_vs_ndis_13,26052202,DIS,0.0879406584717606
02_dis_vs_ndis_13,26052301,DIS,0.0647785836794903
02_dis_vs_ndis_13,26052302,DIS,0.0688096447449528
02_dis_vs_ndis_13,26052303,DIS,0.1006956661975134
02_dis_vs_ndis_13,26060301,DIS,0.0585562395548669
02_dis_vs_ndis_13,26060302,DIS,0.06520980289908
02_dis_vs_ndis_13,26060401,DIS,0.0552722020072973
02_dis_vs_ndis_13,26060402,DIS,0.0813715611133809
02_dis_vs_ndis_13,26060403,DIS,0.0663161073899341
02_dis_vs_ndis_13,26060404,DIS,0.0576354667462953
02_dis_vs_ndis_13,26060405,DIS,0.098118670051453
02_dis_vs_ndis_13,26060501,DIS,0.0700182627017244
02_dis_vs_ndis_13,26060502,DIS,0.0654918229918229
02_dis_vs_ndis_13,26060503,DIS,0.0985744183933759
02_dis_vs_ndis_13,26060601,DIS,0.0740127770467576
02_dis_vs_ndis_13,26060602,DIS,0.0855265753470021
02_dis_vs_ndis_13,26060603,DIS,0.0479287717514864
02_dis_vs_ndis_13,26060801,DIS,0.0982808171210188
02_dis_vs_ndis_13,26060802,DIS,0.0991805451664254
02_dis_vs_ndis_13,26060901,DIS,0.0607524584180378
02_dis_vs_ndis_13,26060902,DIS,0.060951359865261
02_dis_vs_ndis_13,26060903,DIS,0.0889504751488348
02_dis_vs_ndis_13,26060904,DIS,0.0696721876721876
02_dis_vs_ndis_13,26061101,DIS,0.086512322649745
02_dis_vs_ndis_13,26061102,DIS,0.075566053575572
02_dis_vs_ndis_13,26061103,DIS,0.0796378657046097
02_dis_vs_ndis_13,26061201,DIS,0.0849077728771
02_dis_vs_ndis_13,26061202,DIS,0.0350777438838614
02_dis_vs_ndis_13,26061401,DIS,0.0799480457483528
02_dis_vs_ndis_13,26061402,DIS,0.0797748477396932
02_dis_vs_ndis_13,26061501,DIS,0.1043726160301729
02_dis_vs_ndis_13,26061502,DIS,0.0834308110995488
02_dis_vs_ndis_13,26061503,DIS,0.0811212225274725
02_dis_vs_ndis_13,26062201,DIS,0.0735558553777067
02_dis_vs_ndis_13,26062202,DIS,0.0623357480996836
02_dis_vs_ndis_13,26062301,DIS,0.0948489812176362
02_dis_vs_ndis_13,26062302,DIS,0.0890165843033541
02_dis_vs_ndis_13,26062501,DIS,0.0737565688495755
02_dis_vs_ndis_13,26062503,DIS,0.0777449506629663
02_dis_vs_ndis_13,26062504,DIS,0.0598625140291807
02_dis_vs_ndis_13,26062701,DIS,0.0949482370703915
02_dis_vs_ndis_13,26070101,DIS,0.0937951990899753
02_dis_vs_ndis_13,26070601,DIS,0.0708829974331927
02_dis_vs_ndis_13,26072203,DIS,0.060515249688379
02_dis_vs_ndis_13,26050701,NDIS,0.1241137543746199
02_dis_vs_ndis_13,26050702,NDIS,0.1026314137619265
02_dis_vs_ndis_13,26050801,NDIS,0.0978272463211484
02_dis_vs_ndis_13,26051101,NDIS,0.084054368346573
02_dis_vs_ndis_13,26051102,NDIS,0.0912167521855175
02_dis_vs_ndis_13,26051103,NDIS,0.0582638484032492
02_dis_vs_ndis_13,26051104,NDIS,0.097229965743592
02_dis_vs_ndis_13,26051105,NDIS,0.1159623620038071
02_dis_vs_ndis_13,26051201,NDIS,0.1042164823534109
02_dis_vs_ndis_13,26051202,NDIS,0.0618576778292171
02_dis_vs_ndis_13,26051203,NDIS,0.1033942326434619
02_dis_vs_ndis_13,26051204,NDIS,0.1023663311624528
02_dis_vs_ndis_13,26051301,NDIS,0.1109110272081635
02_dis_vs_ndis_13,26051302,NDIS,0.1049065527456251
02_dis_vs_ndis_13,26051303,NDIS,0.10634587912827
02_dis_vs_ndis_13,26051304,NDIS,0.0732230392156862
02_dis_vs_ndis_13,26051402,NDIS,0.0983237524650843
02_dis_vs_ndis_13,26051403,NDIS,0.1026120840261898
02_dis_vs_ndis_13,26051404,NDIS,0.0989272088814614
02_dis_vs_ndis_13,26051501,NDIS,0.1063416985325288
02_dis_vs_ndis_13,26051502,NDIS,0.1264690170940171
02_dis_vs_ndis_13,26051503,NDIS,0.0909000443554911
02_dis_vs_ndis_13,26051801,NDIS,0.0691666666666666
02_dis_vs_ndis_13,26051802,NDIS,0.0943726197601364
02_dis_vs_ndis_13,26051901,NDIS,0.1075570112773741
02_dis_vs_ndis_13,26051902,NDIS,0.0373587166246367
02_dis_vs_ndis_13,26052002,NDIS,0.0753131127273603
02_dis_vs_ndis_13,26052003,NDIS,0.1053808557004381
02_dis_vs_ndis_13,26052102,NDIS,0.0947048074484046
02_dis_vs_ndis_13,26052103,NDIS,0.0775212353619322
02_dis_vs_ndis_13,26052201,NDIS,0.1061212556765385
02_dis_vs_ndis_13,26052202,NDIS,0.1172790405002022
02_dis_vs_ndis_13,26052301,NDIS,0.0610784244596912
02_dis_vs_ndis_13,26052302,NDIS,0.0833902537844659
02_dis_vs_ndis_13,26052303,NDIS,0.0846851787002647
02_dis_vs_ndis_13,26060301,NDIS,0.0766767325281673
02_dis_vs_ndis_13,26060302,NDIS,0.0943022478210041
02_dis_vs_ndis_13,26060401,NDIS,0.060808680197225
02_dis_vs_ndis_13,26060402,NDIS,0.0799778230296124
02_dis_vs_ndis_13,26060403,NDIS,0.1270135849389931
02_dis_vs_ndis_13,26060404,NDIS,0.0488780384761408
02_dis_vs_ndis_13,26060405,NDIS,0.1149064536707749
02_dis_vs_ndis_13,26060501,NDIS,0.0970269790815923
02_dis_vs_ndis_13,26060502,NDIS,0.0850883040364161
02_dis_vs_ndis_13,26060503,NDIS,0.1201190958360364
02_dis_vs_ndis_13,26060601,NDIS,0.1224192210992955
02_dis_vs_ndis_13,26060602,NDIS,0.1026604621270033
02_dis_vs_ndis_13,26060603,NDIS,0.043147113785207
02_dis_vs_ndis_13,26060801,NDIS,0.1094285238279253
02_dis_vs_ndis_13,26060802,NDIS,0.1027322595528102
02_dis_vs_ndis_13,26060901,NDIS,0.0567372010633729
02_dis_vs_ndis_13,26060902,NDIS,0.0730948584835519
02_dis_vs_ndis_13,26060903,NDIS,0.1078070205788178
02_dis_vs_ndis_13,26060904,NDIS,0.1042039947148554
02_dis_vs_ndis_13,26061101,NDIS,0.1197613625934933
02_dis_vs_ndis_13,26061102,NDIS,0.0604398893310354
02_dis_vs_ndis_13,26061103,NDIS,0.087423731900407
02_dis_vs_ndis_13,26061201,NDIS,0.0627423472477423
02_dis_vs_ndis_13,26061202,NDIS,0.0422002760347111
02_dis_vs_ndis_13,26061401,NDIS,0.1195652173913043
02_dis_vs_ndis_13,26061402,NDIS,0.0920773291066652
02_dis_vs_ndis_13,26061501,NDIS,0.1201239076783259
02_dis_vs_ndis_13,26061502,NDIS,0.0842421877560684
02_dis_vs_ndis_13,26061503,NDIS,0.0692033927852998
02_dis_vs_ndis_13,26062201,NDIS,0.0736150684905525
02_dis_vs_ndis_13,26062202,NDIS,0.0689225056260124
02_dis_vs_ndis_13,26062301,NDIS,0.0985394815742153
02_dis_vs_ndis_13,26062302,NDIS,0.0861614187632382
02_dis_vs_ndis_13,26062501,NDIS,0.0846106050430289
02_dis_vs_ndis_13,26062503,NDIS,0.0824653200340502
02_dis_vs_ndis_13,26062504,NDIS,0.0847533453658518
02_dis_vs_ndis_13,26062701,NDIS,0.0780615940036072
02_dis_vs_ndis_13,26070101,NDIS,0.0920071004703477
02_dis_vs_ndis_13,26070601,NDIS,0.1221153846153846
02_dis_vs_ndis_13,26072203,NDIS,0.0640877476493111
02_dis_vs_ndis_14,26050701,DIS,160.9148392248857
02_dis_vs_ndis_14,26050702,DIS,141.29487283863045
02_dis_vs_ndis_14,26050801,DIS,113.65792978595142
02_dis_vs_ndis_14,26051101,DIS,137.4529510669038
02_dis_vs_ndis_14,26051102,DIS,154.65032758732744
02_dis_vs_ndis_14,26051103,DIS,138.4544650668115
02_dis_vs_ndis_14,26051104,DIS,144.54832283139942
02_dis_vs_ndis_14,26051105,DIS,125.33753208768816
02_dis_vs_ndis_14,26051201,DIS,138.00982213654692
02_dis_vs_ndis_14,26051202,DIS,114.9016979248881
02_dis_vs_ndis_14,26051203,DIS,137.9271794456185
02_dis_vs_ndis_14,26051204,DIS,148.72094796178268
02_dis_vs_ndis_14,26051301,DIS,148.2573539593636
02_dis_vs_ndis_14,26051302,DIS,131.3609124090623
02_dis_vs_ndis_14,26051303,DIS,137.06930403569416
02_dis_vs_ndis_14,26051304,DIS,157.11157829723123
02_dis_vs_ndis_14,26051402,DIS,130.10409777757144
02_dis_vs_ndis_14,26051403,DIS,123.27146445235644
02_dis_vs_ndis_14,26051404,DIS,126.13032418321572
02_dis_vs_ndis_14,26051501,DIS,109.59201189928004
02_dis_vs_ndis_14,26051502,DIS,163.94699808002878
02_dis_vs_ndis_14,26051503,DIS,147.17802179890884
02_dis_vs_ndis_14,26051801,DIS,164.94082361805698
02_dis_vs_ndis_14,26051802,DIS,141.47840786733337
02_dis_vs_ndis_14,26051901,DIS,140.7550984891035
02_dis_vs_ndis_14,26051902,DIS,137.01587337505362
02_dis_vs_ndis_14,26052002,DIS,111.83794175832864
02_dis_vs_ndis_14,26052003,DIS,133.3444559260672
02_dis_vs_ndis_14,26052102,DIS,154.21458180065844
02_dis_vs_ndis_14,26052103,DIS,136.2491595592103
02_dis_vs_ndis_14,26052201,DIS,126.47679456182584
02_dis_vs_ndis_14,26052202,DIS,154.67391090104334
02_dis_vs_ndis_14,26052301,DIS,175.04178921398088
02_dis_vs_ndis_14,26052302,DIS,175.37299565377668
02_dis_vs_ndis_14,26052303,DIS,146.28560596414434
02_dis_vs_ndis_14,26060301,DIS,128.61023627551415
02_dis_vs_ndis_14,26060302,DIS,169.49253430355023
02_dis_vs_ndis_14,26060401,DIS,156.12749736140432
02_dis_vs_ndis_14,26060402,DIS,145.66997072012623
02_dis_vs_ndis_14,26060403,DIS,143.35195883281213
02_dis_vs_ndis_14,26060404,DIS,148.50934449980855
02_dis_vs_ndis_14,26060405,DIS,155.2950888950874
02_dis_vs_ndis_14,26060501,DIS,145.899771351344
02_dis_vs_ndis_14,26060502,DIS,138.751262648971
02_dis_vs_ndis_14,26060503,DIS,151.98184201151795
02_dis_vs_ndis_14,26060601,DIS,163.28202683521656
02_dis_vs_ndis_14,26060602,DIS,153.46677433233756
02_dis_vs_ndis_14,26060603,DIS,138.4731067101435
02_dis_vs_ndis_14,26060801,DIS,141.68192813284287
02_dis_vs_ndis_14,26060802,DIS,149.08642068224273
02_dis_vs_ndis_14,26060901,DIS,152.81000125842812
02_dis_vs_ndis_14,26060902,DIS,134.432512937013
02_dis_vs_ndis_14,26060903,DIS,141.22623650922154
02_dis_vs_ndis_14,26060904,DIS,158.47948127204603
02_dis_vs_ndis_14,26061101,DIS,135.62800933294713
02_dis_vs_ndis_14,26061102,DIS,115.69110282359608
02_dis_vs_ndis_14,26061103,DIS,147.92210323050415
02_dis_vs_ndis_14,26061201,DIS,148.0692871812023
02_dis_vs_ndis_14,26061202,DIS,128.6126992461122
02_dis_vs_ndis_14,26061401,DIS,143.56862159016282
02_dis_vs_ndis_14,26061402,DIS,151.42199685613147
02_dis_vs_ndis_14,26061501,DIS,135.03678083844798
02_dis_vs_ndis_14,26061502,DIS,141.3810377446412
02_dis_vs_ndis_14,26061503,DIS,132.2031694924837
02_dis_vs_ndis_14,26062201,DIS,117.26310416968172
02_dis_vs_ndis_14,26062202,DIS,145.85500043182398
02_dis_vs_ndis_14,26062301,DIS,138.7718307799638
02_dis_vs_ndis_14,26062302,DIS,110.74160860676464
02_dis_vs_ndis_14,26062501,DIS,121.67888729717632
02_dis_vs_ndis_14,26062503,DIS,141.42607826480065
02_dis_vs_ndis_14,26062504,DIS,131.6261019919369
02_dis_vs_ndis_14,26062701,DIS,144.55989292242018
02_dis_vs_ndis_14,26070101,DIS,132.2180699667485
02_dis_vs_ndis_14,26070601,DIS,126.93272106883704
02_dis_vs_ndis_14,26072203,DIS,139.87103098822232
02_dis_vs_ndis_14,26050701,NDIS,136.4958620169604
02_dis_vs_ndis_14,26050702,NDIS,120.58650364807788
02_dis_vs_ndis_14,26050801,NDIS,107.54065625571889
02_dis_vs_ndis_14,26051101,NDIS,99.24299480063245
02_dis_vs_ndis_14,26051102,NDIS,120.2093689616354
02_dis_vs_ndis_14,26051103,NDIS,134.5083098985582
02_dis_vs_ndis_14,26051104,NDIS,112.68400678984612
02_dis_vs_ndis_14,26051105,NDIS,92.1467269686544
02_dis_vs_ndis_14,26051201,NDIS,120.533091370741
02_dis_vs_ndis_14,26051202,NDIS,121.73238498925288
02_dis_vs_ndis_14,26051203,NDIS,131.34603836004737
02_dis_vs_ndis_14,26051204,NDIS,142.2486204900258
02_dis_vs_ndis_14,26051301,NDIS,132.04942309398257
02_dis_vs_ndis_14,26051302,NDIS,117.31425664736786
02_dis_vs_ndis_14,26051303,NDIS,122.73254118045324
02_dis_vs_ndis_14,26051304,NDIS,131.52382203748505
02_dis_vs_ndis_14,26051402,NDIS,118.27674835046028
02_dis_vs_ndis_14,26051403,NDIS,117.73133247482912
02_dis_vs_ndis_14,26051404,NDIS,94.63053874861338
02_dis_vs_ndis_14,26051501,NDIS,90.20346756127527
02_dis_vs_ndis_14,26051502,NDIS,109.82392809932804
02_dis_vs_ndis_14,26051503,NDIS,151.47073267076124
02_dis_vs_ndis_14,26051801,NDIS,161.36488233575
02_dis_vs_ndis_14,26051802,NDIS,131.45025063755782
02_dis_vs_ndis_14,26051901,NDIS,130.82691152095134
02_dis_vs_ndis_14,26051902,NDIS,118.02835086666477
02_dis_vs_ndis_14,26052002,NDIS,132.85579725953386
02_dis_vs_ndis_14,26052003,NDIS,132.13544466808472
02_dis_vs_ndis_14,26052102,NDIS,136.5764636338412
02_dis_vs_ndis_14,26052103,NDIS,129.91336314728537
02_dis_vs_ndis_14,26052201,NDIS,107.86570848058908
02_dis_vs_ndis_14,26052202,NDIS,147.95528816843142
02_dis_vs_ndis_14,26052301,NDIS,140.28439079262017
02_dis_vs_ndis_14,26052302,NDIS,144.17163387420436
02_dis_vs_ndis_14,26052303,NDIS,131.55023465673787
02_dis_vs_ndis_14,26060301,NDIS,141.95632680196874
02_dis_vs_ndis_14,26060302,NDIS,127.22894039436297
02_dis_vs_ndis_14,26060401,NDIS,128.61530915369949
02_dis_vs_ndis_14,26060402,NDIS,132.099629341938
02_dis_vs_ndis_14,26060403,NDIS,131.8670336633564
02_dis_vs_ndis_14,26060404,NDIS,132.16616864180534
02_dis_vs_ndis_14,26060405,NDIS,163.02528011281385
02_dis_vs_ndis_14,26060501,NDIS,118.42685587464996
02_dis_vs_ndis_14,26060502,NDIS,158.80928369904117
02_dis_vs_ndis_14,26060503,NDIS,153.29461657082638
02_dis_vs_ndis_14,26060601,NDIS,88.83529277164345
02_dis_vs_ndis_14,26060602,NDIS,123.17904376873769
02_dis_vs_ndis_14,26060603,NDIS,132.23539412202518
02_dis_vs_ndis_14,26060801,NDIS,143.66284665974266
02_dis_vs_ndis_14,26060802,NDIS,121.12790145211405
02_dis_vs_ndis_14,26060901,NDIS,153.381228431854
02_dis_vs_ndis_14,26060902,NDIS,90.89981243383454
02_dis_vs_ndis_14,26060903,NDIS,120.36829238978014
02_dis_vs_ndis_14,26060904,NDIS,122.01889669008334
02_dis_vs_ndis_14,26061101,NDIS,141.20583413098166
02_dis_vs_ndis_14,26061102,NDIS,94.77327109664527
02_dis_vs_ndis_14,26061103,NDIS,123.06496531184864
02_dis_vs_ndis_14,26061201,NDIS,134.39649088355736
02_dis_vs_ndis_14,26061202,NDIS,131.61835102528983
02_dis_vs_ndis_14,26061401,NDIS,188.63326514885887
02_dis_vs_ndis_14,26061402,NDIS,153.70973057122472
02_dis_vs_ndis_14,26061501,NDIS,112.4848558543544
02_dis_vs_ndis_14,26061502,NDIS,127.1354160046148
02_dis_vs_ndis_14,26061503,NDIS,131.5084924234559
02_dis_vs_ndis_14,26062201,NDIS,98.56724524902066
02_dis_vs_ndis_14,26062202,NDIS,137.30263651537007
02_dis_vs_ndis_14,26062301,NDIS,130.38186369669216
02_dis_vs_ndis_14,26062302,NDIS,99.81434624620552
02_dis_vs_ndis_14,26062501,NDIS,100.82431414569172
02_dis_vs_ndis_14,26062503,NDIS,144.03380775135082
02_dis_vs_ndis_14,26062504,NDIS,149.04768860860514
02_dis_vs_ndis_14,26062701,NDIS,135.95498986583453
02_dis_vs_ndis_14,26070101,NDIS,114.44073056743656
02_dis_vs_ndis_14,26070601,NDIS,110.16757567844476
02_dis_vs_ndis_14,26072203,NDIS,131.28114746144408
02_dis_vs_ndis_15,26050701,DIS,0.0
02_dis_vs_ndis_15,26050702,DIS,0.0
02_dis_vs_ndis_15,26050801,DIS,0.0
02_dis_vs_ndis_15,26051101,DIS,0.0
02_dis_vs_ndis_15,26051102,DIS,0.0
02_dis_vs_ndis_15,26051103,DIS,-6.715058616684414e-19
02_dis_vs_ndis_15,26051104,DIS,9.637352644315594e-20
02_dis_vs_ndis_15,26051105,DIS,0.0
02_dis_vs_ndis_15,26051201,DIS,0.0
02_dis_vs_ndis_15,26051202,DIS,0.0
02_dis_vs_ndis_15,26051203,DIS,0.0
02_dis_vs_ndis_15,26051204,DIS,-2.4286128663675298e-18
02_dis_vs_ndis_15,26051301,DIS,1.7347234759768072e-19
02_dis_vs_ndis_15,26051302,DIS,0.0
02_dis_vs_ndis_15,26051303,DIS,2.42861286636753e-19
02_dis_vs_ndis_15,26051304,DIS,-2.050127744336227e-18
02_dis_vs_ndis_15,26051402,DIS,0.0
02_dis_vs_ndis_15,26051403,DIS,0.0
02_dis_vs_ndis_15,26051404,DIS,-5.421010862427522e-20
02_dis_vs_ndis_15,26051501,DIS,7.228014483236696e-20
02_dis_vs_ndis_15,26051502,DIS,0.0
02_dis_vs_ndis_15,26051503,DIS,-2.569960705150825e-19
02_dis_vs_ndis_15,26051801,DIS,-2.1118372751022e-18
02_dis_vs_ndis_15,26051802,DIS,3.771137991253928e-20
02_dis_vs_ndis_15,26051901,DIS,0.0
02_dis_vs_ndis_15,26051902,DIS,0.0
02_dis_vs_ndis_15,26052002,DIS,5.478074134663601e-19
02_dis_vs_ndis_15,26052003,DIS,0.0
02_dis_vs_ndis_15,26052102,DIS,0.0
02_dis_vs_ndis_15,26052103,DIS,0.0
02_dis_vs_ndis_15,26052201,DIS,0.0
02_dis_vs_ndis_15,26052202,DIS,6.071532165918824e-19
02_dis_vs_ndis_15,26052301,DIS,0.0
02_dis_vs_ndis_15,26052302,DIS,0.0
02_dis_vs_ndis_15,26052303,DIS,0.0
02_dis_vs_ndis_15,26060301,DIS,0.0
02_dis_vs_ndis_15,26060302,DIS,0.0
02_dis_vs_ndis_15,26060401,DIS,0.0
02_dis_vs_ndis_15,26060402,DIS,3.8920077986659134e-20
02_dis_vs_ndis_15,26060403,DIS,7.304098846218136e-19
02_dis_vs_ndis_15,26060404,DIS,-4.216341781888073e-20
02_dis_vs_ndis_15,26060405,DIS,0.0
02_dis_vs_ndis_15,26060501,DIS,-2.6020852139652105e-19
02_dis_vs_ndis_15,26060502,DIS,0.0
02_dis_vs_ndis_15,26060503,DIS,0.0
02_dis_vs_ndis_15,26060601,DIS,0.0
02_dis_vs_ndis_15,26060602,DIS,0.0
02_dis_vs_ndis_15,26060603,DIS,-2.282530889443167e-20
02_dis_vs_ndis_15,26060801,DIS,-1.9274705288631191e-19
02_dis_vs_ndis_15,26060802,DIS,3.942553354492743e-20
02_dis_vs_ndis_15,26060901,DIS,-3.717264591378872e-19
02_dis_vs_ndis_15,26060902,DIS,-1.734723475976807e-18
02_dis_vs_ndis_15,26060903,DIS,0.0
02_dis_vs_ndis_15,26060904,DIS,0.0
02_dis_vs_ndis_15,26061101,DIS,0.0
02_dis_vs_ndis_15,26061102,DIS,0.0
02_dis_vs_ndis_15,26061103,DIS,3.1540426835941953e-19
02_dis_vs_ndis_15,26061201,DIS,0.0
02_dis_vs_ndis_15,26061202,DIS,0.0
02_dis_vs_ndis_15,26061401,DIS,0.0
02_dis_vs_ndis_15,26061402,DIS,7.885106708985487e-20
02_dis_vs_ndis_15,26061501,DIS,0.0
02_dis_vs_ndis_15,26061502,DIS,6.004812032227409e-19
02_dis_vs_ndis_15,26061503,DIS,0.0
02_dis_vs_ndis_15,26062201,DIS,2.930276141852715e-20
02_dis_vs_ndis_15,26062202,DIS,-1.8214596497756471e-19
02_dis_vs_ndis_15,26062301,DIS,0.0
02_dis_vs_ndis_15,26062302,DIS,-4.034240641806528e-20
02_dis_vs_ndis_15,26062501,DIS,1.2325666802993105e-18
02_dis_vs_ndis_15,26062503,DIS,0.0
02_dis_vs_ndis_15,26062504,DIS,0.0
02_dis_vs_ndis_15,26062701,DIS,4.336808689942019e-19
02_dis_vs_ndis_15,26070101,DIS,0.0
02_dis_vs_ndis_15,26070601,DIS,0.0
02_dis_vs_ndis_15,26072203,DIS,0.0
02_dis_vs_ndis_15,26050701,NDIS,0.0057142857142857
02_dis_vs_ndis_15,26050702,NDIS,0.0024420024420024
02_dis_vs_ndis_15,26050801,NDIS,0.0112287937600119
02_dis_vs_ndis_15,26051101,NDIS,0.0031973938223938
02_dis_vs_ndis_15,26051102,NDIS,0.0042912837649679
02_dis_vs_ndis_15,26051103,NDIS,0.0118254583787432
02_dis_vs_ndis_15,26051104,NDIS,0.0083453972091405
02_dis_vs_ndis_15,26051105,NDIS,0.0036231884057971
02_dis_vs_ndis_15,26051201,NDIS,0.0022727272727272
02_dis_vs_ndis_15,26051202,NDIS,0.0074412393162393
02_dis_vs_ndis_15,26051203,NDIS,0.0406908345052118
02_dis_vs_ndis_15,26051204,NDIS,-0.0117952345117151
02_dis_vs_ndis_15,26051301,NDIS,-0.0004567137493295
02_dis_vs_ndis_15,26051302,NDIS,0.0008680555555555
02_dis_vs_ndis_15,26051303,NDIS,0.0091375589906223
02_dis_vs_ndis_15,26051304,NDIS,-0.015530303030303
02_dis_vs_ndis_15,26051402,NDIS,0.0010869565217391
02_dis_vs_ndis_15,26051403,NDIS,0.0013888888888888
02_dis_vs_ndis_15,26051404,NDIS,0.0180832572369214
02_dis_vs_ndis_15,26051501,NDIS,-0.0016420361247947
02_dis_vs_ndis_15,26051502,NDIS,0.0
02_dis_vs_ndis_15,26051503,NDIS,-0.0329237445465515
02_dis_vs_ndis_15,26051801,NDIS,-0.0122890254336159
02_dis_vs_ndis_15,26051802,NDIS,0.0020667540439872
02_dis_vs_ndis_15,26051901,NDIS,0.00238769284033
02_dis_vs_ndis_15,26051902,NDIS,-0.0078125
02_dis_vs_ndis_15,26052002,NDIS,-0.016734509963008
02_dis_vs_ndis_15,26052003,NDIS,0.0024801587301587
02_dis_vs_ndis_15,26052102,NDIS,-0.0002630471380471
02_dis_vs_ndis_15,26052103,NDIS,0.0008654885017478
02_dis_vs_ndis_15,26052201,NDIS,0.0023310023310023
02_dis_vs_ndis_15,26052202,NDIS,-0.004594017094017
02_dis_vs_ndis_15,26052301,NDIS,0.0181392904611996
02_dis_vs_ndis_15,26052302,NDIS,0.0029198938757762
02_dis_vs_ndis_15,26052303,NDIS,0.002565949478658
02_dis_vs_ndis_15,26060301,NDIS,0.0
02_dis_vs_ndis_15,26060302,NDIS,0.0029457811470006
02_dis_vs_ndis_15,26060401,NDIS,0.0533333333333333
02_dis_vs_ndis_15,26060402,NDIS,0.0022364073834662
02_dis_vs_ndis_15,26060403,NDIS,-0.0069252077562326
02_dis_vs_ndis_15,26060404,NDIS,0.0053483348687622
02_dis_vs_ndis_15,26060405,NDIS,0.0
02_dis_vs_ndis_15,26060501,NDIS,-0.0057142857142857
02_dis_vs_ndis_15,26060502,NDIS,0.0
02_dis_vs_ndis_15,26060503,NDIS,-0.0019606509814588
02_dis_vs_ndis_15,26060601,NDIS,0.0025480719939892
02_dis_vs_ndis_15,26060602,NDIS,0.0067881853596139
02_dis_vs_ndis_15,26060603,NDIS,0.0020591891014
02_dis_vs_ndis_15,26060801,NDIS,0.0028543181528256
02_dis_vs_ndis_15,26060802,NDIS,0.0005538634570892
02_dis_vs_ndis_15,26060901,NDIS,0.0235615079365079
02_dis_vs_ndis_15,26060902,NDIS,0.0198710715351745
02_dis_vs_ndis_15,26060903,NDIS,0.0006105006105006
02_dis_vs_ndis_15,26060904,NDIS,0.0063602589023808
02_dis_vs_ndis_15,26061101,NDIS,0.0
02_dis_vs_ndis_15,26061102,NDIS,0.0003367003367003
02_dis_vs_ndis_15,26061103,NDIS,0.0024232279319488
02_dis_vs_ndis_15,26061201,NDIS,0.0567311380980453
02_dis_vs_ndis_15,26061202,NDIS,-0.000742447516641
02_dis_vs_ndis_15,26061401,NDIS,0.0
02_dis_vs_ndis_15,26061402,NDIS,-0.0008005782462304
02_dis_vs_ndis_15,26061501,NDIS,0.0057955663787278
02_dis_vs_ndis_15,26061502,NDIS,-0.0074388260127885
02_dis_vs_ndis_15,26061503,NDIS,0.002252944188428
02_dis_vs_ndis_15,26062201,NDIS,0.008045512786892
02_dis_vs_ndis_15,26062202,NDIS,0.0096825396825396
02_dis_vs_ndis_15,26062301,NDIS,-0.0029350857642948
02_dis_vs_ndis_15,26062302,NDIS,-0.0014119177138513
02_dis_vs_ndis_15,26062501,NDIS,-0.0057939867150393
02_dis_vs_ndis_15,26062503,NDIS,0.0
02_dis_vs_ndis_15,26062504,NDIS,0.0008873114463176
02_dis_vs_ndis_15,26062701,NDIS,0.0277956213380907
02_dis_vs_ndis_15,26070101,NDIS,0.0167661286082338
02_dis_vs_ndis_15,26070601,NDIS,-0.0013513513513513
02_dis_vs_ndis_15,26072203,NDIS,0.0016106958627223
02_dis_vs_ndis_16,26050701,DIS,2.686023446673766e-17
02_dis_vs_ndis_16,26050702,DIS,1.1564823173178714e-17
02_dis_vs_ndis_16,26050801,DIS,2.973811673103098e-17
02_dis_vs_ndis_16,26051101,DIS,-1.7347234759768068e-17
02_dis_vs_ndis_16,26051102,DIS,1.708035422500241e-17
02_dis_vs_ndis_16,26051103,DIS,4.029035170010649e-18
02_dis_vs_ndis_16,26051104,DIS,-1.2335811384723961e-17
02_dis_vs_ndis_16,26051105,DIS,0.0
02_dis_vs_ndis_16,26051201,DIS,-9.150009243551908e-18
02_dis_vs_ndis_16,26051202,DIS,5.9476233462061954e-18
02_dis_vs_ndis_16,26051203,DIS,4.956352788505163e-18
02_dis_vs_ndis_16,26051204,DIS,-1.1102230246251566e-17
02_dis_vs_ndis_16,26051301,DIS,-1.1102230246251566e-17
02_dis_vs_ndis_16,26051302,DIS,2.3485487059378308e-17
02_dis_vs_ndis_16,26051303,DIS,6.938893903907228e-18
02_dis_vs_ndis_16,26051304,DIS,4.4787406107037556e-17
02_dis_vs_ndis_16,26051402,DIS,2.7755575615628914e-17
02_dis_vs_ndis_16,26051403,DIS,6.360652745248293e-18
02_dis_vs_ndis_16,26051404,DIS,4.3368086899420185e-18
02_dis_vs_ndis_16,26051501,DIS,1.784287003861859e-17
02_dis_vs_ndis_16,26051502,DIS,-2.2204460492503132e-17
02_dis_vs_ndis_16,26051503,DIS,1.9531701359146273e-17
02_dis_vs_ndis_16,26051801,DIS,2.413528314402514e-18
02_dis_vs_ndis_16,26051802,DIS,7.240584943207542e-18
02_dis_vs_ndis_16,26051901,DIS,1.5612511283791264e-17
02_dis_vs_ndis_16,26051902,DIS,9.251858538542969e-18
02_dis_vs_ndis_16,26052002,DIS,-2.9216395384872543e-18
02_dis_vs_ndis_16,26052003,DIS,-6.308085367188389e-18
02_dis_vs_ndis_16,26052102,DIS,-6.938893903907228e-18
02_dis_vs_ndis_16,26052103,DIS,4.625929269271485e-18
02_dis_vs_ndis_16,26052201,DIS,-7.50150692314295e-19
02_dis_vs_ndis_16,26052202,DIS,-2.775557561562892e-18
02_dis_vs_ndis_16,26052301,DIS,2.1279274638648838e-17
02_dis_vs_ndis_16,26052302,DIS,1.2335811384723961e-17
02_dis_vs_ndis_16,26052303,DIS,8.540177112501206e-18
02_dis_vs_ndis_16,26060301,DIS,-1.3061447348531253e-17
02_dis_vs_ndis_16,26060302,DIS,1.7253465923228783e-17
02_dis_vs_ndis_16,26060401,DIS,1.4954512723937994e-17
02_dis_vs_ndis_16,26060402,DIS,1.0319380677605622e-17
02_dis_vs_ndis_16,26060403,DIS,3.2685842336826153e-17
02_dis_vs_ndis_16,26060404,DIS,2.1587669923266933e-17
02_dis_vs_ndis_16,26060405,DIS,-1.2750217548429533e-17
02_dis_vs_ndis_16,26060501,DIS,9.71445146547012e-18
02_dis_vs_ndis_16,26060502,DIS,1.2335811384723961e-17
02_dis_vs_ndis_16,26060503,DIS,1.9531701359146273e-17
02_dis_vs_ndis_16,26060601,DIS,1.3877787807814457e-17
02_dis_vs_ndis_16,26060602,DIS,1.4373423086664974e-17
02_dis_vs_ndis_16,26060603,DIS,1.8990657000167152e-17
02_dis_vs_ndis_16,26060801,DIS,4.625929269271485e-18
02_dis_vs_ndis_16,26060802,DIS,-5.0464682937507125e-18
02_dis_vs_ndis_16,26060901,DIS,7.930164461608259e-18
02_dis_vs_ndis_16,26060902,DIS,-4.625929269271485e-18
02_dis_vs_ndis_16,26060903,DIS,-1.2490009027033013e-17
02_dis_vs_ndis_16,26060904,DIS,-1.8503717077085946e-18
02_dis_vs_ndis_16,26061101,DIS,0.0
02_dis_vs_ndis_16,26061102,DIS,-1.8041124150158794e-17
02_dis_vs_ndis_16,26061103,DIS,3.154042683594195e-17
02_dis_vs_ndis_16,26061201,DIS,-4.5650617788863356e-18
02_dis_vs_ndis_16,26061202,DIS,-1.3382152528963939e-17
02_dis_vs_ndis_16,26061401,DIS,1.0092936587501425e-18
02_dis_vs_ndis_16,26061402,DIS,3.1540426835941946e-18
02_dis_vs_ndis_16,26061501,DIS,0.0
02_dis_vs_ndis_16,26061502,DIS,-3.7363274867192774e-18
02_dis_vs_ndis_16,26061503,DIS,0.0
02_dis_vs_ndis_16,26062201,DIS,2.4754972846371737e-17
02_dis_vs_ndis_16,26062202,DIS,6.661338147750939e-18
02_dis_vs_ndis_16,26062301,DIS,2.0045693500176437e-17
02_dis_vs_ndis_16,26062302,DIS,-1.936435508067134e-18
02_dis_vs_ndis_16,26062501,DIS,2.8668587971406176e-17
02_dis_vs_ndis_16,26062503,DIS,0.0
02_dis_vs_ndis_16,26062504,DIS,3.0839528461809906e-18
02_dis_vs_ndis_16,26062701,DIS,5.204170427930421e-18
02_dis_vs_ndis_16,26070101,DIS,2.7755575615628914e-17
02_dis_vs_ndis_16,26070601,DIS,-9.71445146547012e-18
02_dis_vs_ndis_16,26072203,DIS,9.251858538542969e-18
02_dis_vs_ndis_16,26050701,NDIS,0.0901403891631595
02_dis_vs_ndis_16,26050702,NDIS,0.0653209589706535
02_dis_vs_ndis_16,26050801,NDIS,-0.0468371295538927
02_dis_vs_ndis_16,26051101,NDIS,0.0697219772880561
02_dis_vs_ndis_16,26051102,NDIS,0.0344946854287712
02_dis_vs_ndis_16,26051103,NDIS,0.0292046337906992
02_dis_vs_ndis_16,26051104,NDIS,0.049597386095585
02_dis_vs_ndis_16,26051105,NDIS,0.0128287658467869
02_dis_vs_ndis_16,26051201,NDIS,0.077349015975759
02_dis_vs_ndis_16,26051202,NDIS,0.0931843576298285
02_dis_vs_ndis_16,26051203,NDIS,-0.0272799540171614
02_dis_vs_ndis_16,26051204,NDIS,0.117434445999806
02_dis_vs_ndis_16,26051301,NDIS,-0.0198108389768245
02_dis_vs_ndis_16,26051302,NDIS,0.0825738270664337
02_dis_vs_ndis_16,26051303,NDIS,0.0430312070944884
02_dis_vs_ndis_16,26051304,NDIS,-0.1120045124638518
02_dis_vs_ndis_16,26051402,NDIS,0.0388573275382742
02_dis_vs_ndis_16,26051403,NDIS,0.0703534451603446
02_dis_vs_ndis_16,26051404,NDIS,0.000881108100492
02_dis_vs_ndis_16,26051501,NDIS,-0.0299933860913342
02_dis_vs_ndis_16,26051502,NDIS,0.034578849083493
02_dis_vs_ndis_16,26051503,NDIS,-0.0321795157236348
02_dis_vs_ndis_16,26051801,NDIS,0.0155847394948403
02_dis_vs_ndis_16,26051802,NDIS,-0.0092184247998316
02_dis_vs_ndis_16,26051901,NDIS,-0.1490221833313717
02_dis_vs_ndis_16,26051902,NDIS,0.0054241445270639
02_dis_vs_ndis_16,26052002,NDIS,0.0280524360723766
02_dis_vs_ndis_16,26052003,NDIS,0.0239716512620234
02_dis_vs_ndis_16,26052102,NDIS,-0.0752427870355915
02_dis_vs_ndis_16,26052103,NDIS,0.0209798799525589
02_dis_vs_ndis_16,26052201,NDIS,0.0300598329826374
02_dis_vs_ndis_16,26052202,NDIS,0.0556612442789983
02_dis_vs_ndis_16,26052301,NDIS,-0.03284191471925
02_dis_vs_ndis_16,26052302,NDIS,0.09653312314635
02_dis_vs_ndis_16,26052303,NDIS,0.043790339520734
02_dis_vs_ndis_16,26060301,NDIS,0.0204129541875604
02_dis_vs_ndis_16,26060302,NDIS,-0.0290184395769994
02_dis_vs_ndis_16,26060401,NDIS,0.0179449821627404
02_dis_vs_ndis_16,26060402,NDIS,-0.023524790716236
02_dis_vs_ndis_16,26060403,NDIS,0.0444062766224953
02_dis_vs_ndis_16,26060404,NDIS,0.087748014865639
02_dis_vs_ndis_16,26060405,NDIS,0.0810768240752775
02_dis_vs_ndis_16,26060501,NDIS,0.0220315143585682
02_dis_vs_ndis_16,26060502,NDIS,0.0447565224020332
02_dis_vs_ndis_16,26060503,NDIS,-0.0800862786496211
02_dis_vs_ndis_16,26060601,NDIS,0.1332764639404066
02_dis_vs_ndis_16,26060602,NDIS,-0.012377233581888
02_dis_vs_ndis_16,26060603,NDIS,0.0109954775780604
02_dis_vs_ndis_16,26060801,NDIS,0.0227196563649079
02_dis_vs_ndis_16,26060802,NDIS,-0.0322731496530395
02_dis_vs_ndis_16,26060901,NDIS,-0.014858737444084
02_dis_vs_ndis_16,26060902,NDIS,-0.0119714700985859
02_dis_vs_ndis_16,26060903,NDIS,0.0512481107489403
02_dis_vs_ndis_16,26060904,NDIS,-0.0558297553433576
02_dis_vs_ndis_16,26061101,NDIS,0.0664915650748198
02_dis_vs_ndis_16,26061102,NDIS,0.0026551451305478
02_dis_vs_ndis_16,26061103,NDIS,0.0233845275215026
02_dis_vs_ndis_16,26061201,NDIS,0.0239345003531501
02_dis_vs_ndis_16,26061202,NDIS,0.0655012631184572
02_dis_vs_ndis_16,26061401,NDIS,0.0982162901689571
02_dis_vs_ndis_16,26061402,NDIS,-0.0182604796948005
02_dis_vs_ndis_16,26061501,NDIS,-0.0669897543253107
02_dis_vs_ndis_16,26061502,NDIS,-0.0171733845043262
02_dis_vs_ndis_16,26061503,NDIS,0.0037501533923152
02_dis_vs_ndis_16,26062201,NDIS,0.0369153520159988
02_dis_vs_ndis_16,26062202,NDIS,-0.0339403302850844
02_dis_vs_ndis_16,26062301,NDIS,-0.0172023293217836
02_dis_vs_ndis_16,26062302,NDIS,0.0573093551191615
02_dis_vs_ndis_16,26062501,NDIS,-0.0178851371693033
02_dis_vs_ndis_16,26062503,NDIS,0.0542605524197164
02_dis_vs_ndis_16,26062504,NDIS,-0.0706631853659345
02_dis_vs_ndis_16,26062701,NDIS,0.0328714862910216
02_dis_vs_ndis_16,26070101,NDIS,0.0589491802465551
02_dis_vs_ndis_16,26070601,NDIS,-0.0136160599754573
02_dis_vs_ndis_16,26072203,NDIS,0.0814857835578243
02_dis_vs_ndis_17,26050701,DIS,8.069262104382438e-17
02_dis_vs_ndis_17,26050702,DIS,0.0
02_dis_vs_ndis_17,26050801,DIS,4.2872451620569657e-17
02_dis_vs_ndis_17,26051101,DIS,2.1869906679279033e-17
02_dis_vs_ndis_17,26051102,DIS,0.0
02_dis_vs_ndis_17,26051103,DIS,6.14427863426624e-17
02_dis_vs_ndis_17,26051104,DIS,0.0
02_dis_vs_ndis_17,26051105,DIS,0.0
02_dis_vs_ndis_17,26051201,DIS,7.288466968005585e-17
02_dis_vs_ndis_17,26051202,DIS,0.0
02_dis_vs_ndis_17,26051203,DIS,4.3182223669851227e-17
02_dis_vs_ndis_17,26051204,DIS,4.007211229506425e-17
02_dis_vs_ndis_17,26051301,DIS,5.995204332975846e-17
02_dis_vs_ndis_17,26051302,DIS,3.5361670856450296e-18
02_dis_vs_ndis_17,26051303,DIS,1.1310397063368783e-17
02_dis_vs_ndis_17,26051304,DIS,5.929600245157086e-17
02_dis_vs_ndis_17,26051402,DIS,1.0061396160665481e-17
02_dis_vs_ndis_17,26051403,DIS,3.3248866622888805e-17
02_dis_vs_ndis_17,26051404,DIS,6.5052130349130266e-18
02_dis_vs_ndis_17,26051501,DIS,2.9242481452180463e-17
02_dis_vs_ndis_17,26051502,DIS,0.0
02_dis_vs_ndis_17,26051503,DIS,4.600229662219978e-17
02_dis_vs_ndis_17,26051801,DIS,3.0093681170206346e-17
02_dis_vs_ndis_17,26051802,DIS,7.029401215697321e-17
02_dis_vs_ndis_17,26051901,DIS,0.0
02_dis_vs_ndis_17,26051902,DIS,6.924437874940755e-17
02_dis_vs_ndis_17,26052002,DIS,5.2909066017292616e-17
02_dis_vs_ndis_17,26052003,DIS,8.578996099376211e-17
02_dis_vs_ndis_17,26052102,DIS,4.889751797909625e-17
02_dis_vs_ndis_17,26052103,DIS,1.6687678438172718e-17
02_dis_vs_ndis_17,26052201,DIS,7.843763176511347e-17
02_dis_vs_ndis_17,26052202,DIS,7.112366251504909e-17
02_dis_vs_ndis_17,26052301,DIS,3.9782991715734776e-17
02_dis_vs_ndis_17,26052302,DIS,5.975158639475669e-18
02_dis_vs_ndis_17,26052303,DIS,0.0
02_dis_vs_ndis_17,26060301,DIS,0.0
02_dis_vs_ndis_17,26060302,DIS,4.601998680779689e-17
02_dis_vs_ndis_17,26060401,DIS,7.273874988923439e-17
02_dis_vs_ndis_17,26060402,DIS,-2.135044278125301e-18
02_dis_vs_ndis_17,26060403,DIS,0.0
02_dis_vs_ndis_17,26060404,DIS,6.611223914000499e-17
02_dis_vs_ndis_17,26060405,DIS,1.6263032587282566e-20
02_dis_vs_ndis_17,26060501,DIS,1.0061396160665481e-17
02_dis_vs_ndis_17,26060502,DIS,-9.637352644315594e-20
02_dis_vs_ndis_17,26060503,DIS,7.378999674664306e-17
02_dis_vs_ndis_17,26060601,DIS,8.466784965440647e-17
02_dis_vs_ndis_17,26060602,DIS,8.896653255366768e-17
02_dis_vs_ndis_17,26060603,DIS,1.0043135913549936e-17
02_dis_vs_ndis_17,26060801,DIS,6.688322735155023e-17
02_dis_vs_ndis_17,26060802,DIS,4.581246997920568e-17
02_dis_vs_ndis_17,26060901,DIS,2.887075499304258e-17
02_dis_vs_ndis_17,26060902,DIS,0.0
02_dis_vs_ndis_17,26060903,DIS,0.0
02_dis_vs_ndis_17,26060904,DIS,4.730012677830094e-17
02_dis_vs_ndis_17,26061101,DIS,3.5437922437811914e-17
02_dis_vs_ndis_17,26061102,DIS,0.0
02_dis_vs_ndis_17,26061103,DIS,7.222757745430704e-17
02_dis_vs_ndis_17,26061201,DIS,-1.1047449504904929e-17
02_dis_vs_ndis_17,26061202,DIS,0.0
02_dis_vs_ndis_17,26061401,DIS,-2.1447490248440524e-18
02_dis_vs_ndis_17,26061402,DIS,9.278142227572925e-18
02_dis_vs_ndis_17,26061501,DIS,5.825779673488778e-17
02_dis_vs_ndis_17,26061502,DIS,5.337610695313253e-19
02_dis_vs_ndis_17,26061503,DIS,0.0
02_dis_vs_ndis_17,26062201,DIS,5.963698003898645e-17
02_dis_vs_ndis_17,26062202,DIS,1.9984014443252817e-17
02_dis_vs_ndis_17,26062301,DIS,7.772524907640528e-17
02_dis_vs_ndis_17,26062302,DIS,3.550131764789745e-17
02_dis_vs_ndis_17,26062501,DIS,2.3898098412469962e-17
02_dis_vs_ndis_17,26062503,DIS,0.0
02_dis_vs_ndis_17,26062504,DIS,1.2335811384723961e-17
02_dis_vs_ndis_17,26062701,DIS,2.0036056147532126e-17
02_dis_vs_ndis_17,26070101,DIS,0.0
02_dis_vs_ndis_17,26070601,DIS,4.072263359855555e-17
02_dis_vs_ndis_17,26072203,DIS,5.811323644522304e-17
02_dis_vs_ndis_17,26050701,NDIS,-0.0016001024065539
02_dis_vs_ndis_17,26050702,NDIS,0.0038738323146119
02_dis_vs_ndis_17,26050801,NDIS,0.0059878582156656
02_dis_vs_ndis_17,26051101,NDIS,0.0076301841124716
02_dis_vs_ndis_17,26051102,NDIS,0.0123809523809523
02_dis_vs_ndis_17,26051103,NDIS,-0.0011543846332178
02_dis_vs_ndis_17,26051104,NDIS,0.0092704535961114
02_dis_vs_ndis_17,26051105,NDIS,0.0122127036545733
02_dis_vs_ndis_17,26051201,NDIS,0.012645095235959
02_dis_vs_ndis_17,26051202,NDIS,0.0076668895772402
02_dis_vs_ndis_17,26051203,NDIS,0.0079523849682009
02_dis_vs_ndis_17,26051204,NDIS,0.0049131908495933
02_dis_vs_ndis_17,26051301,NDIS,-0.0006343417730938
02_dis_vs_ndis_17,26051302,NDIS,0.0103435115454346
02_dis_vs_ndis_17,26051303,NDIS,0.0053298912692567
02_dis_vs_ndis_17,26051304,NDIS,-0.0021645021645021
02_dis_vs_ndis_17,26051402,NDIS,0.0006789880740347
02_dis_vs_ndis_17,26051403,NDIS,0.0003634665367121
02_dis_vs_ndis_17,26051404,NDIS,0.0018414165612478
02_dis_vs_ndis_17,26051501,NDIS,-0.008467208146667
02_dis_vs_ndis_17,26051502,NDIS,0.0
02_dis_vs_ndis_17,26051503,NDIS,-0.0109126984126983
02_dis_vs_ndis_17,26051801,NDIS,-0.0066889632107022
02_dis_vs_ndis_17,26051802,NDIS,-0.0252751994170757
02_dis_vs_ndis_17,26051901,NDIS,0.0083429458624621
02_dis_vs_ndis_17,26051902,NDIS,-0.0055412075298438
02_dis_vs_ndis_17,26052002,NDIS,0.0021605658640318
02_dis_vs_ndis_17,26052003,NDIS,-0.0007836299502965
02_dis_vs_ndis_17,26052102,NDIS,-0.0135261036490048
02_dis_vs_ndis_17,26052103,NDIS,0.0061814239387925
02_dis_vs_ndis_17,26052201,NDIS,0.0003432503432504
02_dis_vs_ndis_17,26052202,NDIS,-0.0020447823635241
02_dis_vs_ndis_17,26052301,NDIS,0.000521611457421
02_dis_vs_ndis_17,26052302,NDIS,0.0015633708788684
02_dis_vs_ndis_17,26052303,NDIS,0.0073328076858243
02_dis_vs_ndis_17,26060301,NDIS,0.0117424242424242
02_dis_vs_ndis_17,26060302,NDIS,0.0111728244112553
02_dis_vs_ndis_17,26060401,NDIS,-0.0120689655172413
02_dis_vs_ndis_17,26060402,NDIS,0.0004118043056889
02_dis_vs_ndis_17,26060403,NDIS,0.0132345532516799
02_dis_vs_ndis_17,26060404,NDIS,-0.0103611753539114
02_dis_vs_ndis_17,26060405,NDIS,-0.00125
02_dis_vs_ndis_17,26060501,NDIS,0.0046645195920558
02_dis_vs_ndis_17,26060502,NDIS,0.000547138047138
02_dis_vs_ndis_17,26060503,NDIS,-0.0001196286726001
02_dis_vs_ndis_17,26060601,NDIS,0.0066991709517594
02_dis_vs_ndis_17,26060602,NDIS,0.0056344296728912
02_dis_vs_ndis_17,26060603,NDIS,0.0033992643641563
02_dis_vs_ndis_17,26060801,NDIS,-0.0020673704744571
02_dis_vs_ndis_17,26060802,NDIS,0.0160850068702865
02_dis_vs_ndis_17,26060901,NDIS,0.0004166666666666
02_dis_vs_ndis_17,26060902,NDIS,0.0093717532292523
02_dis_vs_ndis_17,26060903,NDIS,0.004287233672541
02_dis_vs_ndis_17,26060904,NDIS,0.0096521731212167
02_dis_vs_ndis_17,26061101,NDIS,0.008008658008658
02_dis_vs_ndis_17,26061102,NDIS,0.0067251811696256
02_dis_vs_ndis_17,26061103,NDIS,-0.0003867620364261
02_dis_vs_ndis_17,26061201,NDIS,-0.0050262334433546
02_dis_vs_ndis_17,26061202,NDIS,0.0023846687478321
02_dis_vs_ndis_17,26061401,NDIS,-0.0071974402409185
02_dis_vs_ndis_17,26061402,NDIS,0.0004453661999162
02_dis_vs_ndis_17,26061501,NDIS,0.0041723537030947
02_dis_vs_ndis_17,26061502,NDIS,0.01195361630257
02_dis_vs_ndis_17,26061503,NDIS,0.0043373218322508
02_dis_vs_ndis_17,26062201,NDIS,0.0088939317395539
02_dis_vs_ndis_17,26062202,NDIS,0.0089611441568111
02_dis_vs_ndis_17,26062301,NDIS,-0.0016978138221316
02_dis_vs_ndis_17,26062302,NDIS,-0.0042265036754671
02_dis_vs_ndis_17,26062501,NDIS,0.0018206336491762
02_dis_vs_ndis_17,26062503,NDIS,0.0122493420974291
02_dis_vs_ndis_17,26062504,NDIS,-0.0126617344008648
02_dis_vs_ndis_17,26062701,NDIS,0.0267538750929976
02_dis_vs_ndis_17,26070101,NDIS,0.0102348631760396
02_dis_vs_ndis_17,26070601,NDIS,0.0186742786545512
02_dis_vs_ndis_17,26072203,NDIS,-6.655042940046961e-05
02_dis_vs_ndis_18,26050701,DIS,2.9770093200634236e-17
02_dis_vs_ndis_18,26050702,DIS,-1.3457248783335233e-17
02_dis_vs_ndis_18,26050801,DIS,-4.1385545784018107e-17
02_dis_vs_ndis_18,26051101,DIS,-5.9476233462061954e-18
02_dis_vs_ndis_18,26051102,DIS,-4.6970974118756616e-17
02_dis_vs_ndis_18,26051103,DIS,-3.7828163540655526e-17
02_dis_vs_ndis_18,26051104,DIS,-3.803541843623222e-17
02_dis_vs_ndis_18,26051105,DIS,-5.2041704279304207e-17
02_dis_vs_ndis_18,26051201,DIS,-6.434247074532158e-17
02_dis_vs_ndis_18,26051202,DIS,-1.1895246692412392e-17
02_dis_vs_ndis_18,26051203,DIS,-6.046750401976297e-17
02_dis_vs_ndis_18,26051204,DIS,-2.2204460492503132e-17
02_dis_vs_ndis_18,26051301,DIS,-2.1094237467877978e-17
02_dis_vs_ndis_18,26051302,DIS,1.0675221390626506e-18
02_dis_vs_ndis_18,26051303,DIS,4.884981308350689e-17
02_dis_vs_ndis_18,26051304,DIS,1.0487191922950698e-17
02_dis_vs_ndis_18,26051402,DIS,2.8449465006019634e-17
02_dis_vs_ndis_18,26051403,DIS,1.452830911130576e-17
02_dis_vs_ndis_18,26051404,DIS,-2.4286128663675302e-17
02_dis_vs_ndis_18,26051501,DIS,-1.5199481884749168e-17
02_dis_vs_ndis_18,26051502,DIS,4.041905699025961e-17
02_dis_vs_ndis_18,26051503,DIS,-2.2615654205327265e-17
02_dis_vs_ndis_18,26051801,DIS,1.206764157201257e-18
02_dis_vs_ndis_18,26051802,DIS,-3.680630679463834e-17
02_dis_vs_ndis_18,26051901,DIS,4.8572257327350605e-17
02_dis_vs_ndis_18,26051902,DIS,3.8453037050819226e-17
02_dis_vs_ndis_18,26052002,DIS,-2.9216395384872543e-18
02_dis_vs_ndis_18,26052003,DIS,-6.938893903907227e-17
02_dis_vs_ndis_18,26052102,DIS,-4.076600168545497e-17
02_dis_vs_ndis_18,26052103,DIS,6.013708050052931e-17
02_dis_vs_ndis_18,26052201,DIS,4.42588908465434e-17
02_dis_vs_ndis_18,26052202,DIS,1.0408340855860842e-18
02_dis_vs_ndis_18,26052301,DIS,2.775557561562892e-18
02_dis_vs_ndis_18,26052302,DIS,-4.625929269271486e-17
02_dis_vs_ndis_18,26052303,DIS,-5.978123978750843e-17
02_dis_vs_ndis_18,26060301,DIS,1.918400079315528e-17
02_dis_vs_ndis_18,26060302,DIS,3.300663046182898e-17
02_dis_vs_ndis_18,26060401,DIS,-4.498317427360548e-17
02_dis_vs_ndis_18,26060402,DIS,-2.135044278125301e-18
02_dis_vs_ndis_18,26060403,DIS,-9.495328500083576e-18
02_dis_vs_ndis_18,26060404,DIS,2.6984587404083666e-17
02_dis_vs_ndis_18,26060405,DIS,-2.949029909160572e-17
02_dis_vs_ndis_18,26060501,DIS,1.1102230246251566e-17
02_dis_vs_ndis_18,26060502,DIS,7.709882115452476e-18
02_dis_vs_ndis_18,26060503,DIS,-3.5979449872111554e-17
02_dis_vs_ndis_18,26060601,DIS,-6.4051328343759035e-18
02_dis_vs_ndis_18,26060602,DIS,-6.145877457746403e-17
02_dis_vs_ndis_18,26060603,DIS,2.9216395384872543e-18
02_dis_vs_ndis_18,26060801,DIS,2.6213599192538418e-17
02_dis_vs_ndis_18,26060802,DIS,2.5547745737112976e-17
02_dis_vs_ndis_18,26060901,DIS,2.9738116731030977e-18
02_dis_vs_ndis_18,26060902,DIS,3.23815048849004e-17
02_dis_vs_ndis_18,26060903,DIS,-4.7184478546569146e-17
02_dis_vs_ndis_18,26060904,DIS,-1.8503717077085938e-17
02_dis_vs_ndis_18,26061101,DIS,-3.469446951953614e-18
02_dis_vs_ndis_18,26061102,DIS,-1.942890293094024e-17
02_dis_vs_ndis_18,26061103,DIS,-4.131795915508395e-17
02_dis_vs_ndis_18,26061201,DIS,-1.7529837230923526e-17
02_dis_vs_ndis_18,26061202,DIS,-3.865955175034027e-17
02_dis_vs_ndis_18,26061401,DIS,-1.0092936587501425e-18
02_dis_vs_ndis_18,26061402,DIS,-6.560408781875924e-17
02_dis_vs_ndis_18,26061501,DIS,9.830099697201909e-18
02_dis_vs_ndis_18,26061502,DIS,4.21671244929747e-17
02_dis_vs_ndis_18,26061503,DIS,0.0
02_dis_vs_ndis_18,26062201,DIS,-2.850572630794321e-17
02_dis_vs_ndis_18,26062202,DIS,-3.747002708109904e-17
02_dis_vs_ndis_18,26062301,DIS,-2.6213599192538418e-17
02_dis_vs_ndis_18,26062302,DIS,8.391220534957578e-18
02_dis_vs_ndis_18,26062501,DIS,-3.2138034923359796e-17
02_dis_vs_ndis_18,26062503,DIS,1.6653345369377347e-17
02_dis_vs_ndis_18,26062504,DIS,5.551115123125783e-17
02_dis_vs_ndis_18,26062701,DIS,-3.5388358909926856e-17
02_dis_vs_ndis_18,26070101,DIS,-5.705312765434832e-17
02_dis_vs_ndis_18,26070601,DIS,5.2041704279304207e-17
02_dis_vs_ndis_18,26072203,DIS,2.6020852139652106e-17
02_dis_vs_ndis_18,26050701,NDIS,0.2627457261472021
02_dis_vs_ndis_18,26050702,NDIS,0.1454535191643209
02_dis_vs_ndis_18,26050801,NDIS,-0.0116277326984417
02_dis_vs_ndis_18,26051101,NDIS,0.1963018443367939
02_dis_vs_ndis_18,26051102,NDIS,0.0291448124146488
02_dis_vs_ndis_18,26051103,NDIS,0.0411641063231873
02_dis_vs_ndis_18,26051104,NDIS,0.2524091362276317
02_dis_vs_ndis_18,26051105,NDIS,0.1932847836489283
02_dis_vs_ndis_18,26051201,NDIS,0.1393332772626297
02_dis_vs_ndis_18,26051202,NDIS,0.2274166532105043
02_dis_vs_ndis_18,26051203,NDIS,0.2298101869906137
02_dis_vs_ndis_18,26051204,NDIS,0.2706875304921543
02_dis_vs_ndis_18,26051301,NDIS,0.1726711463363127
02_dis_vs_ndis_18,26051302,NDIS,0.32419917435806
02_dis_vs_ndis_18,26051303,NDIS,0.1350698349687964
02_dis_vs_ndis_18,26051304,NDIS,0.039874591595693
02_dis_vs_ndis_18,26051402,NDIS,0.1095880815311626
02_dis_vs_ndis_18,26051403,NDIS,0.1616382478424608
02_dis_vs_ndis_18,26051404,NDIS,0.1807285851202115
02_dis_vs_ndis_18,26051501,NDIS,0.0862149754069552
02_dis_vs_ndis_18,26051502,NDIS,0.0717280487374889
02_dis_vs_ndis_18,26051503,NDIS,0.1529831298489316
02_dis_vs_ndis_18,26051801,NDIS,0.1306147334564533
02_dis_vs_ndis_18,26051802,NDIS,0.1485854784793737
02_dis_vs_ndis_18,26051901,NDIS,0.0464960286477433
02_dis_vs_ndis_18,26051902,NDIS,0.2215384406510382
02_dis_vs_ndis_18,26052002,NDIS,0.1571431680839113
02_dis_vs_ndis_18,26052003,NDIS,0.1775122212384389
02_dis_vs_ndis_18,26052102,NDIS,0.1281259014630794
02_dis_vs_ndis_18,26052103,NDIS,0.035466439722336
02_dis_vs_ndis_18,26052201,NDIS,0.2402053201165826
02_dis_vs_ndis_18,26052202,NDIS,0.1590455004324496
02_dis_vs_ndis_18,26052301,NDIS,0.1682018110706093
02_dis_vs_ndis_18,26052302,NDIS,0.1090666520489901
02_dis_vs_ndis_18,26052303,NDIS,0.0877552788887338
02_dis_vs_ndis_18,26060301,NDIS,0.1743843530147747
02_dis_vs_ndis_18,26060302,NDIS,0.2622545039809865
02_dis_vs_ndis_18,26060401,NDIS,0.2804052570022235
02_dis_vs_ndis_18,26060402,NDIS,0.1900949827497701
02_dis_vs_ndis_18,26060403,NDIS,0.2109196911059274
02_dis_vs_ndis_18,26060404,NDIS,0.1299611015386244
02_dis_vs_ndis_18,26060405,NDIS,0.1021370450473471
02_dis_vs_ndis_18,26060501,NDIS,0.0309992750340183
02_dis_vs_ndis_18,26060502,NDIS,0.2345404773920487
02_dis_vs_ndis_18,26060503,NDIS,0.1574966991455963
02_dis_vs_ndis_18,26060601,NDIS,0.2517756652742653
02_dis_vs_ndis_18,26060602,NDIS,0.141949259095933
02_dis_vs_ndis_18,26060603,NDIS,0.0988622163736611
02_dis_vs_ndis_18,26060801,NDIS,0.0333576239324434
02_dis_vs_ndis_18,26060802,NDIS,0.0793995803484841
02_dis_vs_ndis_18,26060901,NDIS,0.0554970464832108
02_dis_vs_ndis_18,26060902,NDIS,0.0439924114913768
02_dis_vs_ndis_18,26060903,NDIS,0.065376574385902
02_dis_vs_ndis_18,26060904,NDIS,0.2293969658147267
02_dis_vs_ndis_18,26061101,NDIS,0.1483251553097245
02_dis_vs_ndis_18,26061102,NDIS,0.0057041505047328
02_dis_vs_ndis_18,26061103,NDIS,0.151481572488012
02_dis_vs_ndis_18,26061201,NDIS,0.099567724437677
02_dis_vs_ndis_18,26061202,NDIS,-0.0123993767089727
02_dis_vs_ndis_18,26061401,NDIS,0.2542528373836046
02_dis_vs_ndis_18,26061402,NDIS,0.1544671056848185
02_dis_vs_ndis_18,26061501,NDIS,0.1001301007994144
02_dis_vs_ndis_18,26061502,NDIS,0.0844039735577266
02_dis_vs_ndis_18,26061503,NDIS,0.0450496864413777
02_dis_vs_ndis_18,26062201,NDIS,0.0535125252515168
02_dis_vs_ndis_18,26062202,NDIS,0.1902443868865178
02_dis_vs_ndis_18,26062301,NDIS,-0.0069809730954701
02_dis_vs_ndis_18,26062302,NDIS,0.1536327524609
02_dis_vs_ndis_18,26062501,NDIS,0.2556065780416306
02_dis_vs_ndis_18,26062503,NDIS,0.1339318908045441
02_dis_vs_ndis_18,26062504,NDIS,0.3848879753731536
02_dis_vs_ndis_18,26062701,NDIS,0.0256944937930357
02_dis_vs_ndis_18,26070101,NDIS,0.1829782121541632
02_dis_vs_ndis_18,26070601,NDIS,0.1342996579085554
02_dis_vs_ndis_18,26072203,NDIS,0.1101244028458503
02_dis_vs_ndis_19,26050701,DIS,171.20404033645377
02_dis_vs_ndis_19,26050702,DIS,286.75177726692345
02_dis_vs_ndis_19,26050801,DIS,477.0049253079029
02_dis_vs_ndis_19,26051101,DIS,335.7579512606356
02_dis_vs_ndis_19,26051102,DIS,315.4797690412127
02_dis_vs_ndis_19,26051103,DIS,406.99463131838274
02_dis_vs_ndis_19,26051104,DIS,194.3673405671526
02_dis_vs_ndis_19,26051105,DIS,412.4814548840822
02_dis_vs_ndis_19,26051201,DIS,306.2822098915072
02_dis_vs_ndis_19,26051202,DIS,253.6398343988952
02_dis_vs_ndis_19,26051203,DIS,232.59167458552727
02_dis_vs_ndis_19,26051204,DIS,284.0256401670351
02_dis_vs_ndis_19,26051301,DIS,264.04354628237337
02_dis_vs_ndis_19,26051302,DIS,167.50057682231792
02_dis_vs_ndis_19,26051303,DIS,308.86619451781223
02_dis_vs_ndis_19,26051304,DIS,276.46749569605646
02_dis_vs_ndis_19,26051402,DIS,286.1227578543802
02_dis_vs_ndis_19,26051403,DIS,347.852190082014
02_dis_vs_ndis_19,26051404,DIS,383.08396307517313
02_dis_vs_ndis_19,26051501,DIS,381.3783502343203
02_dis_vs_ndis_19,26051502,DIS,250.2720274309179
02_dis_vs_ndis_19,26051503,DIS,259.14379412137595
02_dis_vs_ndis_19,26051801,DIS,225.1250216993296
02_dis_vs_ndis_19,26051802,DIS,220.90045666444124
02_dis_vs_ndis_19,26051901,DIS,322.905666395115
02_dis_vs_ndis_19,26051902,DIS,211.4125255785228
02_dis_vs_ndis_19,26052002,DIS,272.9765981033168
02_dis_vs_ndis_19,26052003,DIS,230.42728600139435
02_dis_vs_ndis_19,26052102,DIS,264.7095264842703
02_dis_vs_ndis_19,26052103,DIS,378.1418476409126
02_dis_vs_ndis_19,26052201,DIS,236.31921244563893
02_dis_vs_ndis_19,26052202,DIS,229.8648641980292
02_dis_vs_ndis_19,26052301,DIS,292.4479925370933
02_dis_vs_ndis_19,26052302,DIS,246.31970278714957
02_dis_vs_ndis_19,26052303,DIS,305.86252093598307
02_dis_vs_ndis_19,26060301,DIS,252.01661934032444
02_dis_vs_ndis_19,26060302,DIS,234.57801432816424
02_dis_vs_ndis_19,26060401,DIS,225.39546426506797
02_dis_vs_ndis_19,26060402,DIS,238.5968854239541
02_dis_vs_ndis_19,26060403,DIS,245.38853401181908
02_dis_vs_ndis_19,26060404,DIS,235.12858252984265
02_dis_vs_ndis_19,26060405,DIS,278.7654679859276
02_dis_vs_ndis_19,26060501,DIS,311.9680168560339
02_dis_vs_ndis_19,26060502,DIS,136.9344916409305
02_dis_vs_ndis_19,26060503,DIS,252.40347178352977
02_dis_vs_ndis_19,26060601,DIS,196.61427678300657
02_dis_vs_ndis_19,26060602,DIS,306.1353293576955
02_dis_vs_ndis_19,26060603,DIS,265.56462269163393
02_dis_vs_ndis_19,26060801,DIS,329.3683299582034
02_dis_vs_ndis_19,26060802,DIS,318.2095834314967
02_dis_vs_ndis_19,26060901,DIS,231.300929011084
02_dis_vs_ndis_19,26060902,DIS,447.5108680247857
02_dis_vs_ndis_19,26060903,DIS,288.322277727567
02_dis_vs_ndis_19,26060904,DIS,235.65255105708985
02_dis_vs_ndis_19,26061101,DIS,227.0319538260619
02_dis_vs_ndis_19,26061102,DIS,438.8535416898385
02_dis_vs_ndis_19,26061103,DIS,296.1139522627755
02_dis_vs_ndis_19,26061201,DIS,411.7198189695009
02_dis_vs_ndis_19,26061202,DIS,249.59642226346628
02_dis_vs_ndis_19,26061401,DIS,225.01860122897023
02_dis_vs_ndis_19,26061402,DIS,266.6730288036468
02_dis_vs_ndis_19,26061501,DIS,382.79062210741137
02_dis_vs_ndis_19,26061502,DIS,373.6484851223144
02_dis_vs_ndis_19,26061503,DIS,403.4495298609965
02_dis_vs_ndis_19,26062201,DIS,355.6528017550392
02_dis_vs_ndis_19,26062202,DIS,247.74440232451985
02_dis_vs_ndis_19,26062301,DIS,397.69041933250435
02_dis_vs_ndis_19,26062302,DIS,355.22348110237857
02_dis_vs_ndis_19,26062501,DIS,282.3863093922827
02_dis_vs_ndis_19,26062503,DIS,213.69028462011573
02_dis_vs_ndis_19,26062504,DIS,145.8024570025151
02_dis_vs_ndis_19,26062701,DIS,447.2621558674312
02_dis_vs_ndis_19,26070101,DIS,262.8913917172485
02_dis_vs_ndis_19,26070601,DIS,263.96967126159694
02_dis_vs_ndis_19,26072203,DIS,263.8169882447087
02_dis_vs_ndis_19,26050701,NDIS,358.5309229540926
02_dis_vs_ndis_19,26050702,NDIS,431.7286610534339
02_dis_vs_ndis_19,26050801,NDIS,464.7854193283973
02_dis_vs_ndis_19,26051101,NDIS,516.9717974166389
02_dis_vs_ndis_19,26051102,NDIS,325.34537842228116
02_dis_vs_ndis_19,26051103,NDIS,397.5030972585581
02_dis_vs_ndis_19,26051104,NDIS,407.44928818658326
02_dis_vs_ndis_19,26051105,NDIS,566.7891905517552
02_dis_vs_ndis_19,26051201,NDIS,462.11529215451304
02_dis_vs_ndis_19,26051202,NDIS,399.6499297547891
02_dis_vs_ndis_19,26051203,NDIS,392.6275942900604
02_dis_vs_ndis_19,26051204,NDIS,519.2577238447957
02_dis_vs_ndis_19,26051301,NDIS,440.9884889075108
02_dis_vs_ndis_19,26051302,NDIS,401.1981981888687
02_dis_vs_ndis_19,26051303,NDIS,444.7876912948213
02_dis_vs_ndis_19,26051304,NDIS,422.33377768802825
02_dis_vs_ndis_19,26051402,NDIS,376.48262250205886
02_dis_vs_ndis_19,26051403,NDIS,427.9254511734586
02_dis_vs_ndis_19,26051404,NDIS,524.5276835855846
02_dis_vs_ndis_19,26051501,NDIS,434.2028183505576
02_dis_vs_ndis_19,26051502,NDIS,344.6064736103176
02_dis_vs_ndis_19,26051503,NDIS,376.1026431503269
02_dis_vs_ndis_19,26051801,NDIS,318.3712897521755
02_dis_vs_ndis_19,26051802,NDIS,353.65486030043047
02_dis_vs_ndis_19,26051901,NDIS,340.25003722542243
02_dis_vs_ndis_19,26051902,NDIS,384.4484499508799
02_dis_vs_ndis_19,26052002,NDIS,377.10210724563535
02_dis_vs_ndis_19,26052003,NDIS,366.2292425029375
02_dis_vs_ndis_19,26052102,NDIS,363.97355173787736
02_dis_vs_ndis_19,26052103,NDIS,397.64943852128687
02_dis_vs_ndis_19,26052201,NDIS,396.0555037714509
02_dis_vs_ndis_19,26052202,NDIS,361.22971097832794
02_dis_vs_ndis_19,26052301,NDIS,458.348366966383
02_dis_vs_ndis_19,26052302,NDIS,360.8694633710249
02_dis_vs_ndis_19,26052303,NDIS,328.5458822632303
02_dis_vs_ndis_19,26060301,NDIS,325.7706724875654
02_dis_vs_ndis_19,26060302,NDIS,431.49345346313305
02_dis_vs_ndis_19,26060401,NDIS,449.5475407951006
02_dis_vs_ndis_19,26060402,NDIS,378.5392305989614
02_dis_vs_ndis_19,26060403,NDIS,479.1531029925598
02_dis_vs_ndis_19,26060404,NDIS,313.4581655823851
02_dis_vs_ndis_19,26060405,NDIS,312.93728397949104
02_dis_vs_ndis_19,26060501,NDIS,363.4453721676631
02_dis_vs_ndis_19,26060502,NDIS,301.0042850824631
02_dis_vs_ndis_19,26060503,NDIS,315.27403309528927
02_dis_vs_ndis_19,26060601,NDIS,468.49802559957055
02_dis_vs_ndis_19,26060602,NDIS,444.4612825324723
02_dis_vs_ndis_19,26060603,NDIS,314.3133280095367
02_dis_vs_ndis_19,26060801,NDIS,335.7094796696202
02_dis_vs_ndis_19,26060802,NDIS,378.7898226978268
02_dis_vs_ndis_19,26060901,NDIS,243.86671121571877
02_dis_vs_ndis_19,26060902,NDIS,488.6592162858985
02_dis_vs_ndis_19,26060903,NDIS,375.5163307477103
02_dis_vs_ndis_19,26060904,NDIS,425.24197738398686
02_dis_vs_ndis_19,26061101,NDIS,360.3879708111087
02_dis_vs_ndis_19,26061102,NDIS,438.44258536558954
02_dis_vs_ndis_19,26061103,NDIS,420.96278261218754
02_dis_vs_ndis_19,26061201,NDIS,506.48069059102306
02_dis_vs_ndis_19,26061202,NDIS,233.0918614517188
02_dis_vs_ndis_19,26061401,NDIS,410.0064561670371
02_dis_vs_ndis_19,26061402,NDIS,397.9374514195485
02_dis_vs_ndis_19,26061501,NDIS,462.30584616389064
02_dis_vs_ndis_19,26061502,NDIS,418.1427822438254
02_dis_vs_ndis_19,26061503,NDIS,381.5278907077602
02_dis_vs_ndis_19,26062201,NDIS,433.6897468250355
02_dis_vs_ndis_19,26062202,NDIS,362.5815324388705
02_dis_vs_ndis_19,26062301,NDIS,420.73489766420374
02_dis_vs_ndis_19,26062302,NDIS,495.9537868479111
02_dis_vs_ndis_19,26062501,NDIS,500.5846320482073
02_dis_vs_ndis_19,26062503,NDIS,332.1519941015812
02_dis_vs_ndis_19,26062504,NDIS,312.07470764566847
02_dis_vs_ndis_19,26062701,NDIS,492.88804019478306
02_dis_vs_ndis_19,26070101,NDIS,397.192972778173
02_dis_vs_ndis_19,26070601,NDIS,361.6085039760319
02_dis_vs_ndis_19,26072203,NDIS,358.11597214664187
03_obs_vs_nobs_01,26050701,Obs,7.0
03_obs_vs_nobs_01,26050702,Obs,4.0
03_obs_vs_nobs_01,26050801,Obs,5.0
03_obs_vs_nobs_01,26051101,Obs,6.0
03_obs_vs_nobs_01,26051102,Obs,5.0
03_obs_vs_nobs_01,26051103,Obs,4.0
03_obs_vs_nobs_01,26051104,Obs,5.0
03_obs_vs_nobs_01,26051105,Obs,6.0
03_obs_vs_nobs_01,26051201,Obs,3.0
03_obs_vs_nobs_01,26051202,Obs,4.0
03_obs_vs_nobs_01,26051203,Obs,3.0
03_obs_vs_nobs_01,26051204,Obs,6.0
03_obs_vs_nobs_01,26051301,Obs,5.0
03_obs_vs_nobs_01,26051302,Obs,6.0
03_obs_vs_nobs_01,26051303,Obs,3.0
03_obs_vs_nobs_01,26051304,Obs,2.0
03_obs_vs_nobs_01,26051402,Obs,7.0
03_obs_vs_nobs_01,26051403,Obs,4.0
03_obs_vs_nobs_01,26051404,Obs,6.0
03_obs_vs_nobs_01,26051501,Obs,5.0
03_obs_vs_nobs_01,26051502,Obs,4.0
03_obs_vs_nobs_01,26051503,Obs,3.0
03_obs_vs_nobs_01,26051801,Obs,3.0
03_obs_vs_nobs_01,26051802,Obs,4.0
03_obs_vs_nobs_01,26061202,Obs,5.0
03_obs_vs_nobs_01,26061402,Obs,5.0
03_obs_vs_nobs_01,26061503,Obs,4.0
03_obs_vs_nobs_01,26062201,Obs,6.0
03_obs_vs_nobs_01,26062202,Obs,3.0
03_obs_vs_nobs_01,26062301,Obs,5.0
03_obs_vs_nobs_01,26062302,Obs,6.0
03_obs_vs_nobs_01,26062503,Obs,4.0
03_obs_vs_nobs_01,26062504,Obs,3.0
03_obs_vs_nobs_01,26062701,Obs,4.0
03_obs_vs_nobs_01,26070101,Obs,6.0
03_obs_vs_nobs_01,26070601,Obs,7.0
03_obs_vs_nobs_01,26072203,Obs,3.0
03_obs_vs_nobs_01,26051901,NObs,6.0
03_obs_vs_nobs_01,26051902,NObs,4.0
03_obs_vs_nobs_01,26052002,NObs,3.0
03_obs_vs_nobs_01,26052003,NObs,3.0
03_obs_vs_nobs_01,26052102,NObs,2.0
03_obs_vs_nobs_01,26052103,NObs,6.0
03_obs_vs_nobs_01,26052201,NObs,4.0
03_obs_vs_nobs_01,26052202,NObs,4.0
03_obs_vs_nobs_01,26052301,NObs,2.0
03_obs_vs_nobs_01,26052302,NObs,3.0
03_obs_vs_nobs_01,26052303,NObs,5.0
03_obs_vs_nobs_01,26060301,NObs,1.0
03_obs_vs_nobs_01,26060302,NObs,1.0
03_obs_vs_nobs_01,26060401,NObs,3.0
03_obs_vs_nobs_01,26060402,NObs,3.0
03_obs_vs_nobs_01,26060403,NObs,4.0
03_obs_vs_nobs_01,26060404,NObs,3.0
03_obs_vs_nobs_01,26060405,NObs,4.0
03_obs_vs_nobs_01,26060501,NObs,1.0
03_obs_vs_nobs_01,26060502,NObs,3.0
03_obs_vs_nobs_01,26060503,NObs,5.0
03_obs_vs_nobs_01,26060601,NObs,3.0
03_obs_vs_nobs_01,26060602,NObs,4.0
03_obs_vs_nobs_01,26060603,NObs,5.0
03_obs_vs_nobs_01,26060801,NObs,3.0
03_obs_vs_nobs_01,26060802,NObs,5.0
03_obs_vs_nobs_01,26060901,NObs,4.0
03_obs_vs_nobs_01,26060902,NObs,5.0
03_obs_vs_nobs_01,26060903,NObs,3.0
03_obs_vs_nobs_01,26060904,NObs,2.0
03_obs_vs_nobs_01,26061001,NObs,4.0
03_obs_vs_nobs_01,26061101,NObs,1.0
03_obs_vs_nobs_01,26061102,NObs,4.0
03_obs_vs_nobs_01,26061103,NObs,5.0
03_obs_vs_nobs_01,26061201,NObs,4.0
03_obs_vs_nobs_01,26061401,NObs,7.0
03_obs_vs_nobs_01,26061501,NObs,3.0
03_obs_vs_nobs_01,26061502,NObs,4.0
03_obs_vs_nobs_01,26062501,NObs,6.0
03_obs_vs_nobs_02,26050701,Obs,9.0
03_obs_vs_nobs_02,26050702,Obs,18.0
03_obs_vs_nobs_02,26050801,Obs,3.0
03_obs_vs_nobs_02,26050901,Obs,7.0
03_obs_vs_nobs_02,26050902,Obs,11.0
03_obs_vs_nobs_02,26050903,Obs,3.0
03_obs_vs_nobs_02,26051101,Obs,10.0
03_obs_vs_nobs_02,26051102,Obs,5.0
03_obs_vs_nobs_02,26051103,Obs,8.0
03_obs_vs_nobs_02,26051104,Obs,12.0
03_obs_vs_nobs_02,26051105,Obs,13.0
03_obs_vs_nobs_02,26051201,Obs,9.0
03_obs_vs_nobs_02,26051202,Obs,16.0
03_obs_vs_nobs_02,26051203,Obs,8.0
03_obs_vs_nobs_02,26051204,Obs,8.0
03_obs_vs_nobs_02,26051301,Obs,15.0
03_obs_vs_nobs_02,26051302,Obs,15.0
03_obs_vs_nobs_02,26051303,Obs,4.0
03_obs_vs_nobs_02,26051304,Obs,7.0
03_obs_vs_nobs_02,26051402,Obs,6.0
03_obs_vs_nobs_02,26051403,Obs,15.0
03_obs_vs_nobs_02,26051404,Obs,16.0
03_obs_vs_nobs_02,26051501,Obs,16.0
03_obs_vs_nobs_02,26051502,Obs,8.0
03_obs_vs_nobs_02,26051503,Obs,7.0
03_obs_vs_nobs_02,26051801,Obs,4.0
03_obs_vs_nobs_02,26051802,Obs,9.0
03_obs_vs_nobs_02,26061202,Obs,5.0
03_obs_vs_nobs_02,26061402,Obs,4.0
03_obs_vs_nobs_02,26061503,Obs,2.0
03_obs_vs_nobs_02,26062201,Obs,17.0
03_obs_vs_nobs_02,26062202,Obs,9.0
03_obs_vs_nobs_02,26062301,Obs,9.0
03_obs_vs_nobs_02,26062302,Obs,15.0
03_obs_vs_nobs_02,26062503,Obs,7.0
03_obs_vs_nobs_02,26062504,Obs,9.0
03_obs_vs_nobs_02,26062701,Obs,7.0
03_obs_vs_nobs_02,26070101,Obs,9.0
03_obs_vs_nobs_02,26070601,Obs,5.0
03_obs_vs_nobs_02,26072203,Obs,6.0
03_obs_vs_nobs_02,26051901,NObs,7.0
03_obs_vs_nobs_02,26051902,NObs,5.0
03_obs_vs_nobs_02,26052001,NObs,4.0
03_obs_vs_nobs_02,26052002,NObs,6.0
03_obs_vs_nobs_02,26052003,NObs,7.0
03_obs_vs_nobs_02,26052102,NObs,3.0
03_obs_vs_nobs_02,26052103,NObs,2.0
03_obs_vs_nobs_02,26052201,NObs,3.0
03_obs_vs_nobs_02,26052202,NObs,2.0
03_obs_vs_nobs_02,26052301,NObs,5.0
03_obs_vs_nobs_02,26052302,NObs,3.0
03_obs_vs_nobs_02,26052303,NObs,5.0
03_obs_vs_nobs_02,26060301,NObs,2.0
03_obs_vs_nobs_02,26060302,NObs,5.0
03_obs_vs_nobs_02,26060401,NObs,4.0
03_obs_vs_nobs_02,26060402,NObs,8.0
03_obs_vs_nobs_02,26060403,NObs,4.0
03_obs_vs_nobs_02,26060404,NObs,12.0
03_obs_vs_nobs_02,26060405,NObs,4.0
03_obs_vs_nobs_02,26060501,NObs,6.0
03_obs_vs_nobs_02,26060502,NObs,2.0
03_obs_vs_nobs_02,26060503,NObs,3.0
03_obs_vs_nobs_02,26060601,NObs,6.0
03_obs_vs_nobs_02,26060602,NObs,5.0
03_obs_vs_nobs_02,26060603,NObs,4.0
03_obs_vs_nobs_02,26060801,NObs,5.0
03_obs_vs_nobs_02,26060802,NObs,4.0
03_obs_vs_nobs_02,26060901,NObs,10.0
03_obs_vs_nobs_02,26060902,NObs,13.0
03_obs_vs_nobs_02,26060903,NObs,6.0
03_obs_vs_nobs_02,26060904,NObs,4.0
03_obs_vs_nobs_02,26061001,NObs,4.0
03_obs_vs_nobs_02,26061101,NObs,4.0
03_obs_vs_nobs_02,26061102,NObs,4.0
03_obs_vs_nobs_02,26061103,NObs,3.0
03_obs_vs_nobs_02,26061201,NObs,5.0
03_obs_vs_nobs_02,26061401,NObs,5.0
03_obs_vs_nobs_02,26061501,NObs,14.0
03_obs_vs_nobs_02,26061502,NObs,4.0
03_obs_vs_nobs_02,26062501,NObs,5.0
