concrete_attention_temp,dim_attention_max
0.2381139975981949,0.3356022312022921
0.43882186481473057,0.87263804730498473
0.68782979677799172,0.51885327210369758
0.75179766803605708,0.80142986999151256
0.76916747011025777,0.81647774022118547
0.87984975126639653,0.68867484117173849
1.1167112348919046,0.45710148466616407
1.2293808024196582,0.53732516686862175
1.3406772237014426,0.52151686867314007
1.4546962829870029,0.48012217278354707
1.5577129630363835,0.46437764317340446
1.6635193814788143,0.42834005802965069
1.7531353724444734,0.41170397891535176
1.8562152369648444,0.39095632956627202
1.936266950451297,0.38757155147472949
1.9964310645604686,0.43742255598277446
2.0332012742730083,0.43433986177040967
2.0903918060374638,0.38793645278037958
2.1432248178047439,0.36860362471416885
2.1943323894651008,0.35381942131642369
2.2384442937923845,0.35120678572980712
2.2924872403666754,0.37149446792216662
2.3291003166094644,0.34054607940324128
2.3751005611535394,0.35308448649812191
2.4118651044290997,0.36072697829947925
2.4420437078717696,0.3685223397012502
2.4654934932414916,0.33900903662050019
2.4859362823161453,0.33878531799587652
2.5047463524315887,0.34621896606282099
2.5211627961533498,0.34233538610177094
0.17432851742035266,0.34329180023422057
0.30528895976389897,0.88179906835691746
0.37718351832679586,0.89668243588163155
0.40788432865850299,0.88657421510617651
0.56304005855666239,0.41588505391102532
0.6781886937854239,0.37019178193072788
0.76219683724366005,0.40567251176676744
0.84339364015993834,0.43056874429312131
0.90030693344391843,0.42694117759727163
0.97055223163732751,0.44688172641033802
1.0340063953829843,0.4572013623221578
1.129594952671177,0.70175254858819036
1.1769835554602357,0.71387250180184203
1.206614337017248,0.63323750588651129
1.2365938930898239,0.39595852489752204
1.2589665679688014,0.42837177089163514
1.2904881258118102,0.45427956302177491
1.3119986759114544,0.36087452997215652
1.3235684861327734,0.51549027364898337
1.3404110517172794,0.53156409510719949
1.351106326766593,0.48993670669560679
1.3605547220777887,0.43496404681187911
1.3702032972878064,0.43830282751143601
1.3802185348932059,0.43865127967992856
1.3907566585871618,0.43379342777996815
1.3991893147476708,0.42855995982239847
1.4058888705787047,0.41371129019439645
1.413837809520077,0.39541308513831136
1.422759322673524,0.3554365158138918
1.4348516420654296,0.64959746348782965
0.10161095909142288,0.34359278296821316
0.21858101170455096,0.39196390209475385
0.33114179422834478,0.45835493487793022
0.38195991319847633,0.6889520125704629
0.47265691884629979,0.74727523575921784
0.55555148255934261,0.67729821116011235
0.61545136777959664,0.57683675892090081
0.66804107447121752,0.48001934465053281
0.70779918698789601,0.71799582302139509
0.73644513778157161,0.70649853150211928
0.76626659827916432,0.64591114911934688
0.7951945325859584,0.61355934410915891
0.8116347658084363,0.46507991233986767
0.824260411062404,0.63319096550787513
0.83524889141324066,0.64191315574847896
0.84328524648235526,0.61324193588529596
0.85089434488509119,0.5371072365724372
0.85830602716565174,0.47190404933582819
0.86653943923022769,0.37525367986353608
0.87305180461828569,0.63125414861637419
0.88093816377820455,0.5652681784829332
0.88829470830888269,0.405323691986823
0.8945797383825469,0.50025944080629103
0.90176694852573658,0.55660899211102421
0.9079862102651679,0.64586691052570555
0.91371179796702329,0.51351299012848861
0.91834704668471523,0.41909370671906615
0.9221013233737867,0.47725280748039783
0.92602417597364761,0.40907330280026183
0.93021908091245442,0.41766709022201959
0.0069184559894509548,0.34670854819919744
0.020652930129336434,0.70101737523435748
0.028016790314901268,0.71056596881453971
0.034401302421733587,0.69393577038264664
0.037980047313643447,0.71379652017828676
0.056514929755538741,0.59359512983326801
0.055185527908044527,0.71209303112163724
0.086233738994422562,0.5946911737516849
0.084803300231840906,0.7066126276283381
0.086325751034292381,0.70065957094317732
0.17286933247367142,0.70012518226498399
0.25035315003037484,0.69768169710932881
0.42801206232506217,0.89221177685662256
0.59053003627626022,0.7588634065466362
0.66469261798756718,0.70203534576644078
0.70236406292629061,0.65067353793730653
0.73019520306829011,0.63818618659610038
0.76173671655865594,0.44702043872320257
0.79043506305475641,0.46660102826763933
0.81521484644237252,0.48290164222179743
0.82943076364843704,0.43378530589052883
0.84942480454601221,0.43180664737225372
0.15624747185360893,0.34394581363860832
0.33021563622085259,0.40973912021955389
0.505225822256677,0.37815122758837832
0.6115934506341818,0.38506759321130646
0.76745780064490676,0.48714895044941375
0.8895110466302889,0.46956748552740402
0.97424894680178609,0.41792757297428246
1.0375793694472439,0.37493543576064797
1.0858883781580138,0.36281091767131302
1.1244235495527271,0.34847869156270422
1.1573539852683896,0.37572046171853052
1.1852975703189792,0.37045542096399953
1.2096507658829994,0.36013019082593084
1.2310422019555598,0.34689189296576972
1.2500023578057493,0.34296518193556502
1.2660183895163426,0.36400755452141198
1.2801411466016375,0.36339575435421551
1.2938604584082791,0.35197457417348649
1.3061642053519282,0.34842184585066438
1.3176366058362161,0.35385132043283229
1.3282085278226208,0.35693944787623433
1.3377526512529134,0.34575762166994317
1.3461328531213508,0.35178083637608959
1.3543055565848305,0.35679842241573156
1.3618039700770121,0.34850080409144718
1.3690233498491078,0.34899324085990968
1.3753142422891056,0.3658784401244527
1.3811429300192519,0.34446124463131467
1.386914811026299,0.35376527085657444
1.3923911906428499,0.34108081181732136
0.049129679850311768,0.33559342333791298
0.1349902061451608,0.38250298673379413
0.26114552824804982,0.47209255862384863
0.33893782646151699,0.68342479969485737
0.36981961897119503,0.68975327175052625
0.37667653574151372,0.67205931837347987
0.44651555801614712,0.56464538234597106
0.51043357793691757,0.4834787816160615
0.5598298627193683,0.4544003358712202
0.62909067882826419,0.68244636201204889
0.6737116188002672,0.64337212083400885
0.71413022126218328,0.6168778038611229
0.75664864889862948,0.75694284054266292
0.79079956447191235,0.75825916489561462
0.83476340979970609,0.66350805012945258
0.40762168157758333,0.34123644840351747
0.72017510180321409,0.36996846772973246
0.88650407836390177,0.68811144975244853
1.0352493249660857,0.40987795865598042
1.1478615407119053,0.35729619018446895
1.235082559459262,0.35545310792823592
1.3130186919354858,0.36585203126251176
1.368852777257243,0.35634148177325831
1.3960828129151697,0.42609868191196387
1.4243426647303152,0.4501001279545726
1.4606151112600543,0.35935640583846362
1.4873096411961662,0.38490039101952972
1.5073796350681068,0.4252827806339306
1.5251144398754566,0.36914258518290949
1.5351560302800467,0.50337999896615337
1.5428117267115167,0.54632465042947287
1.5531128434143127,0.53861939267619741
1.5666346948033105,0.36865827337983004
1.5810637678726032,0.35939479647656114
1.5905665261484971,0.38188131083810323
1.598779747615994,0.3635019957265237
1.6083889847259798,0.34672759364102268
1.6174091445082959,0.34125935920695594
1.6255552658210219,0.33895469978811832
1.6328724485606982,0.35299536886772481
1.6391036344493994,0.34376910090762863
1.644818670757531,0.34959981970293047
1.6501152051853312,0.34978767446079817
1.6546608453609437,0.34846250740944412
1.6594979295809016,0.33878828647796821
0.15609285266657852,0.33790680798762435
0.25702521019075153,0.66585739479883277
0.36694871932629214,0.67073622470725636
0.50322887531335514,0.72235833077895384
0.5899629620498088,0.47040323051655769
0.65758548805339667,0.35950802011107169
0.71176224152160672,0.35255069712667647
0.7524743207341611,0.38287744074740976
0.78015495357595988,0.37691977968867535
0.80238806260590168,0.36993091257061045
0.82116293243254102,0.49673933507926193
0.84428878383821648,0.388293944450325
0.86252394705395541,0.34442678539260208
0.87701783624661367,0.35632681369614111
0.89119344034499959,0.35343597130959065
0.9024884391784298,0.39616096920639216
0.912838833144902,0.3592386785346246
0.91884534403339835,0.55535821211616065
0.92570496683242665,0.50621422883904421
0.932417527492998,0.3674982035572783
0.93975532634123649,0.36457032366888514
0.9470092749396477,0.59102922976461891
0.95509358041304848,0.61745138540936206
0.96088586996674874,0.59668929740000753
0.96532193133253985,0.52315144045550821
0.96897172452734082,0.5039485781749361
0.97221433505767718,0.46762490542473889
0.97531698579644754,0.42998557492442602
0.97836296407174927,0.41897369181363497
0.98114437909575658,0.42166330286712062
0.086567708396482437,0.34737850467792919
0.24413466112059959,0.38647214097187277
0.38234484786398548,0.71524225374260453
0.538552408082412,0.77953240396565893
0.65016547255599411,0.76528613054888806
0.67311401923942527,0.75686445686029269
0.85678833304886193,0.74571034287423954
1.0489953144498829,0.69689320843641633
1.1661303365301108,0.64249027845587958
1.2508782982513229,0.54180219795972817
1.3154313788115228,0.49579518807068479
1.4134880831180501,0.57430722014153057
1.5098050118094859,0.58198152737070075
1.5511861735423336,0.46205881258210052
1.5861789691319415,0.40642789928997286
1.6122357840222776,0.40017336094765993
1.6358149358706267,0.40921323607979188
1.6609736638091233,0.35840165768343379
1.6825168304111995,0.37291868461210476
1.7044049016850682,0.35675284202467278
1.7252921766560161,0.35958226709498031
1.74294706171895,0.37215605770210525
1.7610419386655116,0.46367842398735254
1.7759797066542105,0.35826566704202017
1.7895152473607316,0.36785831907078848
1.8020694358681721,0.36718562638066232
1.8136696691094771,0.36476835062724039
1.8248974460732008,0.38596343709449599
1.8371633402277139,0.36796813408029044
1.8474587934991216,0.35198118762905012
0.54636247083339318,0.35079442698562385
0.89290664312091139,0.34056375941605266
1.0960988857254437,0.34668876681778282
1.204327407277338,0.38919133228874225
1.2824618937463108,0.44365878035026646
1.3377383717301234,0.38948654001470612
1.3828457677651782,0.38552837654393085
1.4168482961639066,0.4105313574271498
1.4392467999123197,0.35238163476658219
1.4575944430736825,0.37224460145429195
1.4730597078928138,0.36865474757559791
1.4861295884924242,0.36936091488984113
1.497924598877721,0.35230609705656618
1.5077470587551616,0.35305440799136856
1.5156719740340923,0.36058199158201742
1.5231477016363917,0.36842155205678812
1.5304238054431338,0.36035093025368597
1.5373215704503593,0.38111972511552877
1.5428259771372463,0.38468935840261698
1.5475749607215858,0.3413304926858472
1.5519055789109943,0.33492076707411261
1.5559069580120388,0.35942537999955632
1.5596099647683865,0.34284923182026078
1.5628901459850979,0.38695472086723531
1.5659610960997288,0.3743558877147275
1.5690872251612937,0.34097698986690933
1.5721123531461867,0.34398680652750196
1.5748631610304309,0.34368601008425176
1.5773186317217356,0.37877496354745038
1.5795659692668595,0.38198829503326021
0.13119155891482398,0.33900552364974107
0.26413501531863193,0.39084379216354287
0.38879512132476179,0.45357521496364855
0.48177816036395915,0.46809545360862492
0.5726085773606806,0.56288994231849143
0.61689820932516781,0.51373758197907604
0.67060742691488417,0.62835169677907066
0.71317621007792475,0.47396689633844946
0.74241960120738804,0.47969157654399031
0.7686779176667865,0.40459050710770367
0.78452536164731279,0.4249560940194142
0.79812414801803189,0.43070315048831342
0.81615021468430116,0.40862977704066655
0.82933262851733403,0.39526525877515312
0.83965241763157095,0.40051945308144354
0.84884922193912615,0.39159922836218997
0.85694528000653447,0.39419616874611152
0.86473576507202354,0.4139319020659033
0.87138164583231714,0.38493617908976718
0.87757168474693559,0.36558607399274962
0.88316275397801891,0.3828043689835407
0.88813809569131619,0.36243933024359909
0.89283221999491535,0.37247720973106835
0.89718695405567406,0.36295675260455768
0.90120851880517538,0.36457459224797434
0.90445387811800715,0.35538925816665101
0.90837710593406118,0.39909891282955434
0.91182981358149107,0.33971767602769465
0.91486657026192808,0.35816440327258431
0.91773708527131737,0.35296249012514397
0.13904883122951719,0.35125001215117557
0.28852904424464459,0.34243380864994044
0.40544507445487227,0.38186817399329659
0.48718313139941538,0.65398779865049261
0.5700136316244433,0.57901541804326428
0.60905192069026504,0.77333111967371193
0.65268976328392192,0.59203552499946688
0.68314585506719505,0.64719196305740923
0.6951083425544039,0.72781571419048408
0.71238809292509686,0.72574787319127376
0.71200664759954924,0.73066152603422618
0.73132699037991145,0.65636202351222217
0.74381509701855353,0.6416493281404807
0.78329202643180951,0.40872363157405217
0.77724571766651374,0.69671085491049312
0.78062086195274327,0.72316461332900639
0.78344847225008429,0.72458759165178044
0.81562227611526572,0.65656679473116997
0.83786190730303023,0.71926893480128073
0.86899134870207195,0.66098293145409603
0.89268852600712234,0.71178142740525441
0.90990983184671537,0.70154627156842453
0.9215235232430683,0.47116521455181209
0.93257945203341741,0.70110966647905415
0.00010000000000000019,0.34082028532169684
0.00010000000000000019,0.43603511906973103
0.00010000000000000019,0.42627093524862364
0.00010000000000000019,0.54293692243755542
0.00010000000000000019,0.54395343651700134
0.00010000000000000019,0.56476108493084021
0.00010000000000000019,0.93164062499999989
0.00010000000000000019,0.69677449253395229
0.14858581435426929,0.52185877353804588
4.7429290192351559,0.38545967633788158
0.031766450029407013,0.33659944080149773
0.15047114600361433,0.43697108323154271
0.21988630166552375,0.87587639288559127
0.2343253035528467,0.87396323671158649
0.26116015077167132,0.86926978975810543
0.47424781427466739,0.82739814354436214
0.67530263370044397,0.80705311370841348
0.79554387783623881,0.76583707818034907
0.9390747896194287,0.46034629879942557
1.0580617012179745,0.52456324697729328
1.2351994857358699,0.50736773473439511
0.29530102215965176,0.33786267846116946
0.48375435080436419,0.38830334744436168
0.58867256819656799,0.4012806217852225
0.65932192523044053,0.43265959399984849
0.71269064050712227,0.43818039921110474
0.76319849845493826,0.7800073001807053
0.79244130043644478,0.49370828461835931
0.82033898914617398,0.409447427971116
0.84227334337961657,0.35918516205306567
0.86135872937803493,0.57876063297554847
0.87315579441474145,0.33649437102706525
0.88477949084705321,0.58764184541241304
0.89271312713563233,0.52593417287300803
0.89967554407452965,0.49303693032407298
0.90677438843395253,0.49901551206019867
0.91405950472673836,0.3789177675143196
0.91993242638561079,0.39051430896173911
0.92488523488003493,0.72831926062799224
0.92801664920721416,0.75639580470066292
0.93072964104837597,0.75022955491762555
0.93225343205264466,0.74059784367484804
0.93366489080010195,0.73656240822900887
0.93525226937026196,0.74192290598178046
0.93809659797091083,0.57219859413207286
0.94139413549776418,0.40644050035065504
0.94718743991561694,0.7478648078541642
0.95083820147006926,0.74816816061169689
0.9531949237513645,0.7557875615987093
0.95462591874909897,0.74566885698712981
0.95670930511700547,0.54766602592855251
0.076226016471309804,0.3373737938960289
0.18235800346368308,0.38553605213000314
0.29768490233057254,0.49232393795429513
0.38648811652414305,0.42337080688298367
0.42706481780741778,0.46895305221968575
0.52731477792655479,0.50771420867131289
0.58405480823166889,0.52034813647343592
0.65115972257447274,0.56354356738780831
0.69173939935910267,0.47500393171634842
0.72344003132842127,0.45383092219221488
0.76246194198197048,0.66953817470957244
0.7958523202450376,0.57352816147313068
0.81870676416069466,0.4668454927000445
0.83320338795644211,0.38449598536434015
0.84725163166034145,0.37175278337622147
0.16649455773019992,0.34018192693047639
0.32875425505200134,0.39242398913251725
0.48440604024360367,0.38536422915591012
0.57857777110183406,0.47135574194290047
0.70280195936182766,0.75701089979251612
0.75380710719735,0.76176041876340095
0.76482010612077922,0.74952842162499844
0.77725086476610517,0.72962382777301404
0.79754324250971675,0.72348951631485703
0.83040244369334704,0.56289619757232012
0.85322467352197573,0.52609720779120994
0.90018070592978883,0.41783683849771558
0.91859514552098531,0.60951724882743963
0.9551628491962445,0.69954607530712609
0.97252616387506818,0.70720776856829293
0.99176117887946957,0.53627902482586398
1.0061579143736628,0.42168823092122748
1.0149245865106145,0.59081258678597459
1.0238401537086528,0.39960296310910326
1.0366229262352549,0.68126657643132416
1.0459412002393589,0.40526124705834599
1.0525192407089508,0.58285042422286715
1.0624079223493212,0.36793259214751356
1.0681483131116016,0.42569999959579646
1.0746296140924687,0.42272412939855375
1.0808195798616098,0.44643413840718432
1.0860477695659005,0.45435962885394149
1.090828367923506,0.44711050842760186
1.0958024991714916,0.4366150731596467
1.1000662546270059,0.4400529089909716
0.00070581762166681045,0.3480619882234306
0.0034080635357978646,0.68230698291250558
0.0060525062154523097,0.68535638879934013
0.025925095782150499,0.67114038529617381
0.045910600240302572,0.67623013310374902
0.056969731104732066,0.69418104250708446
0.062907047780837055,0.69038685176868475
0.2337075755803952,0.92073614631983491
0.40883928943279757,0.79962823898639179
0.50010733505322125,0.7128743657165767
0.53518407675542679,0.6391550968609101
0.57843641624742625,0.48452659366668471
0.61569592687303043,0.48134330658954622
0.65603809707669547,0.50332439595020917
0.69326191699258199,0.44176261666929373
0.72624686760136825,0.45164463353063827
0.74834156553847297,0.60271812195727059
0.76141000780395474,0.61744101280264141
0.77697121350405141,0.62345739093673647
0.7961027382782534,0.39076289284682331
0.81872764597279024,0.43260101126035577
0.84443700628176699,0.48695137875357192
0.86261376781284915,0.56642447228130965
0.87932121622755199,0.56884849137333993
0.89651889395940243,0.43211244311916902
0.9119656956656641,0.45159595884080223
0.92674747883174391,0.41627832383701435
0.93710667098462386,0.46251483359057044
0.94698837499647259,0.45246672579328068
0.95768776356806695,0.37267963360992945
0.084082977822941302,0.34796044293844508
0.2226242369339142,0.38926362679479748
0.31119424409916624,0.75518596944731831
0.34968232247259351,0.7399634455618187
0.35610637090790237,0.75466765279346626
0.48314496726972422,0.75711771512069437
0.67378926626957303,0.60169474667878498
0.78510286739075197,0.5695676091875469
0.9040542170039545,0.44219922011312163
0.95158133578301896,0.54499127252532309
0.96893258950162986,0.55585133816085608
0.97687126534862934,0.60978632486579398
1.0007119553871844,0.55850964359704003
1.0486849968084182,0.53069482809706903
1.0699907828413593,0.53328034903810217
1.1445141078048842,0.49406449077185166
1.1806384979410993,0.63707351873109419
1.2143724911048903,0.63640101915747282
1.2450733572375885,0.52185885174212043
1.2668278170570342,0.47770018910074485
1.2866660486007491,0.45896036040094934
1.3036181353020861,0.43390172741499827
1.3203661249726055,0.40898086565971192
1.3345893144872694,0.38984790304447986
1.3464714636029558,0.40940013903698735
1.3570339025278417,0.48646410807636536
1.3672438319786873,0.43742107089058352
1.3767053900885089,0.41825020940037949
1.3855260963790805,0.4074940833110659
1.3934297467753545,0.39700147382223633
0.48782711706767845,0.34503212078054785
0.80828905478252855,0.35864279861558157
0.93655173939160929,0.74092471550119787
1.0430707504105485,0.53024792835722401
1.0733727622628544,0.66215361910655968
1.1469033597671516,0.45742707954343864
1.2121763403493695,0.38672206894558431
1.2650171061845481,0.34263943395655572
1.3065386347418932,0.34682710646063902
1.3386158140271958,0.34867077715541955
1.362426981797296,0.35579755820220227
1.3826068233589823,0.3400430857339396
1.3999758011310899,0.33816368376672357
1.4145621078499027,0.35216961485591569
1.4281385454118976,0.35087359086908004
1.4387255427612045,0.3436429441399152
1.4481265501893668,0.34685890760581406
1.4564623390925242,0.50440224782554932
1.4641206928746409,0.58642837925778946
1.47003068672633,0.60511519981861639
1.4754874175668256,0.44332158805366484
1.4804230970181296,0.48558234651642723
1.484868725792408,0.40563311030800836
1.4889858532783617,0.44311799163966714
1.4928145146966783,0.41969636078835282
1.4963722061937992,0.38204219203540607
1.4996183183805161,0.36125123783875734
1.502996770869502,0.34078444303298694
1.5060187430426741,0.35687689711266385
1.5089698298396139,0.34341446243278595
0.46480523120259604,0.33956054628063698
0.91570112421185734,0.36759271002393007
1.1835987580236556,0.55128550585751923
1.4649238060722256,0.36803428639060026
1.7027813080053122,0.41400864684155209
1.882743082261024,0.40845116646261692
2.0289108905254296,0.36665364801319672
2.144860513692298,0.35853466319926836
2.237359426958724,0.35520014253997995
2.3115261647981109,0.3524977375067046
2.3768288687188113,0.35200587252563931
2.4283673073101015,0.34965750099255827
2.4766096859826092,0.39497548671548699
2.5186656279373194,0.3437995326103126
2.554301528702374,0.35381646724605004
2.5850832054892434,0.3517938829682048
2.6138981886284469,0.34422116831298505
2.6411167884682452,0.34993646276304752
2.662974327381229,0.4384474085943732
2.685817718114615,0.36610707453852004
2.7063266842404294,0.33551246376206301
2.7244181952881705,0.34132365824415367
2.7425247106945188,0.34238096922313893
2.7588027318099915,0.34122709861242168
2.772818408427189,0.33814437986083534
2.7859220528127882,0.34225573884172045
2.7979533064159097,0.34681142587936026
2.8089389715555524,0.34616584174098419
2.8196163740828979,0.33500357343485831
2.8299245446005967,0.33584589439778761
0.087202665329429024,0.34799434463601947
0.20413612629820374,0.75254586029854176
0.27912774363172077,0.72831822432408277
0.32669958346760952,0.73151409942650425
0.48958868968676594,0.54746040161742615
0.72811387532671923,0.45982157020273062
0.97780133596307661,0.44069561346024871
1.2299722036803606,0.41091912170775985
1.4665288559812921,0.37451774791365883
1.7257357139508063,0.34683469930540917
1.9261096227706878,0.34130965201292152
2.1540944710514474,0.38502756678410816
2.3371224116727936,0.37700024451323244
2.4772168497733302,0.33981025617795219
2.5817948304295948,0.335145439562545
2.6747843293761555,0.33748072223838843
2.7596239404342224,0.33719822437041025
2.8375787119726406,0.33601121091732178
2.9096517935669182,0.33502390334929094
2.9767714952475117,0.33745793261570151
3.0325177075905092,0.33588956660661556
3.0953190249309221,0.35121532985285214
3.1526357640159617,0.35568437747149678
3.2015231060338998,0.35587640893692279
3.2496202529643323,0.35912531956041999
3.288641630447505,0.33454851162978427
3.3224935542965639,0.33752547948995104
3.3550349789357377,0.34213734740137414
3.3853742725470717,0.3381319013935703
3.4157040426408782,0.3432654744896701
0.30784020787383815,0.34611297667546137
0.5434141814125133,0.40376866678900686
0.74742905006811222,0.60917194637633942
0.92942674459875674,0.4922512890345806
1.0673136649862127,0.41409808330873688
1.1787167726337437,0.37292301257271715
1.2540211334996072,0.35436174642743073
1.3117249775971973,0.34954842027844263
1.3590382362064957,0.35574309785505387
1.3970705276296376,0.36049876925785479
1.4298639077662516,0.36193474100800621
1.4572944985190723,0.36100665999316445
1.4818605827060125,0.3550756553160736
1.5036854419831971,0.35966334252004817
1.5222860351137271,0.36021542923786221
1.5370714979863922,0.33919649642005384
1.5493840201130573,0.35095511275210001
1.5604414128934825,0.34928590149609834
1.5723735833575458,0.36220717963810317
1.5846929184772751,0.36812916365814458
1.5955978788696925,0.38830242933427211
1.6056309893526568,0.37229059832368455
1.6149242159070554,0.37387249949898249
1.6231796879340088,0.37203474353739224
1.6313517580099155,0.36959654337564873
1.6388584225138718,0.37207866555347513
1.6456767450072471,0.35568826018384625
1.6519005907641335,0.36553409335047488
1.6573790631967835,0.35075377779066735
1.6629889748319071,0.35914562090430663
0.00010000000000000019,0.35448086972681808
0.00010000000000000019,0.5563109156892232
0.00010000000000000019,0.55641093219865967
0.00010000000000000019,0.55712891745744231
0.00010000000000000019,0.56396487172743837
0.00010000000000000019,0.57226571518654201
0.00010404289348388943,0.56738459249489193
0.022912519573340492,0.92267749059853421
0.1124756504852107,0.80576691548848811
0.20873603240166816,0.66571672919425862
0.26721670573969059,0.6260863079870328
0.31428512379563012,0.63224768261939257
0.40312381070377179,0.57659581618113565
0.46577436577252457,0.54689475645435381
0.50256904154742266,0.55940786523376829
0.62716595079377879,0.58390706151932303
0.78084572945916497,0.54216624996852114
0.92365473152505506,0.46859874932761897
1.0615125851317209,0.38580870252608407
1.1874933229691855,0.41559364885625311
1.3280857476103587,0.39267035378369192
1.4664191609141306,0.43871132417133368
0.3272191658950695,0.33847532293955018
0.63990271678769761,0.37034016761625688
0.88332733174942446,0.39003397875363349
1.0765927416771097,0.35477402534101454
1.1976508234330359,0.57850808220691197
1.2617363752390038,0.6024203502244978
1.3872354979377681,0.47960570086670501
1.4778079202419692,0.51323489641095332
1.540608423126324,0.38370633247199271
1.5990796754562291,0.44633064515642096
1.6488294233192518,0.47157495780410291
1.6842661171806466,0.49063279940235971
1.713332832403397,0.40115154372031081
1.7387168823645003,0.39843307627531993
1.761182702801485,0.38807052287861432
1.7814002650182745,0.38605210054310912
1.8010541673242999,0.3407765377477911
1.8197828396433375,0.34627726639091305
1.8366586883733582,0.35275367880527086
1.8510199454103682,0.35998748833696098
1.8633183190675409,0.35860861010766615
1.8752960209029941,0.34717578618789308
1.8867808150474565,0.35426513182532454
0.32260234316922254,0.34930721481040883
0.50036175947259254,0.42373694939212114
0.60869857495393576,0.34893566556271866
0.69752295187878577,0.45536204816960374
0.76319883264916633,0.48940873632157883
0.8063185638650201,0.45793771469154332
0.83589928375688771,0.42371719048517065
0.85734694627210639,0.39233795587440279
0.87357532115750558,0.3677634175672263
0.88601851191532166,0.49474712246507624
0.89727975118202519,0.42803557436514977
0.90428564006131573,0.44862402827080172
0.91163374685308318,0.42983614424044086
0.91697341932252641,0.42512687386662401
0.92435659225711553,0.55100227753066955
0.93026729179424139,0.52096057464036327
0.93592300117387484,0.57286428846978343
0.94055091638923094,0.40319329061262393
0.94484234599542116,0.51510750222069446
0.94902254063973723,0.56887100899895304
0.95214877501407891,0.54688586753788504
0.95482054807860273,0.54478088867923546
0.95740390920797136,0.41110841985475777
0.95976622546008561,0.35053477216710255
0.96199406652319241,0.35185692480901737
0.964028983137176,0.41505807470179878
0.96594727671089387,0.35739106438411777
0.18731708236051872,0.33354754397048442
0.31906255971084024,0.70469009329823384
0.43626152154771303,0.60853843875168223
0.49247903865353621,0.74746246917536119
0.53726403326837957,0.6836611719210407
0.59601564132776197,0.51937068264950681
0.67148975762127938,0.42653894103834117
0.72971174688120732,0.60292740898411423
0.77268862896589441,0.38146128766699466
0.81321646087075927,0.69815425782312868
0.84209451665123569,0.50334238884920646
0.86270915471003917,0.41153806266796167
0.8673787439785472,0.64035081475287803
0.87948484217337519,0.51615327436592884
0.90402604225968419,0.66113924751179565
0.91773502161060028,0.68771367442852571
0.92672238302825538,0.69178220946931379
0.93350377575166554,0.60146235353283972
0.93915866072660958,0.57382438824804061
0.94383505408740731,0.65187638336767173
0.94824737871291132,0.57628056372605319
0.95226777459067868,0.53238475494522464
0.95634243940818675,0.50991649401833949
0.96206498845703958,0.34617282089212242
0.96714616908706474,0.41698225911394321
0.97251154368947224,0.39430043752494842
0.97753033936619971,0.4519087249837373
0.98038197252008519,0.45117298769879927
0.98384478929128605,0.3954954033686377
0.98650941554099902,0.46704749963124248
0.16934918534479043,0.34849797928785392
0.36426557411559612,0.46268561520299623
0.45018887394907159,0.85499525698964229
0.54092687628011316,0.85629801530313654
0.60942216018840767,0.76772079315970776
0.68040416476880727,0.71240618745518669
0.68126235770324528,0.79600556000155842
0.860262562462627,0.36798613549890463
0.92290570063273614,0.51237317825709128
0.98080805382218261,0.54758543410534377
1.0301527156582826,0.55532413290107452
1.0730342047567736,0.52088927005317887
1.1133830454051497,0.51687417785058432
1.1533024991714051,0.48579188958196601
1.1870494741910762,0.46892204681639099
1.2306880291414153,0.66733554815645502
1.2603757836715603,0.39552295552224642
1.2848455824675562,0.42219940031540398
1.2982072252662806,0.52756539242749134
1.3271195057350065,0.42124096402412681
1.3641768823187934,0.36460931716566458
0.00010000000000000019,0.34151348896273376
0.00010000000000000019,0.68017584237365758
0.00010000000000000019,0.68408224572756138
0.00010000000000000019,0.68161923806851465
0.00010000000000000019,0.66406251806732686
0.00010000000000000019,0.679687499999998
0.00010000000000000019,0.69091796869006572
0.00010000000000000019,0.6674804687499859
0.0080533770093946938,0.92378230583169285
0.023701501943394262,0.9166082034000167
0.069931351343086839,0.79574744397157771
0.096643375472641249,0.74680092685291344
0.11413125422004161,0.57607208461505477
0.13317053512707022,0.41109516094783838
0.14336289426693033,0.70424546402349586
0.16265871397903234,0.72640501514849998
0.17513509807583633,0.72455318013789138
0.19039242010634128,0.36240003085823008
0.23056557526943916,0.77795605199717588
0.25937966534920642,0.7810768665646548
0.28204114914066331,0.74451120306252838
0.29988910631962001,0.66996836225160672
0.31635778257898084,0.5642877668470202
0.33016369827762126,0.7227615692889775
0.34162058629623504,0.7117661968127299
0.54559973016458296,0.33902257044989309
0.88961293571669753,0.41152488617702521
1.1004510980855149,0.37111657295584927
1.2172336253098204,0.36685990657263784
1.2983928056741803,0.34586327983391968
1.3524061163214101,0.38245529296570202
1.3917863460379936,0.37140310168797808
1.4242977415952676,0.39615285871615502
1.4522553465082175,0.35193038279088268
1.4718695584077968,0.45317957267154835
1.4889938208457816,0.34272595011955503
1.5043052507161299,0.43901031725599432
1.517466771865599,0.43952188772556383
1.5278314106960182,0.39040435723789402
1.5370385645524975,0.38916313305199846
1.5450283937843237,0.3898149241894745
1.5519927622845522,0.36146240038687283
1.5593331915865298,0.50925768355478118
1.5651423091807719,0.44139944239093659
1.5707593940100133,0.38729689696735126
1.5752259180247377,0.40991826062695497
1.5795896190637668,0.39411032423705211
1.5834663880530404,0.38967011291838949
1.5873786004434116,0.44435219398876796
1.5906882833695581,0.41966038517928816
1.5939752124455842,0.41431489739341826
1.5969451256418687,0.41879768259078559
1.5993058742719835,0.50872897490096081
1.601897557994252,0.42869067530304483
1.6041980036198562,0.42414190498564941
0.00010000000000000019,0.34277339291395131
0.00010000000000000019,0.74121093749977185
0.00010000000000000019,0.74609374999999911
0.0024040869090782837,0.80019291244143698
0.0092433360745492153,0.68363952129166727
0.02327179136263249,0.72841253288228036
0.03505891057644802,0.75421452014423063
0.066996935344053155,0.89835232757263928
0.13465093656518029,0.7753300650757845
0.17042516385335443,0.75870843033675395
0.189976996129197,0.74923631063094476
0.22342556154750157,0.82651771444034228
0.25396323866321036,0.8038970923602845
0.28246357494686353,0.72225460810503228
0.30852727810664399,0.69842293693745272
0.32423159929955242,0.75778252254019396
0.336903409287864,0.7474790870406034
0.37367667227610923,0.77211649649889691
0.40305708157498371,0.76413890144676999
0.43050874997507915,0.75468622457723311
0.45407464329883057,0.74964807019704971
0.47503758895605414,0.72733793546676861
0.49911965609357489,0.73669837966308693
0.51795987052228964,0.73146405145634075
0.53439770575023016,0.72037882475615134
0.54883786871399676,0.6352013468018225
0.56206995523934178,0.60804806209864526
0.57452571065379854,0.58990536145182004
0.5860726457975749,0.58614900885105781
0.59768428000152951,0.55291836823104623
0.010576663435685901,0.33484843248270052
0.045291005373880491,0.39474299986620903
0.084620458295517093,0.59725744003557213
0.15954672352456345,0.61134075742825833
0.24533890877328535,0.63995665541976865
0.30643249978713838,0.56825708332886227
0.34695153943395551,0.57709012186901631
0.37141722595006343,0.55538941245647022
0.38523661066885395,0.55630326947678399
0.4608531423565847,0.79691086548028744
0.54027703261564142,0.62689371627075807
0.58788892362303025,0.68548032305838957
0.62595386810327469,0.62505854869922073
0.64129608968751073,0.54768506093427716
0.65254233769693171,0.57892926289277047
0.66125279326559405,0.55152049518600199
0.66752347492634001,0.53581873618747078
0.67400907073298544,0.54931892773424462
0.6907663543738769,0.36399794148053538
0.00010000000000000019,0.35838509228221632
0.00010000000000000019,0.69688251322905159
0.00010000000000000019,0.70654415877993892
0.00010000000000000019,0.69289309419122169
0.00010000000000000019,0.70814408293548725
0.00083566544438361246,0.69832820834208087
0.0026324235504016514,0.70220264510514596
0.00459201918483222,0.69976696810497918
0.0055938210838121054,0.70825806126382584
0.19849820111122146,0.93178578834105918
0.57955202143332951,0.85730644916551302
0.92038366370921643,0.73157414908548091
1.2105444465213431,0.60294092447445014
1.398001586019026,0.4004608998531205
1.5355666063732829,0.415671843278202
1.6593281512204632,0.39262162584375199
1.8067372900522878,0.40643219962967625
1.9273768728952838,0.35996775016345267
2.0460513694842168,0.36404649955601986
2.1784538534164688,0.35915644031571514
2.3049869597330606,0.34158627084235771
2.4224837970245625,0.35196333821072251
2.5281684552617198,0.34849028363323964
2.650296061039374,0.40582954182591535
2.7669852159869288,0.37690944533303827
2.8720099199347451,0.34047070912841948
2.9812381999743054,0.35922613421237959
3.0774726731438142,0.34162809949106027
3.1737362709102457,0.34138428885537997
3.2621572040050322,0.3566275984367363
0.013335219171747743,0.37415195576879634
0.058789291402792543,0.38430765816158163
0.1435048345418265,0.35106484518710801
0.21037328646087911,0.67563935897869409
0.36969553435873992,0.58263528893743033
0.3983638025676951,0.57886358564711404
0.4664865822975901,0.57163246631359454
0.55133612159086653,0.72267668292698839
0.62430834524841383,0.59385673575362863
0.66756891342538949,0.54058686785257315
0.72873724017865793,0.59881475154846975
0.76754464009578793,0.57425797518152866
0.79250864085734962,0.53631353882258093
0.81430286487168857,0.42780668166167929
0.83964599723405087,0.40824230481328105
0.86000963613078452,0.40434514279008543
0.87255781121839837,0.49886929623042503
0.88384336547040299,0.46870016286845073
0.90039651247989516,0.55850147220749902
0.91746116690449142,0.54768336340789636
0.93469769441985462,0.55611403414696381
0.94891003125561968,0.57709146179117898
0.9647474555021307,0.55825512328347204
0.97651113241197918,0.34741994872656767
0.98640494555697222,0.35422501476793289
0.057822371508216008,0.34692802082488911
0.1149752079487814,0.48954431067990295
0.15332338592356523,0.48518223944364713
0.22938398058761961,0.36615001657147994
0.34670952701605456,0.51620989930713446
0.43895063690642944,0.47713833603080968
0.58620179882904555,0.8259797554661058
0.66678163304807037,0.73460386849395332
0.74804060018325369,0.5312664493114867
0.78979187283772667,0.38585832630693634
0.82059650217777957,0.40517924289625479
0.84564626587453151,0.4094799622637697
0.86388669037523991,0.36545340029155066
0.87988892438895516,0.35636401219310843
0.89461277799021577,0.3735775026781723
0.90812039628279484,0.36882004700062088
0.92065115540096198,0.36894125348476553
0.93239239892435877,0.35089952493320936
0.94266299515337382,0.36303172442224041
0.95003969643178343,0.41609954230030238
0.96185595603093788,0.53264977443917516
0.97086777435750915,0.50500688574519226
0.98107149490490753,0.49004629731393523
0.98912725403766966,0.36625852971053607
0.99683354894332554,0.43589512651201312
1.0037994199580398,0.37503664356128974
1.0104969464449274,0.40653944662292385
1.016381079287441,0.37078810315204586
1.0224689488405569,0.39401165055761972
1.0280414750348577,0.46411862811030408
0.00010000000000000019,0.34716794107875942
0.00010000000000000019,0.63525486545080645
0.00010000000000000019,0.64257812499977407
0.0001173127181354771,0.62988281249999079
0.00242470780445461,0.63876720243130247
0.0051026328569620926,0.61526874482357519
0.0099894604889936844,0.65120125866390277
0.19581832998160809,0.9245652281725063
0.39953722875723119,0.88665514127399458
0.7592904768120422,0.66976517483795828
0.95209778838563897,0.42875371143355662
1.0761922411497955,0.38243022563118378
1.1632918933861904,0.51386543402611884
1.2390331945736555,0.48512475998493448
1.3221310407136457,0.41631693717278434
1.4042521938493993,0.39754685454814165
1.4845331061348479,0.37747980380828455
1.5792663453630924,0.36448418126983223
1.6621578094221188,0.36540173684118277
1.7390457754623787,0.35965898746393477
1.820265146054733,0.36283778137601874
1.9056029140619009,0.3987699233071374
1.9773652928330796,0.35153522396799236
2.0465204442282126,0.34980756266161173
2.113287105429897,0.35180732817081445
2.1796855885588622,0.34208693543726393
2.2406856888417517,0.34970850405344983
2.3012517194353905,0.33622607678824806
2.3590856352416973,0.33546455930511865
2.4151444107191278,0.33828985602598771
0.69271262678530054,0.34818379540759914
1.204270564579796,0.34676415532892585
1.5146120640266192,0.33583960923422035
1.7046585870124749,0.34473519848498241
1.817440875025814,0.44108649193789545
1.8990414509077669,0.39623832970977957
1.970309687691838,0.34085970214532446
2.0283236080677831,0.35307386888585002
2.0771606882120213,0.35777415032538562
2.1141219271805127,0.34392547927072853
2.1430122088883943,0.35171510507096665
2.1690684985976292,0.34894895668703207
2.1911135197706839,0.3506101552389238
2.210391634718607,0.36108469144385741
2.2269507854603239,0.34741036310342044
2.2416265629568608,0.34986136092693593
2.2548279576128838,0.34234835092194921
2.2665412354775487,0.33506903057616055
2.2769083962878747,0.33984070980921838
2.286347168935972,0.33584737775474532
2.2949806407896238,0.33655186189488956
2.3028128778105401,0.42453371472992318
2.3093209243521367,0.43623330151456746
2.3157526006053617,0.38106669940498727
2.3223166160555362,0.35189445369993688
2.3281199758256301,0.36474444259945654
2.333539146970395,0.35359145976661466
2.338655047234929,0.36246235747729127
2.3433358113117446,0.36439085347821087
2.3476184204602046,0.37029763152762663
0.59651119339396097,0.34012668030579563
0.98766796307399529,0.3562845002369896
1.2177126282497928,0.34442778277825858
1.3505057525442672,0.3587661643901055
1.4314616233078752,0.45223141964032043
1.4939499235807574,0.41358104125266887
1.5374122533908428,0.41406375375286641
1.5740274030907853,0.40144080563944495
1.6047956121844196,0.39551148283628618
1.6260014825533167,0.35591480963431538
1.6427975531071792,0.3539649021849991
1.659790980438909,0.37173724774111333
1.6733809757105451,0.35594603730737839
1.6843346543464812,0.37858982414769116
1.6934801978550849,0.36421419075526135
1.7017589525823678,0.35246000326818033
1.709434746018047,0.35495879814576808
1.7174733034728371,0.36267377960701175
1.7239608401995685,0.35337651193863817
1.7300632288184106,0.41378132844777643
1.7353331380134356,0.35270455683299923
1.7419264594543045,0.4011695959985197
1.7464413285746432,0.38297992718264734
1.7514586523615017,0.38545447247064796
1.7553146248334905,0.36806631750480256
1.758785658290233,0.37302634116851563
1.7620765790671369,0.37189235885416244
1.7650962036331124,0.36930105414183872
1.7680422526535995,0.37790458961575363
1.7709138862498439,0.3705650158252935
0.022498859940195549,0.34058147340304734
0.098893117696428307,0.38092318798226144
0.21160780600669848,0.43052454696386916
0.36359506506392136,0.37296501606798332
0.48443044197143853,0.78272823955762028
0.52694757018413074,0.78216128041118593
0.54241335842990113,0.75242659864333827
0.62518005243286878,0.79017071615648027
0.74934675813276919,0.7866607127644476
0.74028397905658605,0.74054750255259338
0.89682354089967842,0.61507187354625559
1.0044979442934578,0.55928872216238734
1.0740764225176935,0.53247069201122588
1.1495213266121938,0.3964679872456684
1.1680563078192774,0.67973344830875326
1.2342850391679905,0.68282748120497438
1.2871613293097841,0.62928833489878355
1.3229377103418307,0.38464025053353385
1.3519260199927379,0.39091674866792292
1.3754014054659258,0.37021852153248636
1.3967003456394529,0.40424398846946719
1.4147071025173996,0.42698673507384433
1.4277739795822197,0.50104580886324201
1.4431769890392752,0.43032689350705478
1.4561969248070392,0.50653422425300443
1.4714188261315924,0.36492189166849182
1.4840123787191057,0.40108335996336197
1.4963797559230283,0.40037698241238157
1.5111003994989569,0.36816493437454217
1.5239737187865865,0.43657804092317781
4,0.33475910610116077
23.999999999999986,0.33370127035998981
123.99999999999999,0.3334624195905514
623.99999999998113,0.3333553576369172
3124.0000000001237,0.33333550816204038
9999.9999999999982,0.3333341831483147
9999.9999999999982,0.33333447591855814
9999.9999999999982,0.33333404166033503
9999.9999999999982,0.33333467602163985
9999.9999999999982,0.33333420207935655
9999.9999999999982,0.33333388586944201
9999.9999999999982,0.3333339964908314
9999.9999999999982,0.33333399878110481
9999.9999999999982,0.33333389957002985
9999.9999999999982,0.33333350899257785
9999.9999999999982,0.3333339207008571
9999.9999999999982,0.33333423768316883
9999.9999999999982,0.33333339710775589
9999.9999999999982,0.33333408444021601
9999.9999999999982,0.33333398376084961
9999.9999999999982,0.33333415042253622
9999.9999999999982,0.33333389370820771
9999.9999999999982,0.33333446928785165
9999.9999999999982,0.33333415142160355
9999.9999999999982,0.3333336932604114
9999.9999999999982,0.3333337493488997
9999.9999999999982,0.33333539889968977
9999.9999999999982,0.33333443631370124
9999.9999999999982,0.33333500199256655
10000,0.33333461865493103
0.15686014205182436,0.34480158949137568
0.36789928370239033,0.36267693508937732
0.50095411531477607,0.57440252887088017
0.68492431033491408,0.57985713874483535
0.86550955633546434,0.47917914561665159
1.0083004478206619,0.44161040110352623
1.1338218482461193,0.40205003326986122
1.2179372476867112,0.37853205262928719
1.2833690959002462,0.36553034773703608
1.3231528266234354,0.41548391846453997
1.3595941291376752,0.39051760383794137
1.3915472461678013,0.36067239227888986
1.4278538416627908,0.36436563439608333
0.00010000000000000019,0.3505814310127407
0.00010000000000000019,0.57617187499999989
0.00010000000000000019,0.5821854007612427
0.00010000000000000019,0.55810389699325924
0.00010000000000000019,0.58300781274189872
0.00010000000000000019,0.59228515624913658
0.00010000000000000019,0.555664062500003
0.0047561250882682312,0.93598539588083074
0.017565056736103271,0.90250821354257993
0.04475128531604268,0.47490888778021317
0.059415667551188919,0.63818387021343259
0.071773835588651497,0.58065448691094801
0.084259367634354598,0.61377927116500086
0.11985800434910007,0.46019295612926225
0.18328958002191764,0.69519685627518202
0.22280490922082119,0.65629718007716642
0.25639016967274231,0.62308042939565822
0.28581193702718521,0.60774632286831476
0.32965484028857883,0.74001832480966256
0.41045789881007066,0.69603311289718139
0.46419703455650924,0.65257384518718597
0.49563787943049331,0.64572674691790799
0.52645069905959552,0.61503344331291443
0.55685632836896826,0.45618363837878334
0.58588033054156075,0.35852463321121014
0.61448913510039649,0.33728015782719029
0.64361987519164265,0.48391741006560801
0.67159577587553909,0.35139926177185493
0.69839606066194826,0.35822325618449391
0.72805529182448259,0.505974698068134
0.018556495793498964,0.33950742102451453
0.057734026116459468,0.63942254775862584
0.072364929955458568,0.72420053884686497
0.14937925634868177,0.69565578011118878
0.19317716253369865,0.69789648624835887
0.21421776701242651,0.71752838875188696
0.22248558696599013,0.69048698048495138
0.40974311468660107,0.80034440113219907
0.57662719331127876,0.6627802257745794
0.65388995547950501,0.63321309520348001
0.75489384613402044,0.48150143319335237
0.77179486298881339,0.57206202255062788
0.82014279575475846,0.42996229491077476
0.8810626891418486,0.44856113181027801
0.92914914267971671,0.41935836744869981
0.95753731231461403,0.44747921802020191
1.0178973773456517,0.62539440413508607
1.0580969177714779,0.42253892374003876
1.0865003666802506,0.39206760123250267
1.1119427701462277,0.39809375510852907
1.1279089998677154,0.40121684574620448
1.1432143776200812,0.3811973550621201
1.1598544189276598,0.33681884991121336
1.1782494394961709,0.38203378871809396
1.1944027148028171,0.34185857152610799
1.2105050802115915,0.39903887175188796
1.2219750426164446,0.40080951220531502
1.23459146400935,0.34503721980209467
1.2469884515359224,0.36729441442587363
1.2575022541489198,0.34449157302651778
0.00010000000000000019,0.34521484374115746
0.00010000000000000019,0.7192387099260753
0.00010000000000000019,0.70654296874999989
0.00010000000000000017,0.75324675206158054
0.00010000000000000019,0.73388671838093145
0.00010000000000000019,0.71582031249999989
0.00013565897204765868,0.72509774874072597
0.3862235393906453,0.911636023720234
1.5713140241498895,0.71495710213029884
5.6849768910438954,0.40399952533472344
11.103178011359569,0.3389144461251305
16.727721657247727,0.33501298648168359
22.21201036034758,0.33433680163020651
27.834649224639769,0.33405887955958891
33.974027268374265,0.33431962822949923
40.237785526681122,0.3337965493823068
46.764362102527059,0.33375984036107281
54.148244947354748,0.33380696058223203
61.674497903265838,0.33373888479551861
69.280913941153472,0.33346500900909354
76.999988130835845,0.33356846141501012
84.904444680133679,0.3333946988606119
92.961922824805953,0.33343394317308001
101.86281880644295,0.3334862056745041
110.65339252944941,0.33349103827303006
119.51844294960087,0.33345213247136735
128.57494200712793,0.33349818197237069
137.52857480715426,0.33344916607656661
146.61142614427786,0.33337429933238183
155.87650331519794,0.33336113040205012
0.30354434988006668,0.34150834512150247
0.50531835057757091,0.35932140414400632
0.61660720750985332,0.49147809389634112
0.70146743256678268,0.50484986904520224
0.77407283216552525,0.68872030901860626
0.82875860486700881,0.5047993293286881
0.86538117818259308,0.6274283251616658
0.88885833847318108,0.42612960397379923
0.90486526864149841,0.49268896053267219
0.91916455084855997,0.33531567988599703
0.93239026292972027,0.36648138772455274
0.94310434037934632,0.40865005102149227
0.95225487231535133,0.39881855925896381
0.96016680164404389,0.35823106237221297
0.96682986012131422,0.42176815204899959
0.97273691712756682,0.42877933269318125
0.97852278234343015,0.38793086113907826
0.98326212071670105,0.46373449919367205
0.9876430041311296,0.42489898719093339
0.99162209306985227,0.43319101031557861
0.99543742104189903,0.42666504162615199
0.99977033549450001,0.63438623252484461
1.0037350841441632,0.62541018701734519
1.0067627615821848,0.43952387272065641
1.0095220093784203,0.39313858892204395
1.0119946437405241,0.43052485630728221
1.0143419794325599,0.42420702475173588
1.016696366189616,0.43567186889817294
1.0187825515892581,0.37953967955922813
1.020718816170892,0.41381814095678443
0.38155322958727561,0.33946299933942448
0.60967130965742267,0.35343771206429964
0.73845397799919299,0.35916648065084744
0.82260728733277833,0.3741126329499993
0.87881265847492696,0.36161327007003496
0.92427479414341651,0.39785858459553791
0.9559400640927278,0.36771034376952161
0.98003149669088496,0.39941475896866752
0.99863515547245041,0.35202108821664446
1.0146465408717125,0.34631234196313582
1.0264706403672483,0.34601815886461185
1.0344688719327695,0.54527832075830973
1.0413005208219586,0.50612790446269029
1.0492181587062188,0.37497993444577166
1.0564386655068057,0.37749204670783804
1.0626247923699772,0.37335200800606644
1.067706059954697,0.42188332131937967
1.0709244573491756,0.52198341526247849
1.0736188093838028,0.52660855605733636
1.0787187620810184,0.56035323610818288
1.0813715085089552,0.4798633480624418
1.0840641262502362,0.50733785226232231
1.0863811522408993,0.48475448179248837
1.0884045274710346,0.52269329593436542
1.0902183134583761,0.42547325997227498
1.0923117704897727,0.39697600146922463
1.0939349137646999,0.45418765924901916
1.0967519968793917,0.59887969671955021
1.0993510227906329,0.56555379383524562
1.1011657369440433,0.40923327133954313
0.00010000000000000019,0.34033206038140712
0.00041152720631335737,0.72081037681763305
0.00078970904212346995,0.72358218924436302
0.0014108975099968095,0.70802572550952214
0.018076837177175804,0.71970011382848176
0.049246117951148534,0.73203761061439288
0.56539385795007668,0.90158829608525004
1.1069582075778637,0.46219952534755726
1.6014314579922386,0.61571534478014533
1.918210016950914,0.5466062820698474
2.3349667057440189,0.47829141945146575
2.7370409644096902,0.39047342800737256
3.0533757882862433,0.35626280935554955
3.3296404568232187,0.35338182845803784
3.562173044964045,0.33744933000176536
3.7880660087007305,0.34193221263220158
4.0186941790339903,0.33767085292712279
4.2230153783382534,0.3399436693225788
4.4351045114907475,0.3420888883061084
4.6278934773393319,0.34412249681923079
4.8179695405965601,0.34171256083275753
5.0061036581199669,0.33757527121252434
5.1837487636714403,0.33835088629680721
5.3560574793466627,0.33611521588935994
5.5247701666974143,0.33660845187837118
5.6798598109371641,0.33420808485393444
5.8329793814912865,0.33509436242309848
5.9809998374553981,0.33652232218678213
6.1205851897118198,0.33638551808420858
6.2524624819271502,0.33458594164502198
0.050809599946531232,0.34305985409254958
0.15313023760520703,0.35232952251173966
0.25500169312908694,0.4932125295642274
0.38095680189545728,0.53983734020160834
0.47260771554914388,0.44817243327804729
0.58923875154044048,0.59704194350934325
0.68330918347450287,0.47412612052709974
0.75249397455373623,0.38322611828084951
0.81827154012148062,0.48079942417463317
0.87080066864301053,0.45849004018552886
0.90216471231522077,0.45525862122918753
0.94189682022394472,0.4484843141989488
0.97570331491606765,0.42568172705362445
1.0052501631995718,0.43596955055099001
1.0308125648787185,0.40545257060362305
1.0529400361534627,0.39110912644802642
1.0740633596771072,0.4032645761447789
1.0936710302742398,0.39793968256764117
1.1122303061553396,0.40142710053341074
1.1243562451265441,0.38175284170077173
1.1364388599900608,0.36142113309703627
1.1490987834237316,0.37446535004982839
1.1670189802726423,0.38568354071285754
1.1790088788417674,0.3469316572122938
1.1895257643213457,0.35660115156768779
1.1994551517036964,0.36792360524196527
1.2083956656845256,0.36207731596653076
1.2180883250884962,0.39889115550639942
1.2264256698396978,0.40759234483972429
1.2344886600596823,0.40839227774443609
0.050652711171599196,0.34694594830822439
0.13407207858274112,0.45638017181178331
0.32051138016322517,0.87092873851624419
0.72387986603819754,0.443299804523896
1.1219240387575979,0.41820566909823753
1.4830032837814437,0.37122474222798424
1.7967034889528759,0.33781273275356472
2.0437999659831876,0.33835946971078362
2.2518847544824974,0.35100556082785445
2.4229376874019648,0.3438206949489066
2.576100138133937,0.33933481174592445
2.7178551086446232,0.3355869785948572
2.8374183114169891,0.34293251732044738
2.9431269088384981,0.34185027945359353
3.0386416343396507,0.33911045543913576
3.1204637497703755,0.33645368989971158
3.1960957756015134,0.33994934438162211
3.2672182513808998,0.33935037813953767
3.3308615966483894,0.34411412734384766
3.3886419502483349,0.33771011997621853
3.4485968509031553,0.33531250888984276
3.5019449845317667,0.34014735027319637
3.5513621025687478,0.33714032360428609
3.5960917723856802,0.33607430567804758
3.6386823475526917,0.33536046280527942
3.6783378720921984,0.33753357302143544
0.017435506501365137,0.34342792182512993
0.068713909981892488,0.36780509537422318
0.13827888504787403,0.56694736084716246
0.20331695852330733,0.56243990626660423
0.32417217137438203,0.40633284794620511
0.41365654914655958,0.6255619661497307
0.44563590453544305,0.49416689858648466
0.48297809824714655,0.45459069456226286
0.49424384188927506,0.5304492493564742
0.55523824271381272,0.43393018537802153
0.55075439482489663,0.5207126007079268
0.56922759819758173,0.52338129303643455
0.62363886920394185,0.64966251226084215
0.68655178056209243,0.55157232379353216
0.74472801804049604,0.57862851042259433
0.79092173495541118,0.58425479366139998
0.82534544035143642,0.64031996178231587
0.84364174524011015,0.43738215863701035
0.86469941435418574,0.37458540637854637
0.88651921278305434,0.39443725334909263
0.90767990442637136,0.39674698365638383
0.92814396403305011,0.38686075429368338
0.94538514163882292,0.5454696339071341
0.95476187092672449,0.47633848126997713
0.96760391901565268,0.46950211953151177
0.97897554582156632,0.3666395033190834
0.98884818847591904,0.3566412164895455
0.99968706388552997,0.38765652594061467
1.0102247230763104,0.3761581733017087
1.0186621057610283,0.35909055742373125
0.025314101454253505,0.34120463830547121
0.090410544911649932,0.35849506023638961
0.14037075240562774,0.75358878600364554
0.16184254747932025,0.75608092228029855
0.17600303005494861,0.75754078125987212
0.17450795275341457,0.76503338665266751
0.230380385348113,0.65772779009200844
0.33267226710513614,0.40792543474872017
0.43647276988252415,0.45540275782360523
0.4199895970761901,0.69492553359465936
0.46475148430079671,0.56205496576980385
0.51226095909736702,0.71650127685406395
0.56139131855224622,0.72778168685666822
0.5983453131553097,0.70578778004562825
0.65051351158680548,0.78249352130312333
0.6924778779786751,0.7774320535296918
0.72883201785191953,0.74062440599166079
0.74851228976609885,0.72005190414281262
0.76298237236902511,0.65662630481425666
0.773267761961838,0.46480808729698697
0.00010000000000000019,0.25927734374999994
0.00010000000000000019,0.66065847845111947
0.00010000000000000019,0.66845809905520914
0.00010000000000000019,0.6728515625011442
0.00010000000000000019,0.66259764409077548
0.00010000000000000019,0.66844238800026101
0.00010000000000000019,0.65283381945752939
0.00010000000000000019,0.66942452447988809
0.00034621232661833929,0.67536938370270538
0.00097643909320130286,0.69088557786908289
0.0026281860146287017,0.67614090269872906
0.23412704474541216,0.91532158530374241
0.60690555622382192,0.832468564658017
1.2831166135917533,0.57410169184174853
1.8627152773038271,0.34974886867511834
2.3278713326183818,0.28788556081501471
2.6728325190328355,0.27137900150357663
3.0808539273418321,0.26403863795238064
0.011025793784934066,0.27018934910948283
0.025094992143880362,0.78538756994161019
0.034071510729331927,0.75080443695692567
0.038044156018306519,0.75025338558673305
0.052405014454995895,0.6011917173895448
0.09555324151917613,0.64225216677703589
0.11069423111693547,0.77181910488495309
0.13823988850060134,0.70503366021140312
0.1444174737107472,0.7412642966172539
0.1474667363908162,0.76810221421377634
0.14504823627215005,0.75538382938211923
0.14613629511622073,0.76213282401742066
0.14631907782292314,0.75450393807597671
0.14975973887404687,0.73451992011870548
0.24363784963963125,0.73896974942781091
0.32622407254136621,0.74109180158250365
0.35553019255584606,0.73911951587259861
0.60105333992445398,0.85929779894129421
0.80718619207791953,0.77746566934598982
0.89556307995233364,0.69478116335740037
0.94713226260410832,0.64117061628264627
0.9774294740266779,0.40201521289712588
0.99853218835486746,0.38984093655711727
1.0186141660810557,0.32348407013893188
1.0386914642929521,0.44997729201787928
1.0558531185872733,0.44709799849473847
1.070663957584526,0.42859840643008679
1.0833368284209368,0.52009167602113282
1.0960377289326224,0.3974088704777638
1.1079819397672599,0.35956886516625269
1.1187576869495941,0.35772397612953305
1.1318775917816688,0.37476166813792755
1.1408898311607309,0.28040674300914809
1.1444111925461264,0.49783340703691464
1.1537418948562514,0.31847215198513623
1.162454015474369,0.31434272562065307
1.1713058330979051,0.28191080320521739
1.1786702696386637,0.37969473305294305
1.1872167822699973,0.28733192664733315
1.1943732499465995,0.46261575867648835
1.2009489715916666,0.2893995414487599
1.2078810654196992,0.35801661711218979
1.2154000046057021,0.28437250272153364
0.00010000000000000019,0.26074819571473201
0.00010000000000000019,0.44009885324233017
0.00010000000000000019,0.435546875000134
0.00010000000000000019,0.42871040993544784
0.00010000000000000019,0.42853033563068971
0.00010000000000000019,0.51416814510950748
0.00010000000000000019,0.49267578153098979
0.037290727366231874,0.68525991398498853
4.1337834628676378,0.33924885497958651
24.587146563708409,0.26326124660942468
126.65117788093035,0.25225703897831103
0.00010000000000000019,0.25895095636104187
0.00010000000000000019,0.59228515633041301
0.00010000000000000019,0.59527672749323024
0.00010000000000000019,0.59667967569348901
0.00010000000000000019,0.59371496261217582
0.00010000000000000019,0.62011718749999989
0.00010000000000000019,0.5901614553469311
0.00045414808599704009,0.5983556023180161
0.0051378055526339252,0.59845063500378881
0.0092863842585532187,0.60767558204292305
0.012819659772288017,0.59176001225546948
0.019273431477823018,0.58511430378741081
3.1057796453727895,0.49828805258170306
13.122323171419911,0.27937898130864353
41.524987846627056,0.25475121531092521
87.695066996602321,0.25195071518380679
140.95483125728856,0.25115347228197088
195.50664061955882,0.25078055257909937
259.01975751358498,0.25053776989196069
328.21425715147234,0.25041422822962084
412.48253393837757,0.25027592616816535
503.27824622899595,0.25021225006114867
595.92481818899068,0.25015602867399028
700.92880943344846,0.25012741350963236
799.07793523071791,0.25011576532323798
909.28929751080523,0.25008066705743948
1024.855564865929,0.25008138957874726
1141.0820597465467,0.25005379318201321
1270.8903872754138,0.25004411751488242
1407.6925599538845,0.25004867142282627
1548.8345403794035,0.25003478653857919
1690.9279580727616,0.25003349990672324
1835.4969704547498,0.25002842046446433
0.21897421469858702,0.26320480055952228
0.37941492720818892,0.61964628903614405
0.54347173647339853,0.27572131586867932
0.6845485200820185,0.53209003223666729
0.80517479120278423,0.42837752684459496
0.93714951841196248,0.25511825010704176
1.0373507478977877,0.29920353595127053
1.1390219805494524,0.28822670674139861
1.2278406348861899,0.30303122775505154
1.300383453464675,0.3177465785445292
1.3467051227214855,0.31899925340137369
1.3796773215326668,0.27185031511632801
1.4199103571706566,0.28778198191005144
1.4556873985740055,0.27635284802189947
1.4853022299210537,0.2681738492428023
1.5090252355396305,0.28350619737139782
1.5338904982123887,0.32225211525645003
1.5539690414949099,0.33017554572143787
1.5755845632663528,0.29211565475428708
1.5951306393720546,0.26957184907674098
1.6131266670946323,0.30574201591068106
1.6306532244679799,0.28465223854489019
1.6451168535129521,0.25726032801471321
1.659926411484888,0.28320655040450676
1.6731539227440875,0.32490896230783095
1.6869361469333819,0.35127518075457076
1.6976737955025443,0.34730414094611956
1.707917678477145,0.3518956910938798
1.7172652500148544,0.34193861197283387
1.7256726602936696,0.38647398718337683
1.7331836438089794,0.32078841730884972
1.740793175187384,0.29791631676395453
1.7478125561780853,0.28855222926446999
1.7543385077041393,0.28410014364689784
1.7607541720628026,0.27659868887223271
1.766840750190781,0.27512574581600013
1.7724681692532851,0.27129880928424371
1.7776558534572557,0.26756036078394535
1.783699501508218,0.27690819408506595
1.7886586742348625,0.26544733538216503
1.7935758077274162,0.26230605507848481
1.7979512644738098,0.26868025776835519
1.8022071793930021,0.27665403013183743
1.8063875014968922,0.26937305006083828
1.8104390409669961,0.27349961652785976
1.8143979559742303,0.26915802359863578
1.8181594177015026,0.264958536485007
1.82151864701334,0.31549417615252923
1.8249456389516758,0.26972374094551876
1.8282769065018099,0.26339625272990858
0.00010000000000000019,0.26904296874999994
0.00010000000000000019,0.56591796875000056
0.00010000000000000019,0.5454101562452639
0.00010000000000000019,0.54057676297166557
0.00010000000000000019,0.54470093549870302
0.00010000000000000019,0.54296874999999989
0.00010000000000000019,0.55175781250226763
0.0004914089056571384,0.55478840431241128
0.0015638044401874037,0.54586390959376863
0.0023988755291842472,0.55547224004084639
0.061470615680807944,0.92377687699120214
0.19088591542877853,0.76633474700132553
0.24807109215774026,0.55438636172190148
0.27541808383736055,0.54530571253525761
0.29999500238698046,0.54714848536957739
0.38073382525046101,0.62825401049645602
0.43714400955555721,0.58879734502596925
0.48991367602832825,0.39535610326282883
0.53923387611246665,0.39279375374223252
0.58371776412443621,0.36900015067771569
0.62767501298763528,0.34597646899062273
0.6708201048143847,0.32448927808863465
0.71131647361682582,0.31456125130976526
0.75876121169701327,0.29513081127037988
0.80746034688613288,0.31789586172388118
0.85713433501067215,0.33143779826360326
0.00010000000000000019,0.25927738505231268
3.9417382723711394,0.42721061244745839
23.708691354183109,0.25547123542358835
122.54345678847895,0.25003849287092572
616.71728391952388,0.25002426429981706
3087.5864185874289,0.25000375040764855
10000.000000000002,0.25000024549425742
9999.9999999999982,0.25000099588948038
9999.9999999999982,0.25000140745751204
10000,0.25000112192619917
9999.9999999999982,0.25000119366293683
9999.9999999999982,0.25000090495396138
9999.9999999999982,0.25000047257469599
9999.9999999999982,0.25000241749192159
9999.9999999999982,0.25000084957109481
9999.9999999999982,0.25000041579300175
9999.9999999999982,0.25000101725813983
9999.9999999999982,0.25000035923743391
0.0095515794174848914,0.25449100912440276
0.029803085008453994,0.72913818512179374
0.040780088324078867,0.71706730180964151
0.052425171205962982,0.72955804272001812
0.127129211791247,0.3546600699130093
0.22975759020689002,0.3270480658540596
0.45231681708589666,0.31703245262274227
0.70842519189269459,0.53927863409560284
0.72039088821002106,0.63292530314769135
1.7275736068049745,0.36495166221380215
2.2745536348479178,0.28591429931437207
2.5304660758591693,0.29458961734898631
2.9207057021026719,0.27209655817319395
3.2639483651612506,0.26531438385618888
3.6466965887014653,0.26806953675272965
0.00010000000000000019,0.26464843749999994
0.00012860247504383864,0.56249651913866516
0.00023501699929443778,0.56591477962767667
0.00029214760777620738,0.5615241969946061
0.0012974498947814495,0.58250723718098796
0.0019971336981979126,0.56797545367397118
0.002855289490380151,0.56809240571761754
0.012971457757807555,0.58147908153543493
0.023582704487619621,0.56727198339814078
0.029391306626012793,0.55984893911552991
0.12582722404182539,0.92594451905204589
0.22684851163011452,0.77903804660032971
0.2814466247311555,0.67572338017792966
0.31457620844362011,0.62625769179187385
0.33777528524148109,0.43869633832859217
0.35934432280390971,0.59916239654056569
0.37918461746643517,0.30053712930143339
0.3971642541657055,0.33910003687616014
0.40936442010030971,0.54917893657300509
0.42577509918418244,0.26573820044949464
0.44152829879403738,0.36371110274263463
0.45665438648061218,0.30792982280439735
0.47321784237041281,0.43342498209368396
0.48014878669431216,0.55999664613978184
0.48941527174970662,0.55890036097066298
0.49450247370374351,0.57154899440336748
0.50926451215061286,0.59004879139925759
0.52182020277088936,0.5795336560794484
0.53503836972112095,0.5910068589987062
0.54724803223223173,0.35428594278316194
0.55789607329108326,0.31084453963478237
0.56908800832359696,0.3371473449019512
0.57854982969277235,0.54819527043150817
0.58775171956844718,0.4085175936757075
0.59691183041826723,0.40781335524857021
0.60456487465254527,0.37614333083616225
0.011426757001117364,0.25822045613076106
0.028125638986507877,0.79876539935266755
0.039288334576171063,0.78689074639224477
0.0446275955209516,0.79974705903167442
0.090044632963515614,0.79985335343772013
0.19563528196943974,0.79353712712895508
0.2854982504093152,0.76935599097619967
0.32787935641310795,0.76695914554023048
0.34911423826649823,0.74446340100454211
0.36720277766222931,0.76693642840006404
0.51214119232918132,0.50971960374966363
0.67450899898048622,0.45893211136415596
0.80385086942784989,0.41802924265155905
0.88915721993055941,0.39994770728674606
0.96952450591707495,0.379935802360446
1.0527534486052661,0.37202925766301304
1.1212875832751519,0.34332106388139344
1.1989782044931405,0.32426267819284699
1.2597363972883635,0.31301429374357154
1.3182919072545867,0.30379675337145418
1.3720378446513852,0.29024284226112806
1.4178937000707075,0.28131477931908877
1.4666229869886398,0.27106074897241211
1.5124140645822459,0.27001475991967966
1.5510455142428261,0.28600049224351992
1.5867991933494943,0.28918687517523239
1.6187682088852318,0.28169506444060455
1.6514692100541486,0.26922929472086871
1.6813795137469461,0.27419365886365182
1.7071186633296391,0.27429833315006985
1.7341048071192737,0.27160551417317258
1.7594441621243151,0.48219897247555482
1.7773337493507952,0.44187305258084636
1.799393241890288,0.373179707728378
1.8248137880862636,0.30505642346897405
1.8610860814808188,0.40316193014721885
0.00010000000000000019,0.26269531249991313
0.00010000000000000019,0.34772354576935749
0.00010000000000000019,0.37499985375141631
0.00010000000000000019,0.37260718448992436
0.00010000000000000019,0.58056642721905882
0.00010000000000000019,0.60821210045626406
0.00028718441106242694,0.62744140851764652
0.0019902978839348305,0.55509225047787614
0.0035591471232082061,0.56985075732493418
0.015926749146917135,0.44336269565099612
0.053343752691075809,0.41756225918829964
0.11073372400435197,0.4026520419086409
0.16115730425132874,0.55210935109787596
0.26112733544413491,0.43943275287828559
0.32536296735363879,0.388806931815738
0.39361837258871663,0.42265117973914429
0.45901830594423787,0.39871135316561163
0.59175303141798052,0.31894760777490921
0.7498683132465771,0.35150972896452337
0.89755557490051174,0.33056837839374847
1.0389003037088465,0.30399925063144656
1.1742599662423614,0.2938110054962324
1.3188567380436953,0.29072750892183552
1.4278034021931427,0.30020404054446792
1.5488640432457135,0.27455126926621354
1.6901684691713301,0.28041078705110178
1.8052090774363929,0.27421570184575189
1.9450210717131713,0.26850774260933447
2.0859350024960834,0.26809363762833871
2.2328131946086707,0.26605003721977155
2.3741311816995143,0.26422483419279003
2.5095480779445989,0.27092714430623926
2.6584955330891988,0.2606252388457338
2.797697628373256,0.25945130821735252
2.9371809185668791,0.26714012744459403
3.0717166242425287,0.25874278299672687
3.2209126568212012,0.26233786989553892
3.3650455609029875,0.25830939511919776
3.5037175831548764,0.25813113460257492
0.0010055560131085554,0.26326746074382401
0.0031735969342316398,0.72069819072332464
0.0095418648507675022,0.42778247887327409
0.028953316068462093,0.73476500725530325
0.044206336981789662,0.74572149697726153
0.050866214290506168,0.73031458608405753
0.10667910423642418,0.74552774886495654
0.15739428641777689,0.71932346770659727
0.27806206336952743,0.87265100336861723
0.35657457610544563,0.82966015944527194
0.42898940960400267,0.72762355021047898
0.48177437900785247,0.69304667992982416
0.51364165557371044,0.68781597453793808
0.53387993150262547,0.6792402036700057
0.56266833703499575,0.36829511280326632
0.59674778955670971,0.33103463947617595
0.00010000000000000019,0.26464873590785287
0.00010000000000000019,0.54896714178253203
0.00010000000000000006,0.51952251214470335
0.00010000000000000019,0.54443364999558708
0.00010000000000000019,0.5298459968697119
0.00010000000000000019,0.52539158387605212
0.00010000000000000019,0.5164489211784441
0.00010000000000000019,0.54101563350725834
0.00010000000000000019,0.52441406250438627
0.00010000000000000019,0.53564387229625765
0.00010000000000000019,0.53564958385517436
0.00010000000000000019,0.91796875
0.00010000000000000019,0.7812502563938114
3.9198322826523846,0.33791976332798745
23.593223770489878,0.25183337248905213
0.00093772115975626819,0.26247986254838096
0.0030785673079285845,0.60086452501153131
0.0042734777213458966,0.60863179228066999
0.0055059746438657743,0.58323500954153651
0.0060154860356355731,0.5964692071580231
0.0062571585954121342,0.58645307202099606
0.016772966051658046,0.60296070503024535
0.025803279350348471,0.59194532263801025
0.030467769008934512,0.58945814484996994
0.082852465952295923,0.58833060206565868
0.1360781812652648,0.59673007462342309
0.31987259184077288,0.63456712835266749
0.50146127378890037,0.60710407055346849
0.60637999277668719,0.72752136854957905
0.68952304823933364,0.6310990267027673
0.7463242105581549,0.57222289155507267
0.78389345735552718,0.39663079871674145
0.81416869162023153,0.38027052059437144
0.0006849172750400393,0.26904389796179945
0.0022652741018708124,0.70180490133483753
0.0031498652696495136,0.70562239322909959
0.0040678732829817696,0.7095749324519075
0.011473184874821549,0.70186578657370458
0.013385233112253236,0.70248175287247916
0.014056301061519408,0.70476876852029746
0.01448440861212451,0.70462469347553547
0.014745235273623664,0.70959654746862766
0.014934530862434674,0.72315171089795371
0.015149619602514845,0.70499693680378528
0.015345488465415173,0.70386898041555868
0.045895823353091669,0.56260895270189282
0.080088206393943151,0.57819217663703293
0.16763973232278367,0.5824076934333563
0.18053336767265768,0.6911998273701272
0.28698218843150014,0.83325692301256971
0.30283842860869592,0.67491650379728951
0.31046667805451539,0.69182981353817175
0.31551469306917257,0.68734419197498442
0.37530896765854965,0.35367673624272628
0.43918750828786812,0.72810417641992642
0.49171565065442102,0.68548157936062959
0.53432586770897716,0.38964283145269962
0.58008068458949036,0.65557393161451172
0.61378602624239675,0.6517992809885198
0.64504836410468136,0.3725370612768652
0.66988585602308115,0.32709434271149163
0.6700352215192793,0.5801419065537442
0.67212051741527623,0.59560133255982517
0.70020992156689621,0.62602758032178452
0.72285458398849289,0.62840236420715712
0.73688529264228908,0.62383575150050075
0.75356832077767888,0.59422905875464127
0.77112855481847986,0.5814948630573108
0.78300705960507466,0.60996715823578163
0.79091893096842025,0.56173907589905547
0.80004463672970905,0.582237977433534
0.80541307403687346,0.56699554798986773
0.81139336680312613,0.55310589801965493
0.81596292209767496,0.55484171111111336
0.82033419897704718,0.5496006121287671
0.82807810926064218,0.55152957755781673
0.83245685991141838,0.54836087719290005
0.83630833545548189,0.54227589860727943
0.84060212876878881,0.53120414793267523
0.84466970116842222,0.5225919162659477
0.84836665446832982,0.51118359776176259
0.85256602089330946,0.51564408313202104
0.85650590359707079,0.51405837867800619
0.0084882656651389422,0.2548326520204609
0.020036995419941465,0.28922216923218691
0.067846695339888768,0.38493870191601959
0.11378303087642805,0.37870292380006237
0.2007733826490404,0.41070957689159154
0.33066146010503422,0.46965217455580061
0.44038799052152033,0.41046972914773489
0.51679351031094445,0.51693964787120295
0.57106199518278111,0.50836681107398829
0.61337975726756389,0.52164021208090494
0.66915674076474341,0.37853695506651669
0.71781781134880418,0.348108809181084
0.74848026766441689,0.35365562483232066
0.78454341401316463,0.34732007019916439
0.81882137596950977,0.32622011972600223
0.84858048812100773,0.30482564955271951
0.87312363777663371,0.30869580625071136
0.89616115648211137,0.31236256588974637
0.91654800377736212,0.31709571266335179
0.93841183896843416,0.31855420373636328
0.95915620238434651,0.31230744286566753
0.97561972067725311,0.28902837369607837
0.99241310011724004,0.27210616079629596
1.0099616432130847,0.27206839961677337
1.0253310811333545,0.27769208855681704
1.039501369469328,0.28065272027350152
1.0525949109861141,0.28339780086462668
1.0644952249819564,0.2838632075369879
1.0763814727778893,0.26481353558069254
1.0871967172568049,0.27166005397404969
1.0972110863345583,0.28305110271166772
1.107064470801999,0.26227322028188649
1.1167491099595033,0.25583332730094421
1.1259180002710309,0.25786645231365968
1.1346263460470931,0.26595266974650228
1.1427820453150428,0.25752672736673943
1.1505998192723041,0.25422447667201892
1.1583187437979121,0.26902920896176147
1.1655611734205311,0.26753541860294328
1.1728076258533799,0.27060259028938266
1.1799947058312132,0.25587126926081771
1.1864622269674241,0.26276544777427585
1.1928779312000901,0.27194034387560839
1.1989770836604157,0.26849270521783664
1.2049253437092609,0.26033260574867745
1.2105807765781464,0.26495251096972489
1.2159200159671995,0.25261815759083017
1.2211642984248625,0.26680994159823063
1.2261532256568357,0.26433896772219195
1.2309029117391672,0.26390183973436554
0.15970846103342137,0.27020028979578903
0.28582328892576647,0.29650983600605252
0.54630590331946027,0.35399133539458355
0.80742397045794356,0.4637642566853819
1.1081728279088114,0.30073635144955718
1.3623466953631218,0.2877316531700182
1.5487902865652545,0.27869168454512494
1.6875842625179878,0.28135592175925445
1.8148077970576826,0.26922203617128826
1.9204435651374248,0.2612811201775862
2.010729192642752,0.26296304443853086
2.0752090775406247,0.26209987575205018
2.1453740942542332,0.26393327575279396
2.2131688026363383,0.26160881463385327
2.2713357978354356,0.2627462473824736
2.3255622538348875,0.26097740520449086
2.373785400297403,0.26128117432317671
2.4187354838433599,0.25966234121155163
2.4584574344031198,0.25524356100493412
2.4976269716644071,0.25612490168839752
2.5345342506185347,0.25505064400395339
2.56783987334589,0.25592014262845736
2.5981432426734923,0.25801855415021419
2.6276066046984239,0.2589392537661564
2.6568445175916526,0.2602323802748015
2.6817981735242,0.26628654260578105
2.7051226538213236,0.26042512337736234
2.7271528014082187,0.25734695803407237
2.7479546737436871,0.25898280849074368
2.7678219306328025,0.25222941183809061
2.7864114324548637,0.25910287268921922
2.8040140906845892,0.25802660987717091
2.8204996330323615,0.26438686059426086
2.8364482940204709,0.26070087578053824
2.8516852916633675,0.25407233366029519
2.8662446497215841,0.25677224185661324
2.8802766889894418,0.2562282460502906
2.8935904515660362,0.25439266380114778
2.9062244376815403,0.25576817844184035
2.918408469277566,0.25756700057665327
2.9300478638486194,0.25856772456969107
2.9411098086704301,0.25708099049962257
2.9519759113822115,0.25589104852677469
0.00010000000000000019,0.26757670005071732
0.00010000000000000019,0.60938184769427572
0.00010000000000000015,0.61937629543130157
0.00010000000000000019,0.61669921914419124
0.00010000000000000019,0.62402365933308745
0.00010000000000000019,0.60986328124157918
0.00010000000000000019,0.61973508424219537
0.00010000000000000019,0.59423828100663723
0.00010000000000000019,0.61063836610246602
0.00010000000000000019,0.92285156249999989
0.00010000000000000019,0.70312497231447724
0.0017085193303420512,0.64128911946235689
0.14056120483156964,0.62670788538538191
1.8195313571602005,0.43968729968429249
12.313693158671711,0.26391597779483117
0.27240647554116271,0.2667628885790555
0.40250715377228313,0.85679401947005873
0.45508396082709224,0.85687095941271174
0.47853883850332846,0.85390259134139967
0.50865939381140857,0.75736322283866153
0.5394735584910848,0.72803319603353067
0.54111928544391374,0.83411055156889269
0.57404837985337487,0.69178177960116294
0.66533660468442302,0.31739038427528976
0.69844557053215683,0.48992220182405277
0.72951331920584073,0.53211311758621593
0.7637459756810292,0.49840543147001809
0.79260232124723329,0.48530639350597476
0.79724610599250401,0.66169232430905511
0.83980829097076226,0.37158070330713866
0.87786299480606078,0.31048783379670059
0.90448550011284812,0.29695033098267015
0.91939697704985157,0.56905940457156301
0.95599665343767892,0.45767590912399558
0.97229170017418443,0.43923613138271783
0.98726890597898465,0.3311960706495512
0.99402020278339243,0.49406544770225758
1.0099366736795883,0.32590877818230951
1.0197799130744749,0.30977042088127871
1.0337664689492039,0.67397219932583619
1.0428105155719996,0.69857589672852038
1.0480026314127933,0.69333640155513698
1.0522240185507286,0.61432107083789755
1.0589610201349338,0.69099725330521466
1.062912031882026,0.67955123725671585
1.0765216445404473,0.6577385430392122
1.083814353873068,0.69586073953915983
1.0880425296209884,0.68097044054982536
1.0913995992185874,0.49574894858597524
1.0943192316365067,0.52173373807083101
1.0967594744094722,0.3861280395875098
1.0989142932085447,0.48684903611644514
1.1007528376029496,0.46843724939603859
0.25870773678316855,0.26313267829804876
0.3916660652498169,0.7288831241279683
0.44063060716170099,0.74058842299387739
0.47064442557259356,0.73115649724475651
0.48865130993154876,0.69268844752363579
0.53492838239085361,0.57816323038786233
0.59146640265798467,0.52620016505270439
0.71762897133545833,0.31195246740763805
0.76833247012771766,0.41682087631014059
0.84057243705219387,0.32036813424916027
0.90930651960088005,0.30331880068838313
0.9596779693236055,0.46076912196971603
1.0092392770987042,0.29605572019004406
1.0505415568911105,0.31159777458249144
1.0828858548057023,0.41836620821268422
1.1184288140175034,0.55846639112191188
1.1390814610813742,0.5492430069044949
1.1544312215223633,0.52317432736398617
1.1677263430974549,0.44830660026238267
1.1786372238548388,0.41137159696527997
1.1869355614009438,0.35181160014426133
1.198747404823469,0.36358324635602679
1.2088460763206337,0.2907559146200982
1.2148208435462693,0.34643840160672107
1.2219581309767982,0.36130673342986042
1.228308409814624,0.3447662307908026
1.2346714788631159,0.36012532462551339
1.2412443385196579,0.36193242232985845
1.2484350063055283,0.27260083657519357
0.0055327906778549112,0.25571146551598006
0.015136857267254094,0.5894268265364343
0.038535011141068762,0.59674662281501634
0.051035965378702711,0.62596605795872196
0.06145359662277624,0.60067707959766925
0.14136083146494999,0.59975530239360908
0.31583113696454079,0.4926598377617521
0.49293303485700052,0.62485743976460317
0.58697163102624217,0.5545654521380512
0.65269742316873458,0.51886964257670221
0.72008443382971787,0.48880829837303502
0.77253440423049913,0.4508687362597103
0.81667276217510676,0.43397624469690915
0.90703786016763732,0.30906033265602506
0.99860011325988829,0.32157628513542436
1.0864199186147032,0.32459840377336585
1.171437351341702,0.30189540322223241
1.2523741362225116,0.3021877467110608
1.3092001220858731,0.31785025183330756
1.3679211809127203,0.32235180754581899
1.4279351338317448,0.34044490517526754
1.4732708872338427,0.27703586031988503
1.5093723435566373,0.30144359337777993
1.5423176136532299,0.26156409987571216
1.5710321907717355,0.29957509637215318
1.6030503969590355,0.26060200741149236
1.6292247616822211,0.29992703337969917
1.6521797647796281,0.29632098039600474
1.6346685696195613,0.43313441543468834
1.6675776484217679,0.28207224698862049
1.7008601728131949,0.2848727922921318
1.7358339200424036,0.28618619738610368
1.7627484670588944,0.28165554131641934
1.7895475411582857,0.31366633829588481
1.8185060140645923,0.276518737770373
1.8393635973673121,0.2588794119732572
1.8593783929106698,0.27125549996504777
1.8815645194703612,0.28554782656277478
1.8980581439963067,0.28321108354014951
1.9152166003403384,0.2633373625634427
1.9306999615609242,0.25826020906470065
1.9463586829877551,0.26981407990479372
1.96245848603172,0.26693942822574063
1.9781165454151932,0.26697586196739709
1.9906346392750667,0.27508940373017071
2.0045609329241936,0.25870436707939493
2.0178366212705874,0.26311225351525075
2.030565417777304,0.26085420133030002
2.0416112481786186,0.2748635489290539
2.0535838858251543,0.26653583295286881
0.00088174145268070424,0.27510050158833893
0.0027968342185173151,0.44052150367666221
0.0038491597343361774,0.44450924269038811
0.0049205036918255358,0.42206437023802945
0.013287664605246054,0.42623837071542314
0.038989647419587672,0.51987421624857166
0.11356982583472398,0.61203393261212735
0.1802252117070392,0.35010927656316371
0.24092483273953691,0.37538771699094337
0.30085808932817348,0.42714725247516683
0.37026970871094228,0.42718956046775647
0.41975958003581981,0.42592861218802225
0.46171400457058609,0.37773343120948921
0.49830496496520216,0.38481659965936971
0.5287642777731264,0.36887913350118395
0.55133640337351641,0.35637563266590794
0.57551904800716969,0.34279141930966045
0.60061319858153794,0.355442185100383
0.61888360588413471,0.36561395067011054
0.64024323378218007,0.43077236336391694
0.65887982246386301,0.29849521130314893
0.67796074700249087,0.32364451956161711
0.69521783458132624,0.39613391686542432
0.71135228086750746,0.39432034560872964
0.72448729921440691,0.44063619114113378
0.74141880438862606,0.48013610164030318
0.75736834230621608,0.4340882726304201
0.77040589571389884,0.4131729794379656
0.78239136249574714,0.33854707759758396
0.79340046997245983,0.30829613140518319
0.80346280695081007,0.26658633440096613
0.81220973209092784,0.43200337103519604
0.82087543148711706,0.33982965510300117
0.82884760395920798,0.32982908953576279
0.83692599246222854,0.27492361788910491
0.84395754553577906,0.41794816556175141
0.85209962539870854,0.4527204221209864
0.86061144437360404,0.30008198698933869
0.8684940479319011,0.42823317727532723
0.87496764513495129,0.30630813222572151
0.88190520161111385,0.27122418214311039
0.88959564356967769,0.42621972542024267
0.8952089090774431,0.34150912153243257
0.9009944019038495,0.362861539293032
0.90632451153494842,0.35821793490114523
0.91227192598817064,0.33065462192922651
0.917372793917415,0.30192589686454185
0.92264657337232681,0.27078546951598048
0.92766241069636446,0.26469773463929802
0.93271954301679361,0.28020845692527391
0.00010000000000000019,0.26464843746258926
0.00010000000000000019,0.69677735152221676
0.00010000000000000019,0.70166015625141598
0.00010000000000000019,0.67804839752982793
0.00010000000000000019,0.70609284010617257
0.00010000000000000019,0.70947204624356375
0.00010000000000000019,0.69238256252427599
0.00010000000000000019,0.71044921874982958
0.00010000000000000019,0.70410060948920206
0.00010000000000000019,0.92285422970261521
0.00010000000000000019,0.87109408922793574
0.00010000000000000019,0.72705099932221895
3.9819756884386384,0.36050991366394869
23.909876995273642,0.25410397697641945
0.00010000000000000019,0.25634765409877747
0.00010000000000000019,0.83105468749999989
0.00010000000000000019,0.83349455277554552
0.00010000000000000019,0.82766461325582485
0.00010000000000000019,0.83495556788744996
0.00010000000000000019,0.83642578124890032
0.00010000000000000019,0.83056638620997669
0.00010000000000000019,0.82671063633567854
0.00010000000000000019,0.81738281250018341
0.00010000000000000019,0.82434649796818726
0.00010000000000000019,0.81347670464697597
0.00010000000000000019,0.83984388595073056
0.00010000000000000019,0.83251953124999944
0.00010000000000000019,0.83935546875
0.00010000000000000019,0.82763671874999989
0.00010000000000000019,0.82470703569507431
0.024936235189044191,0.92837792441300848
0.32929792497765598,0.88217766697924038
0.81987267600144154,0.76969720787216167
0.011517374760875896,0.26041008430499296
0.029225514299453883,0.55887729800723007
0.035727811272876532,0.65353074340656903
0.047478713052449023,0.55166999289625096
0.047395437933297854,0.63831013144573978
0.048550089162016835,0.63490380664500834
0.049581217003743266,0.64920003595347742
0.050825734492705846,0.65611243542166375
0.087914399123136699,0.64028868725387034
0.10580569594655721,0.65523313596901445
0.1203538008425267,0.62938008676753943
0.19101427385137809,0.64740297168793537
0.2436550277017121,0.64216347656360684
0.27356237860323107,0.62541360306343297
0.2993309803594415,0.6391609729456964
0.48539471304796816,0.87648724956951296
0.59397628178274298,0.84681597483348348
0.68170638531143957,0.69930853792537295
0.00010000000000000019,0.26228994446890985
0.00010000000000000019,0.31787260144555335
0.00010000000000000019,0.30908203112468552
0.00010000000000000019,0.33187655982692782
0.00010000000000000019,0.6162109375
0.00010000000000000019,0.62500389014202129
0.00010000000000000019,0.63964843750000044
0.00010000000000000019,0.63766750084292978
0.00010000000000000019,0.61132813348532034
0.032923330008069518,0.63151741366781722
4.1612200626980194,0.35713947513443167
24.805982153459638,0.26504112248974204
128.03032913328252,0.25257903792067232
644.15217330305791,0.25050377038038901
3224.7570666082443,0.25009222683152654
10000,0.25002655166556492
9999.9999999999982,0.25002467283739838
9999.9999999999964,0.2500242726504292
9999.9999999999982,0.2500227590781175
9999.9999999999982,0.25002197180566871
9999.9999999999982,0.25001941751356155
10000,0.25001841689242865
10000.000000000004,0.25001882193527686
10000,0.25001800332060831
10000,0.25001634135610629
9999.9999999999982,0.25001604778840947
9999.9999999999982,0.25001451225030413
9999.9999999999964,0.25001503455543944
9999.9999999999982,0.25001281580940055
9999.9999999999982,0.25001362936762772
9999.9999999999982,0.25001176633427985
10000.000000000004,0.25001174360428868
10000.000000000002,0.25000914151797343
9999.9999999999964,0.25001147702560989
9999.9999999999982,0.250010486983818
9999.9999999999982,0.25000988367646482
9999.9999999999982,0.25000913221551885
9999.9999999999964,0.25000842464037665
9999.9999999999982,0.25000855755749612
10000,0.25000942193585329
10000,0.25000872939071378
9999.9999999999982,0.2500077400630204
10000,0.25000700347765797
9999.9999999999982,0.25000710227752093
9999.9999999999982,0.25000773978210206
9999.9999999999982,0.25000741556760531
9999.9999999999982,0.25000601262837896
9999.9999999999982,0.25000621558396358
9999.9999999999964,0.25000755599346841
9999.9999999999982,0.25000657912531288
0.073412968816963894,0.25422487899425417
0.12921848434453051,0.27883146377378643
0.16659212967837217,0.28931170907003262
0.24813540287609592,0.53203820490522125
0.37657349826360548,0.66255968015699473
0.52206175009779965,0.49931623543046522
0.63557188184710522,0.34420775152395611
0.70428093943216075,0.48700374034770749
0.76737018598587614,0.38799406050319274
0.82181335443272763,0.48032901971611008
0.87859949295367556,0.3706117991300909
0.92872129250663293,0.30608283206194342
0.96306640230725726,0.28283440030542417
0.99609007982996844,0.299691712063824
1.0236620301866741,0.2988577725311472
1.0486387290737269,0.28823620356027491
1.0701567542958996,0.31127472125839423
1.0930426259682653,0.28864909329330107
1.1113284825750021,0.30274946535560776
1.1281090101282083,0.31839704287022785
1.1465095267100911,0.27050328700119108
1.1604072175798328,0.26615917303335201
1.175921305680125,0.2844244153947077
0.18705374048420018,0.25422850392281737
0.31966890765595979,0.75394222998955251
0.41755365068449574,0.87325747663284981
0.46200961631197834,0.86979466250037374
0.47753085100741366,0.87276149610066922
0.56757759340848901,0.50618272248734242
0.55560202732537478,0.82521593181094
0.59077550987483862,0.76013637233217568
0.62833801467462025,0.68803530214179542
0.72108995494318551,0.42234447577759027
0.72177400209589038,0.5949778574667447
0.75986873065440552,0.60134953599845475
0.7983507116223042,0.60328756908324421
0.87761494983874522,0.44158750058155644
0.90998258203809979,0.55652370049976618
0.99732544863423289,0.4799867267087507
1.0079442448006117,0.62564354775560782
1.0310538856435922,0.59695161678569109
1.0465456015717383,0.54864170050998762
1.0656713309332002,0.51328624660133482
1.0836812073665385,0.50152483863932229
1.1054609366680326,0.56605856204451954
1.1656782990612886,0.59561289844457777
1.1953148735403694,0.42007063219644231
1.2244735931818145,0.34994491466339323
1.2453444386153023,0.31532058630084986
1.2643912906101269,0.34986110260103637
1.2788945549913033,0.37686512385204579
1.2954885156977425,0.35593082612548865
1.3137624696385843,0.2971281789837964
1.3270512273987385,0.29673521028233008
1.3456041428384662,0.529707391028026
1.3576919053648711,0.51480335677189848
1.3676210526458483,0.40913966903495302
1.3763277183755507,0.30045925972588927
1.3856821861703119,0.41604008471248599
1.3920849490589249,0.35181094658553624
1.3980130979541663,0.28523649995013639
1.4047841134362482,0.28613162684656573
1.409446237441085,0.28393989342217624
1.4120112223753045,0.34848224701241026
1.4153773466749269,0.36520942208493684
1.4197606264134182,0.31041365743895166
1.4250339037063986,0.32630890066823953
1.4295148089379666,0.33506928787061396
1.4329673974478747,0.3419844510877727
1.4371173336330083,0.31289731014210792
1.4403769018369283,0.33426088111887542
1.4435503850539477,0.33184945621948864
1.4462289418097243,0.424391400536616
0.00010000000000000019,0.26212120593954907
0.00010000000000000019,0.70214843750061429
0.00010000000000000019,0.72363281249798705
0.00010000000000000019,0.70606017482313321
0.00047712901615000382,0.71780321883796849
0.00092905163276481989,0.69422533507965123
0.0012119166247267902,0.71962135918860115
0.0082133897231560036,0.72499347812598014
0.015988023050423579,0.71370333652147588
0.021036147419256367,0.71078880454350213
0.024565557160766239,0.72070639151940674
0.026380040706741919,0.70011351959432333
0.027694412266305202,0.70468531662953715
0.16862552493229196,0.91435941196176773
0.3228239190425638,0.86245748473649708
0.42400162518229656,0.75477202305784286
0.021516789818634283,0.25749336615907875
0.046047431455276608,0.75335781783108879
0.064093333921096354,0.75054160672126446
0.068113088793633023,0.76697678150090243
0.12308361243842099,0.75049194698031663
0.16597874115539685,0.74598373364388071
0.18387608482375928,0.74693680426942322
0.24020926070044887,0.61381421062186248
0.43243736886557371,0.35044843351782451
0.62001920429461876,0.62564581366074234
0.77769884066471606,0.61136072090807092
0.90335277979940409,0.60374500802906039
0.9919393049022307,0.52810829799769321
1.0472684619340722,0.47143931250013699
1.0903011289169828,0.42352748979523036
1.1263996237584728,0.39109965108008088
1.1597186186037991,0.36134162839816741
1.1904581871095088,0.33584880789201987
1.2189655618035466,0.3238894647377199
1.2417592302653881,0.31997965479304674
1.2678115611283707,0.3180393278937701
1.2804803822554536,0.4493057599945105
1.3011626119880269,0.35454015740502937
1.3224313290921024,0.28996811755169777
1.340702761761192,0.3155807518033576
1.3554454552437594,0.30113818889671445
1.3696419594684042,0.40895231959248068
1.3807390358870433,0.40267999703252999
1.3922787756920441,0.29605409767696905
1.4119675903666904,0.30354042425032729
1.4249873143913268,0.33146230141632732
1.4350801796229917,0.36788799424145852
1.4479907793776199,0.27037033715519249
1.4581746839718868,0.33155015075704358
1.4672425024834093,0.35107630192855921
1.4758120260425556,0.34064538522835591
1.4838102566455751,0.33360752498399954
1.4917850514633768,0.33146455728283558
1.5025557687252646,0.32219981981831064
1.5110394516868637,0.29567141198353991
1.519968492440404,0.26819682076054391
1.5285775350373212,0.2887370459764711
1.5363339779002105,0.28374586262029561
1.5437055151683912,0.30536911250708809
1.5508469171834893,0.28859302301735834
1.5585587298915522,0.2729413029981903
1.5654771608466334,0.27071043491824426
1.5723461823570895,0.40514585524498992
1.5786458655536659,0.28921824023303733
1.5854706776165526,0.29812478317133101
0.10067086426551848,0.27359894522533706
0.16123821967500973,0.85889217150257058
0.18403949694419769,0.86249655545611081
0.19992299091810525,0.85192536248900297
0.2596395342410609,0.8361816302109133
0.28957492601768969,0.84829082618837548
0.31210317989064973,0.83225943948253966
0.32481653552127415,0.83517727764486471
0.38504998810253444,0.52328234118590167
0.48159570124121409,0.81324706466116414
0.51716406345846644,0.75107887823737063
0.56393556269665335,0.43065704928898452
0.57248325057655913,0.76654615248539004
0.57180324086608447,0.79946188309319255
0.59831205710379765,0.4120394639349631
0.62759717076798993,0.41004365578505647
0.6687285724590043,0.47491225594564662
0.69798202719245239,0.46964253350856028
0.69543713851496336,0.70738428985006752
0.70025260071502693,0.70438661455639395
0.72921953528185623,0.49445297147918787
0.71551432314014674,0.74494181884402
0.74170822418109172,0.47757259001826546
0.75203358278971144,0.37754655775179846
0.75896934516670034,0.58557818186085409
0.75762814595094963,0.67270402045266531
0.77212386380987352,0.45078943748306732
0.78009929956397506,0.37046018475347714
0.79116728066757602,0.34666712883117939
0.7988020827392367,0.34232583803795491
0.80477110734685653,0.33886622408453843
0.81174894160592048,0.33491942311693512
0.81822789990325928,0.33397200080439599
0.82549046764544953,0.31219642828852867
0.83034827843694048,0.35706133027241632
0.85191239625678838,0.64273222079282999
0.86115699341573282,0.45886044865346715
0.87083668026672723,0.59682355352585958
0.8777268622651837,0.5747216515628879
0.88280081820089684,0.52566001851943756
0.88614604987399814,0.34864623899301395
0.88995099056119176,0.43368276982846499
0.89328528577339772,0.45190626384217325
0.89599772876019645,0.4441091908580192
0.89852013249136364,0.41916430730062137
0.90137576801950248,0.50633955872878833
0.90388719686277919,0.6290272918381824
0.90660266694372182,0.46105132919650693
0.90873500365066773,0.418563580928551
0.9108122401176878,0.52684975322858729
0.0041573212358410848,0.27146148298562078
0.010853852669586854,0.70354233347595274
0.015528611216325814,0.69036330336894913
0.01779788744615262,0.69096273612378922
0.038538366032384384,0.68769939825055393
0.054876737154981509,0.69420653342665184
0.12097825330232964,0.69276948975076214
0.17279462850257632,0.68499266317648966
0.19851489990072715,0.67927275796146891
0.40118685112357955,0.89339256257387101
0.56838691053225932,0.7741139438332949
0.65038120479519401,0.45827056965502322
0.69986062391701531,0.36897719090717107
0.73692860049551379,0.33815015648313407
0.76756758579804485,0.35331848843098002
0.79491135698002335,0.32328074721063299
0.81590871998776771,0.40022776815472405
0.84004250597519614,0.42767321441012474
0.85945081866663375,0.4358443223712884
0.87742620251001802,0.42212061078521518
0.89263200583257896,0.55262299196002707
0.90569112507173966,0.55311354234428389
0.92631176109775015,0.55183896439283131
0.94557931514781979,0.57817804422016716
0.9611053699506138,0.54806101437021792
0.97273294205931049,0.54245790939616145
0.97998724626392086,0.53941397237996547
0.99106576483220543,0.54184384167884403
0.9962075116405319,0.53491883074279378
1.000191726627861,0.5316586547604194
1.0110383069922451,0.3125181306072024
1.0251446697758821,0.28995495386781622
1.0362534165491546,0.43282140897358068
1.0478377382121895,0.32784425687154978
1.0577139979037893,0.32736473778576508
1.0688201536541015,0.29241234102107483
1.0801019069953464,0.39237081632146964
1.0891576951647903,0.39056247203431033
1.0975156938104205,0.30049290514631954
1.1058725467909345,0.40449428178898977
1.1123487843036042,0.32015120056757218
1.117984985963256,0.44287741778623135
1.1243505883670084,0.37667112108240691
1.1306952432459292,0.30639756800306933
1.1368736246309863,0.32122207272583408
1.1435831750031746,0.2762429012641201
1.1516898896619634,0.28674764309545725
1.1587241860593691,0.28465260067388892
1.165795505205236,0.29950747939514238
1.1722127554251593,0.29320693334260317
0.00062647420782724773,0.26372979506257266
0.0021492417880663714,0.72543596301663793
0.0033915959218453165,0.70580941625777516
0.0040000091693044061,0.70254939408735129
0.011502261449102616,0.70248132826581078
0.017977302956817116,0.6923241877529076
0.053724633824100976,0.7220642842350472
0.081336723152455159,0.71023499621006414
0.098859514736248169,0.72090311562514964
0.10813460508660591,0.69317438071101911
0.11318580026344849,0.70009970896957885
0.11683911545574649,0.69845388369753481
0.11926124421532686,0.70734932704604403
0.12729922895225979,0.69338479478188997
0.13377640522109968,0.71910632807698749
0.34334163409870844,0.90205442635873612
0.50533380818954043,0.83672343058990717
0.60290100460361074,0.74076626001334844
0.00010000000000000019,0.26587246319303992
0.00015621944962229738,0.54647530611586803
0.00027797577687393375,0.525878334965872
0.00034923294362006435,0.53906191414878313
0.0017073591105671864,0.55368069439624945
0.0030209066067465591,0.55340674913208665
0.0037933223107301742,0.53185667874615972
0.018457840259374012,0.55832881509748944
0.036224497573806684,0.54282755370351954
0.17925811084957571,0.91326087966683744
0.34804938714068734,0.66276668671680461
0.42588084150360656,0.5802471533441077
0.47561072637335011,0.32244134763750792
0.51883465067228984,0.39805806431786583
0.54409495195201241,0.49808807566329172
0.56695852952325843,0.48482011917922818
0.60263254159977853,0.30695393036329899
0.63185679204539613,0.32381934738913132
0.64854974456509096,0.41488339615669612
0.69342074415621724,0.54182178263327407
0.72918585083643717,0.51362284236053679
0.75503980912230784,0.39478972197215562
0.78198949589168265,0.52259749743692674
0.81166438142377562,0.5081198879018024
0.82952466511999479,0.48615701814274132
0.86244377329703104,0.46989506191464336
0.89353075397163195,0.31718926778889933
0.9228645664993983,0.30550783478866639
0.95764444181604813,0.29357905774368004
0.00010000000000000019,0.26219313900929114
0.00010000000000000019,0.72782386720013792
0.00012232526642568165,0.71013173964046761
0.00016238992021218562,0.71191407240080284
0.0011625466201141603,0.72160918741845126
0.0024683154320114449,0.71854963473322342
0.0032757243881487187,0.72865292590436193
0.023295356718405304,0.69956464882857761
0.03981147987696379,0.71540987116565413
0.062752712165586089,0.71639708784568079
0.41404760720770734,0.89682285909328863
0.62750038523058826,0.53475159962432617
0.80339477574119411,0.6031331234570223
0.8510074183771168,0.59010394308988001
0.87902347769761968,0.58392736915322596
0.91895399336873962,0.49646682456178387
0.97356801219313582,0.56917079230850154
1.0183634736588707,0.55357653186249733
1.0559959191172654,0.54325700322291559
1.1907642896049691,0.3691354992410526
1.3684195865553019,0.3550572888728652
1.4830354846161922,0.33393132712396645
1.6257915872555071,0.3278968115616217
1.7372972286228969,0.31684172126440735
1.8794905976737895,0.37081396769541231
1.9607016970252635,0.35367625659366642
2.0179533218012855,0.35617882320795358
2.0956272952948245,0.36021494775992691
2.1863215761721793,0.28881026079418515
2.2745011186907611,0.28357840094532905
2.3649444558103219,0.31567367703124727
2.4467836852037439,0.29697265084766772
2.5295367709813954,0.30237580661097352
2.6074534130171725,0.30547396836450347
2.6655409110454431,0.25905764728378489
2.7279624832158547,0.26057675962008742
2.7960718001998686,0.28513177116974386
2.8591569596209423,0.26799463119008504
2.9180035856855104,0.26032591498707375
2.9772504108488245,0.26579912765678182
3.0319265034343585,0.25918755121964182
3.0841633446938319,0.26010297052762388
3.1340293818712022,0.25913250221384498
3.1825761165402771,0.25786623556840493
3.2301396850238797,0.25748901743117969
3.2778441304174057,0.26194703952913279
3.3241636555269158,0.26171307391736015
3.3702006996830853,0.26914665031063051
3.4141712033810805,0.25701607652740643
3.4546523028583591,0.25689012305944553
0.20409215104869513,0.25487958945616818
0.39935642830757034,0.72521991665048025
0.51973815602786777,0.71997272795360057
0.59050688050603783,0.67891149567144493
0.87601859116454661,0.39692695927739807
1.2187333031062888,0.33504958718152617
1.6134931104648271,0.32036318105323441
2.1495440482046329,0.27560907224362641
2.6213039215910103,0.27693848812839356
3.075309583766983,0.25209113925644938
3.5121595586888006,0.28028611591057767
3.8234009567518461,0.270900886546036
4.0791891239218421,0.25441891893445334
4.3133598798068897,0.26601844579426187
4.5399499607510574,0.25792463750397226
4.7344599518301678,0.25187815007833664
4.9092154598169886,0.25214280512312515
5.0598040494480898,0.25330152018346952
5.2032749134902572,0.25352368287151916
5.3398453746502543,0.25477560324568932
5.4633751708577147,0.25107143378406838
5.577589861713153,0.25245462749902786
5.6816012793644006,0.25190004751036588
0.00010000000000000019,0.26708984327143132
1.814490636229497,0.30793962766300453
13.0724501751417,0.25904494939009864
69.362250732004526,0.25208695988566865
350.81125963369396,0.25044148828361712
1758.0562923553227,0.25008961504310051
8794.2810064678197,0.25001769439119687
9999.9999999999982,0.25001309375241593
10000,0.25001293802279534
9999.9999999999982,0.25001125788533352
9999.9999999999982,0.25001068420105294
9999.9999999999982,0.25001006901941297
10000.000000000004,0.25000944115253054
9999.9999999999982,0.25000763800111614
9999.9999999999982,0.25000746434340232
9999.9999999999982,0.25000605473139109
9999.9999999999982,0.25000557647341565
9999.9999999999982,0.25000625614044147
10000,0.25000357560008385
9999.9999999999982,0.25000449983362844
9999.9999999999982,0.2500039068094792
10000,0.25000401462169064
9999.9999999999964,0.25000348974025349
9999.9999999999982,0.25000300212219734
10000,0.25000239789879158
9999.9999999999982,0.25000256532050052
10000.000000000002,0.25000265509583175
9999.9999999999982,0.25000188955943614
10000,0.25000253898085106
9999.9999999999982,0.25000214900864376
9999.9999999999982,0.25000185457434981
10000.000000000002,0.25000213362033219
9999.9999999999982,0.25000119294106077
10000,0.25000163065772874
9999.9999999999982,0.25000119508215513
9999.9999999999982,0.25000110809203063
10000.000000000002,0.25000062616379948
9999.9999999999982,0.25000076341131811
10000.000000000002,0.2500017363884684
9999.9999999999982,0.25000091374841327
10000,0.25000125884170604
9999.9999999999982,0.25000106743295725
10000,0.25000151275579335
9999.9999999999982,0.25000091035038396
10000,0.25000140094458029
10000.000000000004,0.25000053120138438
9999.9999999999982,0.25000072215998304
9999.9999999999964,0.25000166949177199
9999.9999999999982,0.25000061536756518
10000,0.25000015289552863
0.00010000000000000019,0.26220704659374378
0.00010000000000000019,0.64648437500000011
0.00010000000000000019,0.64013671875251921
0.00010000000000000019,0.65083460605280274
0.00010000000000000019,0.65917968358475143
0.00010000000000000019,0.6459960937568201
0.00010000000000000019,0.65523777188700993
0.00010000000000000019,0.65820312499999989
0.00010000000000000019,0.6396484375610455
0.00010000000000000019,0.66406241375690012
0.00010000000000000019,0.65185546777944225
0.027492292293492752,0.9228144451805208
0.11066513681764442,0.89278830779510232
0.41971688305395644,0.6798376087424014
0.63147571196154528,0.62949451740984042
0.30738253490528639,0.2677378500954648
0.4499449696041164,0.8327201775268418
0.50263457213117069,0.82665207231813098
0.57436628182646032,0.74957152682783112
0.66395640077738494,0.77756940877915559
0.7165545281424659,0.45551393914421012
0.74764897519013673,0.56159942935635931
0.77905190634121013,0.55916769792244025
0.81164451717892805,0.53824498663101761
0.8608871422737886,0.36488539678822096
0.8748072402506748,0.58787998890427695
0.91049610992684471,0.36624932943118099
0.93751945662191671,0.32810878241960478
0.95921914326230762,0.33400105472843977
0.97537034259992517,0.32988141874089671
0.98712925318929057,0.33967121484466084
0.99924304773271544,0.33479520284888564
1.0130682258206047,0.34644864785302687
1.0265961594771296,0.32981714842745463
1.0377895449691676,0.28530696651872428
1.0445589208085604,0.34916431740323955
1.0509428562957486,0.35006225569148758
1.0586301202467463,0.30799439476414869
1.0653922892701295,0.3272096558762993
1.070353521586463,0.34774204370578854
1.0753827843064649,0.36525177073126408
1.0799933833107476,0.3501957418914925
1.0838386336487664,0.39259588567461773
1.0878721045205015,0.38148813744605248
1.0910466844428455,0.39008977919143112
1.0942660256083845,0.38495601004030988
1.0975971650967884,0.3769703526001279
1.0996734676954474,0.51806430094869549
1.1023335540734647,0.44793860537780172
1.1049494656080525,0.40799935669475407
1.108756128812415,0.47804749286019466
1.1116696906801939,0.64334184295239094
1.1140858834642937,0.64932475287346536
1.116084638615118,0.67119888686603946
1.1176950685068954,0.65738437865385302
1.1193020984591651,0.35867034171306711
1.1231252270927425,0.59435845296164624
1.1263580526423809,0.66221917018201426
1.129224462963677,0.68677474862171839
1.1309483089817973,0.38706346141022457
1.1322630043270803,0.44575829338073741
1.1330862657758543,0.5334340038226445
1.1340583485869939,0.56929445536637591
1.1352011204158787,0.44531283165615554
1.1373973597767773,0.41199778522082409
0.00038752389312939783,0.25542196653013183
4.0017748007107361,0.27410690793666259
24.008874003553721,0.25558835457489626
124.04437001776844,0.25120202430349631
624.22185008886845,0.25022843810836176
3125.1092504443441,0.25004302486368341
9999.9999999999982,0.25001363787574726
9999.9999999999982,0.25001341356477597
9999.9999999999982,0.25001080580111962
9999.9999999999982,0.25001000193137701
9999.9999999999982,0.2500115073575192
9999.9999999999982,0.25001004320340692
9999.9999999999982,0.25001126064243828
9999.9999999999982,0.25000963579198415
9999.9999999999982,0.25000962790423936
9999.9999999999982,0.2500074868052104
9999.9999999999982,0.25000690596103742
9999.9999999999982,0.25000639592090346
9999.9999999999982,0.25000737203926937
10000,0.25000646492965528
9999.9999999999982,0.25000654022878233
9999.9999999999982,0.25000747419195091
9999.9999999999982,0.25000566482916292
9999.9999999999982,0.25000552809054855
9999.9999999999982,0.25000418891314719
9999.9999999999982,0.25000407536330538
9999.9999999999982,0.25000399285820696
9999.9999999999982,0.25000315602655754
9999.9999999999982,0.25000417196646596
9999.9999999999982,0.25000446094896178
10000.000000000004,0.25000436632316603
9999.9999999999982,0.2500031158544741
9999.9999999999982,0.25000333191074869
9999.9999999999982,0.25000294803669604
9999.9999999999982,0.25000225341689075
9999.9999999999982,0.25000289822308153
9999.9999999999982,0.25000265022448342
9999.9999999999982,0.25000263842174086
9999.9999999999982,0.25000242273751161
9999.9999999999982,0.25000184473157033
9999.9999999999982,0.25000151485537553
9999.9999999999982,0.25000126948196477
9999.9999999999982,0.25000112719074941
9999.9999999999982,0.25000112713956324
9999.9999999999982,0.25000028273472474
9999.9999999999982,0.25000113253662393
9999.9999999999982,0.25000174870153719
9999.9999999999982,0.25000168346576479
9999.9999999999982,0.25000199180870991
9999.9999999999982,0.25000207480407338
0.00010000000000000019,0.25634839257827663
0.00012953425112874844,0.77490234374915967
0.00028048799226329546,0.76047480277199231
0.00035003252709722016,0.78125000001398504
0.0022511911258723265,0.7895101106527872
0.0048541685392826626,0.76736085573002299
0.033360559726581585,0.75943061628539621
0.074983150755657965,0.75846468820903135
0.090168871449205212,0.77486369981362091
0.46915308903908026,0.60769824015186302
0.95237696030401253,0.69841790476312371
1.2347854333666484,0.59370105174892562
1.4367980191810446,0.41403574311159735
1.5858683339841182,0.36561238846380739
1.7131915356769851,0.32825366450635074
1.8416873483611027,0.27181178092841268
1.9595513643004026,0.29458623038173515
2.0699172373498849,0.29005487988539697
2.1961407043918602,0.26324061329360832
2.3159257287041237,0.26808870950141034
2.4434580264822681,0.25835046496181335
2.5607931973499545,0.28062006819167851
2.6727223779387295,0.28265374178940711
2.7756998500946422,0.27548534027072552
2.883637269359022,0.26390209705419976
2.9850679065477732,0.26284619193420972
3.0815444105058862,0.26023687001752055
3.1725443915275999,0.26413013071118541
3.2598215130101451,0.27237940830631452
3.3478438950750613,0.25464888596498919
3.4328503483359185,0.25617786215719501
3.5137322965408897,0.25467135403286367
3.5932873562171408,0.25330440782000513
3.6716117727777702,0.25358330377523541
3.7479543352872047,0.25296703538684701
3.817004511087148,0.25865526439487768
3.8853598576651196,0.2610572457394118
3.9496405007907245,0.26635733745934925
4.0136859039782529,0.26097065851606127
4.0796788827142336,0.25686748365789824
0.043275715276538382,0.25549445527691461
0.11897360912373953,0.85766373475275104
0.16911171695639216,0.86021065383669182
0.2000519515963104,0.84488287728314748
0.21650198552744182,0.8402463233930747
0.22661744678644147,0.84837720324633614
0.23426173840916042,0.83674334692786667
0.49275523280875411,0.79339504555947493
0.55088643160968775,0.7569021917093558
0.66350421168481966,0.71299480777462765
0.78268874530814958,0.64680557539946393
1.4488334002018217,0.34528929564710453
2.4059403742291057,0.27755906915487538
3.2796313257494591,0.26297816049082529
4.3229941641646299,0.25534815144613704
5.1776905265165727,0.2576161150385296
6.0651474722865579,0.25378557625520581
6.9156875931407962,0.25438570520156434
7.7002200944407582,0.25282189911546515
8.346102853727654,0.25364088506793386
8.9712297634589167,0.25243194740519853
9.5066014866189121,0.25237738566560303
10.007472357143463,0.25107924841708018
10.46579475937234,0.25213906315894863
10.912486829901011,0.25156599496468496
11.328347335463926,0.25246888955848007
11.711053902149061,0.25250768350199693
12.082622342599496,0.25155761156930967
12.432136600122817,0.25093531916699663
12.763734640213599,0.25097119600038531
13.059205859835078,0.25088965162913257
13.335783720364692,0.25105504920606847
13.604223333692463,0.2505492348112312
13.862558922730869,0.25128639709773271
14.111721645934519,0.25095226389037878
14.365479261940198,0.25132933249917755
14.587393956755644,0.25020067430513832
14.799008353274345,0.25082069514617489
14.991963336333018,0.25097657236735699
15.175617584054429,0.25054366481449991
15.359925701721991,0.25037072084911099
15.53231159917037,0.25067093382413302
15.696566198856683,0.25074723069440447
15.860048354825285,0.25038965621670761
16.013316990462954,0.25066892499383214
16.158287693170038,0.25066340023625289
16.30629034273926,0.25026408991661542
16.449012237289793,0.25052240707822204
16.588844713346326,0.250687518769249
16.721961248537294,0.25081004620285963
0.0027602148589373132,0.25998324751765567
0.0081926336036786673,0.38520144944071366
0.023140966189500609,0.39258050444874709
0.051429733918943635,0.42351136163240227
0.15899109918333731,0.55054639611078859
0.26690673721876723,0.39388712117306385
0.35355030081405736,0.31073877801062139
0.42204853819339927,0.30866566955002145
0.49130926193047353,0.29194893990062348
0.59337505787471956,0.38863434424354126
0.70117402701616571,0.42801951497159363
0.78631255175343717,0.32834379689906601
0.84812521819718345,0.31391921351652219
0.92840348867393119,0.32677641451031425
0.99033574279116321,0.29250263145844785
1.0386709318598419,0.27876222007067719
1.0841025925638794,0.28014671752219816
1.1099114289176002,0.40683662025984668
1.1491083469116838,0.32820560694651751
1.1899236851842296,0.28607703518345728
1.2287249777078453,0.29150181182276252
1.271200536072842,0.29363181694542262
1.3052566414010718,0.27699116617100611
1.3381100049722767,0.28753892689957045
1.3690101751181989,0.27800362403900974
1.3988456263701063,0.27914510226554751
1.4244159345184375,0.28045810134497295
1.454361396553828,0.31518754858378134
1.4786150510742488,0.265388814901727
1.5017550306430449,0.27329696036302598
1.5264805703613975,0.27699516087926362
1.547936597179393,0.27138791404691198
1.568020006664165,0.27288461635171252
1.5874244690172281,0.266211220565646
1.6052751107245,0.26622003292546192
1.6222500280029735,0.26597641550787299
1.6390610420820724,0.2651538991210724
1.6543262637200384,0.26533172577263392
1.6695232100736601,0.27050437540568173
1.6842083989818448,0.2726090718599396
1.6985038520100142,0.26470179502642899
1.7120445508125846,0.2672111274537059
1.725444267617287,0.26616308091285329
1.7387504967277772,0.2726193749227977
1.7506814555451882,0.25810320462486225
1.7623798801856974,0.26627857496154522
1.7775962938037981,0.28975214295992335
1.7898904368689514,0.2624855595505865
1.8032961733065864,0.27397521828572646
1.8143539923296625,0.26353580064847154
0.00010000000000000019,0.26200807111599211
0.00010000000000000019,0.83105468773722313
0.00010000000000000019,0.82568359308573014
0.00010000000000000019,0.8232422293386048
0.00010000000000000019,0.83251953124999989
0.00010000000000000019,0.85058593761660439
0.00010000000000000019,0.84374999999999989
0.00010000000000000019,0.83544843237811794
0.00010000000000000019,0.83984374999999911
0.00010000000000000019,0.84326171874999989
0.00021158684043749755,0.82910181194717136
0.00057437594150472077,0.82200482448319845
0.12620117727690178,0.91985306572940473
0.39062393246162808,0.89957038736253347
1.1302545912317756,0.70130672460655807
1.5755525315724934,0.55466405814783903
1.9485519712050123,0.49187124807765209
2.2622437789437728,0.30819940960314296
2.5873841409776572,0.283611733564468
2.9064819977701131,0.26625803874685866
3.2597123131092829,0.25313160048800221
3.5988925245296257,0.27274998976973963
3.9754796335760849,0.25719222924001067
4.3549101613050691,0.25336244476750236
4.733549140457324,0.25261784405427662
5.1318097073932671,0.25409469009315472
5.5322077568166454,0.25195279517762104
5.9413576924631126,0.25214418574952085
6.3584045128911608,0.25179125073195563
6.774698991770375,0.2531886753205948
7.1881967858710301,0.25183025144278887
7.5974322758044748,0.2510833438007678
8.0061504851592336,0.25145575898287587
8.4243284726977201,0.25071870217665754
8.8414224819481522,0.2510954074932093
9.2464753996237192,0.25075203987980854
9.6602831859249108,0.25103414473009239
10.075082744534729,0.25051004080327433
10.494339268984952,0.25035993193253764
10.91232001186135,0.25071781457610942
11.316489263501602,0.25056395698531442
11.728191229007511,0.2506680228256839
12.142235206600294,0.25036342789225813
12.546877671821358,0.25026214363507687
12.956554737084504,0.2502824753239199
13.359686428995726,0.25066348949665518
13.765030476119618,0.25029545627614475
14.162518530674552,0.25101991113301114
14.561716250313507,0.25154484562843255
14.955990797192266,0.25073005994713138
0.012578988532738429,0.25956977181520458
0.026800904358590574,0.59893918932593671
0.036466732292826959,0.54804268314534677
0.039997382150194348,0.56012882304992972
0.051581064892484978,0.50918964264522459
0.063783434475083556,0.48327514083572803
0.064035801185567648,0.58031170484923433
0.064373678985251995,0.57901491625195156
0.092614663547215523,0.46138431140886366
0.12483569711015892,0.41475470309505991
0.16460198600329123,0.4268958812053868
0.21905436689635316,0.41188869558004398
0.27559224342043065,0.4095286033016573
0.27311131703555447,0.55289975626851318
0.31710399146142387,0.57998646434602297
0.35264440838708438,0.55135438202118137
0.3545153971032009,0.56008619497102097
0.3510520300693098,0.55482396836922276
0.33649203714650061,0.56029292621892612
0.44271037717295991,0.61162427728677216
0.511464317388027,0.54024846598690246
0.55059457709613002,0.54452876562693286
0.56301150652993792,0.52269132755028702
0.63356886946760627,0.79808020638429844
0.68994079931520447,0.73325600441834404
0.73356649810633379,0.64624791126539372
0.75325712047288229,0.37318694221694743
0.76279346093055644,0.32171714258489703
0.77526915828683474,0.52021707696282626
0.78586564282369809,0.52053784496590894
0.79565092854877129,0.50410501189902124
0.80337870304687609,0.50383785405931014
0.81551407266010989,0.54722904966410113
0.82620933957806231,0.54217737126376497
0.83498892125034874,0.32694904918014289
0.058616696175146171,0.25585486400926455
0.1018456189821024,0.58182954825753286
0.11990671710051123,0.55170890943259243
0.13392789887853934,0.56537795657998557
0.14106016487165068,0.55763460314593216
0.14486757846255094,0.54927570296708617
0.20294111503284448,0.56170460071470207
0.24162575933524943,0.53903816844055463
0.26103969466802135,0.54763862500953175
0.36045905780962084,0.52787990960756082
0.41196511237148614,0.53302683838032439
0.46066751974487335,0.54116169116602908
0.48065112644003727,0.52849407950981342
0.49265819120009363,0.53809887006337676
0.50006683545373565,0.52472551257949884
0.64468118437680122,0.83126995074429944
0.7222260704361283,0.79998900854821275
0.79071384907173137,0.60175586229145361
0.81862591215093006,0.52478754536744487
0.83414535971283699,0.31668699102002984
0.8486026982627517,0.47918248959184073
0.85979179028291053,0.54011491385780674
0.87088512699952147,0.49312090246734508
0.87809944731912881,0.42893592791905366
0.88437293771507708,0.37082546550318923
0.89025243995045344,0.33952252783562342
0.89615504707445615,0.32378606612326882
0.90158025156447752,0.31476351626534399
0.9081397146865019,0.39015936459626166
0.91445046868733604,0.3081919559636212
0.91983257657493622,0.30690916970951071
0.92780379203824559,0.5114653217612799
0.93420540871612356,0.49757666652745147
0.93930844667370583,0.33837584563434897
0.94355698137140387,0.2744450918910088
0.9476850151777233,0.27807159467234094
0.95161829185284907,0.38214682034583836
0.95550412698832377,0.28042890501293133
0.95985243614980764,0.45267537489480281
0.96351265124754892,0.28629090525706674
0.9667820715256934,0.2748269141593177
0.96983779887813792,0.2903806137545456
0.97302628622928422,0.27161809867599762
0.97596968703116671,0.2697930620875108
0.97859802812228458,0.28363938655262955
0.9813928609867929,0.30051879185130148
0.98415305959881993,0.34616552424826424
0.98674795938082871,0.26606742069820316
0.98919430665097008,0.27306486846180178
0.99155741309886769,0.27561051150780197
0.00010000000000000019,0.25927734375061062
0.00010000000000000019,0.536132812499998
0.00010000000000000019,0.5538742696915564
0.00010000000000000019,0.54002676401331651
0.00010000000000000019,0.55159164851580378
0.00010000000000000019,0.55029225121622449
0.00010000000000000019,0.54785166045518985
0.00010000000000000019,0.55471843570208001
0.00010000000000000019,0.56201189494620396
0.011992865897688408,0.73867395284380333
0.038829865584847675,0.56194935839202109
0.12080084875212058,0.54659385277657435
0.20976605036573814,0.46899278053202509
0.46631285071625034,0.744504334572338
0.67033042768643725,0.46097860306296362
0.00010000000000000019,0.26074220529192937
0.00010000000000000019,0.46630859361812832
0.00010000000000000019,0.43652343749930161
0.00042857539878845522,0.43807470415388206
0.0051118096307339825,0.50784276905087411
0.060221332800504637,0.58507122441065251
0.1313715017446111,0.46141591506256935
0.24889603701991092,0.44665574141270115
0.41195924092652969,0.43211155247749794
0.57317080969536804,0.35408581236744913
0.86423193856619618,0.42460044027433186
1.0701354668635443,0.37753532858549954
1.3340959502387721,0.32946361523536555
1.6173491427882332,0.31250548055523075
1.903831621062904,0.28698077612828421
2.1676264312879372,0.27361961838195836
2.4264238519182242,0.26518435850244487
2.7175408103359038,0.26719705631978952
2.9985289048193611,0.26616202120006888
3.249938717320759,0.26215943660594759
3.4785706261416074,0.26368176376389546
0.00010000000000000019,0.26216389048336036
4.0000742604371471,0.26005613819559315
24.00037130218578,0.25461358613678853
124.00185651092848,0.2508165011436671
624.00928255465192,0.25017184780854729
3124.0464127726068,0.25003449114918835
9999.9999999999982,0.25001006741822757
9999.9999999999982,0.25000966355451071
9999.9999999999982,0.25000881504365879
9999.9999999999982,0.25000727579921062
9999.9999999999982,0.25000697163998281
10000,0.25000669584258289
9999.9999999999982,0.25000571172039415
9999.9999999999982,0.25000446317594588
9999.9999999999982,0.25000393893487083
9999.9999999999982,0.25000396694051435
10000,0.25000317841122888
9999.9999999999982,0.25000319351088701
10000,0.25000315917070476
9999.9999999999982,0.25000272029836107
9999.9999999999982,0.25000261230570142
9999.9999999999982,0.25000234938731486
9999.9999999999982,0.2500013594799807
9999.9999999999982,0.25000145748961189
9999.9999999999982,0.25000088675182047
10000.000000000002,0.25000149125327248
9999.9999999999982,0.25000121103533929
0.0053599135952775443,0.26339355193383862
0.014909595872583278,0.58530465257953357
0.038695503149477631,0.58613461018165669
0.050893420170344046,0.57990341085487584
0.11298919850639705,0.34227338037645272
0.26407814919755984,0.55966342861059826
0.35600103034105679,0.54604938029246219
0.52816543676998662,0.69192703360473629
0.72335993782626362,0.51342660104511362
0.83647347064754052,0.42593750697302457
0.97337920060684957,0.56420544584073207
1.0992741028615112,0.36565158652786495
1.1895597686437585,0.31648895518293585
1.2593781886996109,0.27978619870649363
1.3366644658741405,0.3324821234829875
1.4013907387529496,0.2796817724937341
1.4563357539808865,0.26095071890403582
1.5106768677604359,0.26082613705661911
1.5687606678405508,0.28910125928333247
1.6220635975589457,0.29324869308825963
1.6693513510124074,0.26333344108974976
1.7105047221033811,0.25377897859484133
1.7476192660874492,0.27900853293820188
1.7837453845829572,0.25780492256440446
1.8182604358845156,0.29700404227261079
1.8531823475552374,0.2795311839682616
1.8821549675625366,0.26136006110784288
1.9118550630019775,0.25576217346021307
1.9395327955131321,0.25667249969146211
1.9653845623051489,0.26955819841833023
1.9910218150843337,0.25753305315513719
2.0143613319947393,0.26326375862026585
2.0369486809774839,0.28025116164174635
2.0595910638596973,0.25384429784817381
2.0813566521256277,0.25549548421974233
2.1013297397365802,0.26258076566818001
2.1208215399183938,0.25520677648397955
2.1397892408096908,0.27407555694512431
2.1574881105256543,0.25747211784323559
2.1755360071489718,0.2860103343152956
2.1914899550472922,0.25573724633794326
2.2074659766230638,0.26656285725928108
2.2232783194373766,0.25765847745946852
2.2378547097107235,0.2603158967412329
2.2521931940367459,0.25514301718103949
2.2655081641376453,0.26269439602299177
2.2792118476465255,0.25404999581183391
2.2919641088823517,0.25617908364728442
2.3041989746980232,0.256354957223558
2.31583788253148,0.25827566668165142
0.00010000000000000019,0.25390624999999994
0.00018566625616824506,0.60497622614101598
0.00033196367237800734,0.6255579939803656
0.0014592568724073264,0.61850991424636725
0.0068677140624331702,0.62127889783046497
0.010479016569971255,0.61988165874425483
0.014808818411245164,0.61648901199433115
0.016657245698640993,0.63220478484574627
0.066419839153343291,0.77609640567736027
0.10045767866498315,0.63187810325363258
0.14167293735862058,0.59370362122365772
0.16909696725752921,0.60717024293272148
0.18468697912572782,0.60717615361337196
0.21399850594569669,0.42622569638154667
0.30367167650795085,0.78451540048321877
0.34275540206307176,0.72899365783415049
0.37498756047805792,0.67776918363088212
0.40098518519242521,0.62740612026411491
0.4188408095867624,0.59859357737426866
0.16197206034517353,0.26230558183919772
0.30495512983004791,0.29731141165438607
0.3987130866574749,0.66586239089418608
0.52244227270951082,0.38643704929857137
0.60754691071334121,0.35434908828383377
0.73693212580736334,0.65022525406817799
0.79558432258740197,0.66379455498397943
0.8260937578707146,0.64819396918713523
0.89816869315533487,0.59610020906853145
0.9321481153556247,0.56751929724113193
0.99424406752456429,0.58703478617707061
0.99223738075016266,0.60460807643525172
1.0016166930155261,0.60268453472967132
1.0814119648270044,0.55496248173571805
1.1567209328474728,0.51882247290446537
1.198528099849443,0.32153583102499012
1.2248370667134783,0.32291046479117447
1.2508125101121439,0.38743510881491672
1.2686519710349706,0.25541355543996153
1.2824642175500025,0.27409132419078508
1.2990343289410777,0.28119708143746769
1.3131270882065555,0.28640821426183144
1.3269193005621243,0.28968127761839529
1.3389464183960857,0.29952952446346243
1.3504659691680345,0.35626120329145866
0.47397422872951345,0.26129668672501871
0.77098193952292104,0.35158363380657492
0.90602413681815408,0.71265942139634431
1.0101900232825574,0.5447139359750115
1.0935261684328426,0.44477768555529851
1.1619763086019201,0.42841462965183369
1.2289945630213919,0.36471893050142662
1.3048445604592018,0.33006970069891278
1.3575026861793384,0.3345139825607143
1.3997215285007596,0.34069753341386111
1.439020377165442,0.29236374401428528
1.4719938636442671,0.3011117678386695
1.4962419981880291,0.32430840178669113
1.5286538034018138,0.30879339821883717
1.5532586718778634,0.31868856909335663
1.5723083811468126,0.32263777663811233
1.5857653673413652,0.40066864449676348
1.5961446163944926,0.40980615505551493
1.6056881921355461,0.39249630163344579
1.6236649525007647,0.40816031432636579
1.6423879209354846,0.37323894931491985
1.6538403121292573,0.27241306556638417
1.6629453417692588,0.28005382087751335
1.6720029414228619,0.29024328738765709
1.6799299542646529,0.28620282677823894
1.6875444151331069,0.28760882918718134
1.6944455922706516,0.2820865614311539
1.70063824380256,0.28308856440285179
1.7064826277791427,0.28421107823894182
1.7119429823003076,0.28171701105955654
1.7172024388393794,0.27604474188331496
1.7220820171495395,0.27129197827150309
1.729049495277863,0.40286298789726166
1.7337337049425532,0.29507103729155515
1.7382670207491477,0.3216192066068273
1.7428003872724893,0.31469654589167456
1.7473376221893613,0.34592753232085821
1.7517606492759237,0.35731523991466058
1.7556131162335775,0.39382789398027074
1.7592686943205083,0.35556351222229504
1.7625355487404391,0.40878321758956115
1.7652654320261609,0.28894518151178078
1.7678122987285025,0.28894862025272755
1.7704839750527757,0.26439295185577272
1.7729320992492041,0.27598775734036213
1.7751559775360286,0.28679208562582514
1.7773603844643073,0.28522075290558707
1.7793963948820464,0.28980959919308086
1.7814327474051417,0.275778113317107
1.7833496321089157,0.27757301758502267
0.35979586409054332,0.25511563014228533
0.70717227421746776,0.31933483442534516
1.0773342223404523,0.3268509475452569
1.41064158205721,0.31219297982072047
1.6409424015318375,0.35504911710677006
1.8525580762735889,0.30243288895101761
2.0335950924650579,0.27349651032540251
2.1795980150895291,0.27012112373040176
2.3045737852511965,0.25429171603352069
2.4068709920099507,0.25793120606613823
2.5019357637150574,0.26585790356836414
2.5760598901796756,0.26682643607913487
2.6455924497569683,0.25895414577173359
2.7075442139703183,0.26564500093367788
2.7604802945710079,0.26995482919121766
2.8108249945383559,0.26311537941495367
2.8573657829817245,0.2693482762594841
2.9003262733241799,0.26293225928861735
2.9401008207916952,0.26979806896321523
2.9770595637290791,0.26599313977033434
3.0129924996089779,0.26824710274732066
3.0444875643005389,0.26692629055482264
3.0732453702189289,0.270418421729192
3.1002350151992051,0.26933549702992121
3.1264307733003349,0.26692087804289699
3.1507524048352744,0.26834640316193781
3.1715480770522273,0.27181403401010051
3.1919941067174218,0.26950991788434425
3.2101739016984583,0.26753760050684949
3.2272566445514945,0.26590067441727133
3.2453267839157767,0.26646966575389597
3.2614827404296767,0.26125276477378584
3.276793389232461,0.26948476108098302
3.2912013811204965,0.2648230128031635
3.3044139665966545,0.26635258863266165
3.3173339878994033,0.26520406265506069
3.3310766321617677,0.26918955240455372
3.343105816508154,0.26683020684067188
3.3541159476289906,0.26723339862660755
3.3650538201142877,0.26493018299186583
3.3754762645885608,0.26595956607614712
3.3863273404832359,0.26467225417982254
3.3960034127702823,0.26916710136344624
3.4051041468383478,0.26475350286326471
3.4137206133511615,0.26511043632099668
3.4218874643073667,0.26923203813739072
3.4300518733083933,0.26668809082629163
3.4376480702185548,0.2659151658481414
3.4452442017216702,0.26332591251333554
3.4523571626224641,0.26677193053868364
0.033970615784845594,0.25547906866389475
0.068545613694542123,0.37448615756362325
0.12443297265242627,0.37385774003606692
0.15230408982304222,0.38931949202831601
0.25600520634556867,0.56467733644594942
0.34128280228790675,0.57091136777730089
0.38126579495172558,0.55864522548690676
0.54475162844585134,0.577807444232178
0.66733994426619347,0.47677710943039492
0.75484496323443051,0.46161208798296549
0.88580072899084406,0.38232583244270252
0.98796177813623021,0.34154693255911089
1.0624789705563065,0.34127774146349421
1.1213004591960316,0.32239308032262859
1.1695829060712566,0.32233071086339798
1.2106454705860319,0.30892845495162585
1.2462177194084161,0.29691458032055407
1.2735028979389209,0.27851407431665609
1.3006757621087113,0.29128652139378525
1.3268376882988959,0.29143026990371723
1.3505821837288225,0.31503265007639086
1.372325302481012,0.28391647969498324
1.3909123592552128,0.29217411322998205
1.4088051194735227,0.27088097816179463
1.4268960141811229,0.32038635870113841
1.4420824955057201,0.27805050813721488
1.4580509302597742,0.26673177152571442
1.4732662613415983,0.29338950328431829
1.4870125293588079,0.26618644361632776
1.5001948208057532,0.26886293904732733
1.5116353861569078,0.26296020896726091
1.5228773017120039,0.259660012790975
1.533631839323838,0.26734539281105002
1.5442256911106687,0.2677882217055163
1.5541675940149344,0.26688284409845769
1.5631795387734415,0.25624142518536647
1.5720751424279906,0.26443759103816672
1.581640332386804,0.3083984929087128
1.5906368821961676,0.31044749697547536
1.5995207925604138,0.27194489660194793
1.6070424434796173,0.26339276696389036
1.6148778815500495,0.28414408024027149
1.6219671104411248,0.26626858963005484
1.6289158941756383,0.28801225816027914
1.6359769312227885,0.27311171494013575
1.6424947627509978,0.27397045802464415
1.648970616468326,0.30545783942217308
1.6554371773038399,0.29597097770038938
1.6612878431649709,0.29008922216925115
1.6666942222653045,0.28861578881917715
0.0024322280816392785,0.26867845477835101
0.012172126419652414,0.49834371878828121
0.023561241585303164,0.72940414558818067
0.062821215859201654,0.72408963185365038
0.12362608981823682,0.72957292879812541
0.17614512162701124,0.73204306424832088
0.23188214002033453,0.70899843552946673
0.25762225132592187,0.70999283574448224
0.2712450212087556,0.70191117988846508
0.28100868713498223,0.70896854796159992
0.28549858587170995,0.70754362582546748
0.28776492201594023,0.69188925625296194
0.29075502819806837,0.70642782847238628
0.29619865530394673,0.70051568216669169
0.30014147204288461,0.70138890225059836
0.30524401867304485,0.70165025445394469
0.38290500137442363,0.67722765684710606
0.41943518313342276,0.67501563366261275
0.47445230226500312,0.77148044235461477
0.50697191188736068,0.64164533618556974
0.51248849280209452,0.66016181924414052
0.51818800444352708,0.63884211924474965
0.52339382309194726,0.63404371042082863
0.52967554676726014,0.65436271435791449
0.54801531844157692,0.59286736628023218
0.61648495301649398,0.35301086224541089
0.62754343594568218,0.57733747988091866
0.62978069482098009,0.59644991485651055
0.63463390166432188,0.596328907773094
0.63514606770169468,0.59257058670624607
0.63981314530076727,0.5942549901108849
0.64233683696819932,0.59447047022082755
0.64363542330174317,0.59502553308703998
0.64511358367213834,0.57173834390255629
0.64809398549647623,0.58609187997433077
0.65165106337875878,0.58203561327522346
0.6548594117618538,0.56971362690291627
0.65948794722289539,0.54567797378280125
0.66470639108002283,0.56160803151409711
0.6686184375626506,0.55596107540232509
0.67255165190147359,0.53653140659286225
0.67604406443106779,0.53106216764930236
0.67814393992264266,0.54367728951062511
0.68304594039008004,0.55019099268082672
0.6855645242472147,0.53264322058603708
0.69203867229458327,0.53487311642290236
0.70016341802389315,0.5201298136794279
0.73472791886941047,0.30451083432655718
0.74198303733914495,0.37590720904945474
0.73324853368448273,0.50184595345204985
0.0023783946768038047,0.25901119183356214
0.007546753298523049,0.66031707120448868
0.011193891861829428,0.65135642581094455
0.030828896579162077,0.65812877845006079
0.048116688494110882,0.65331616985056795
0.15327875129731533,0.44452331096828768
0.27257959038840429,0.65510705339336373
0.3296922431776339,0.6508400544212195
0.59121852347767645,0.84884816331428203
0.80220380939999014,0.42759563170309545
0.85921977172940434,0.49768369836324527
1.0258004852654494,0.43901531364444468
1.1425339518076174,0.46477134156273942
1.2144149469824086,0.37576026221224862
1.2693238901041439,0.32733004055995235
1.3246419245156569,0.30021390055118152
1.3931209754316796,0.29372081384303322
1.452726452757594,0.30817911745393939
1.5048678512961662,0.26843361141371175
1.5616700466670999,0.28407083453981447
1.6210911748035501,0.41009134772916078
1.6792156474986104,0.41192147546713714
1.7039245611082869,0.40460471074929538
1.7536197632790476,0.32576243613364203
1.7947683689231755,0.3729929126077331
1.8376693275623945,0.3004099913426091
1.8770587829277126,0.26738189315608751
1.9129314196271121,0.31143266660550228
1.9484762472061918,0.28197966305389061
1.9836065563912171,0.26683976952881228
2.0141692353102112,0.26646367614896754
2.0429200663327127,0.2673402817211884
2.0696193401570362,0.25938663811850482
2.0975729162873096,0.27780063055602
2.1226394063114311,0.28466910701560738
2.1451667400829235,0.28969106199306455
2.1693985108171185,0.27159945714773936
2.190352698418025,0.28320749253935951
2.2098098681571336,0.29092305809756336
2.2289937405166764,0.28038401578511335
2.2464645766257743,0.27739100104547137
2.264688567744042,0.28272090122102783
2.2813006921060581,0.28053111615121873
2.2973112933661537,0.2774907111782276
2.3131641358255508,0.27532802584989724
2.3281871662045557,0.26394344312906232
2.3419381346371653,0.26960926152905568
2.3559316501574656,0.27637802467658856
2.3696743180234998,0.26580880978638644
2.3829645116593881,0.26698067389416091
0.14105919428244482,0.25910231193884559
0.246086414400324,0.302541772058738
0.29491386905663336,0.89562455287075227
0.31328256425001144,0.84213204709853329
0.32472922876725108,0.90299763910106412
0.32927410089542397,0.90129218985480963
0.38408027933001337,0.57875771621973748
0.43470329152596965,0.36269576618136251
0.49021846474180797,0.42458500915874642
0.54051132942316948,0.37370634418025439
0.58764689975179207,0.39333020263036572
0.6353166150288212,0.35341066900922669
0.63160862401233109,0.78964158246915106
0.61008182421791224,0.8367742667855812
0.60026017969772905,0.84554272076996939
0.59411863300872336,0.8499767280824494
0.57846731678265439,0.84965577389929858
0.61790533675714499,0.78170566907485528
0.59647323821574583,0.83681659899823368
0.58780422331853488,0.8468195056390001
0.59097668460262998,0.84981647202064214
0.58766608086557781,0.84794932026444358
0.61972174289998538,0.74751148769614817
0.58388258666493353,0.8338414628727312
0.60628620190963656,0.67870201184014078
0.62441282897244987,0.83563086037926548
0.64551800742861642,0.83984452377040497
0.73821199241119917,0.66961637798567708
0.80910203238842882,0.79191270626334809
0.84113979222191793,0.68059144641540059
0.85970213004507223,0.63025541598935142
0.87188991476442124,0.38905689588669423
0.88199026103144296,0.52268970877278897
0.88264367154973566,0.7656857232499239
0.88335356906408902,0.76540533517973552
0.88401914568786721,0.7663466137192726
0.88355618390102986,0.76453341875113479
0.8878117269110436,0.61391315100179311
0.893343726985251,0.69326489712772743
0.89838302340972853,0.74544319785311774
0.90085615969089283,0.76088649762833616
0.90247565531565566,0.75612568850460538
0.90746786161728132,0.58830429239306758
0.91227431643733503,0.7246639786126492
0.91742172151978085,0.45225640881082418
0.00010000000000000019,0.26416015624999956
0.00010000000000000019,0.54785156250075651
0.00010000000000000005,0.53030303030303416
0.00010000000000000019,0.54003906270900581
0.0027479431870641451,0.55059013266693091
4.0137397159353174,0.34730629998934082
24.068698579676568,0.26111937045453426
124.34349289838336,0.25189352837333268
625.71746449191642,0.25035731243362558
3132.58732246002,0.2500706775905327
9999.9999999999982,0.25002209227432837
9999.9999999999982,0.25002046017910712
9999.9999999999982,0.25001901781794372
9999.9999999999982,0.25001741001432964
9999.9999999999982,0.25001675911772775
9999.9999999999982,0.25001546906487498
9999.9999999999982,0.25001476700698888
9999.9999999999982,0.25001304540253821
9999.9999999999982,0.25001151490879059
9999.9999999999982,0.25001144667984293
9999.9999999999982,0.25001099691643491
9999.9999999999982,0.25000919929716958
9999.9999999999982,0.25000883300440335
9999.9999999999982,0.25000933378061407
9999.9999999999982,0.25000769370964382
9999.9999999999982,0.25000799029609155
9999.9999999999982,0.25000660222513527
9999.9999999999982,0.25000797914042711
9999.9999999999982,0.25000560691359264
9999.9999999999982,0.25000522154009464
9999.9999999999982,0.25000520522230585
9999.9999999999982,0.25000470780008277
9999.9999999999982,0.25000410791115513
9999.9999999999982,0.25000429630086407
9999.9999999999982,0.25000430451212208
9999.9999999999982,0.25000369130797739
9999.9999999999982,0.25000466417231232
9999.9999999999982,0.2500030732422418
9999.9999999999982,0.25000309410826532
9999.9999999999982,0.25000266421163531
9999.9999999999982,0.25000333122286533
9999.9999999999982,0.25000147249254712
9999.9999999999982,0.25000228720462336
9999.9999999999982,0.25000375503663591
9999.9999999999982,0.25000276706929242
9999.9999999999982,0.25000327946957429
9999.9999999999982,0.25000249209526115
9999.9999999999982,0.25000285928026394
9999.9999999999982,0.25000253730096184
9999.9999999999982,0.25000118235639068
0.17635275343835841,0.25453321743648211
0.29866325354523726,0.36508740179500526
0.3815904407956035,0.54411542195012663
0.41935203046680314,0.75647474939950543
0.48010450568158114,0.69121722701153654
0.5513901298166215,0.52254144946629533
0.62588910697331412,0.3852333106285234
0.6824120478363499,0.40377382153477248
0.7172096381379518,0.33517816130036987
0.74766299405041714,0.29457962801137111
0.77562078497535225,0.61576267302358179
0.79606899740247006,0.32456369747343183
0.81317967534348157,0.26797449288672426
0.82150236843545366,0.45698981255804277
0.83403015248930323,0.34705532362517788
0.84575559671779377,0.31803423355602267
0.85458519657810594,0.52262776723480397
0.86871275813635163,0.6034392365792125
0.8818603602952515,0.63517102392111868
0.88883987041361179,0.63424905120899666
0.8950412869471136,0.45219281840019476
0.90121969834575288,0.59661680606720136
0.90616546663656239,0.61950634514117242
0.9104809513079668,0.54880275029633974
0.91118704467774525,0.60188485681724635
0.9117187537107988,0.61330212153703978
0.92235496556594332,0.56733554305403455
0.93234983093344437,0.66082800507776718
0.93978791393886096,0.65363620342920636
0.94556365431382194,0.6301545101265067
0.95043759685666906,0.42453714649530871
0.95519824388089836,0.58514705059801175
0.95881446806905757,0.60400864259390175
0.961246930899741,0.58550433837788085
0.96321198175897993,0.5106957186493799
0.96536559005601497,0.38699117513722758
0.96768300735954715,0.35363713735852731
0.22264752351780015,0.25717388750948023
0.34976039546638482,0.55096793091458696
0.46411390854429058,0.55064286987717781
0.56419868138198248,0.4750934219666737
0.67651839031849637,0.36983823296893242
0.79193917018091731,0.51801523492621881
0.91653036268548005,0.44262293606175251
1.0026749098749046,0.40213685406209848
1.0578216981670849,0.36886379977257189
1.1026253048480943,0.30670353518042692
1.1520754921570022,0.32227982069261851
1.1904749351818933,0.2817183623061319
1.2194845329669199,0.27697950366094493
1.2450472706443474,0.28046269456532025
1.2641288572702702,0.28305185846497671
1.2848657807473776,0.27664706581127291
1.3025010322202077,0.26733505608357455
1.3188526392512698,0.2810810473087747
1.3329720234292592,0.26584798818694716
1.3458744774212172,0.26932874875958301
1.3598091428143693,0.2952835567535062
1.3717970721551522,0.28707091332598139
1.3829621756234611,0.28945375973553339
1.393334320502476,0.29416257340619456
1.4025097739864156,0.35331732716237235
1.410785699040034,0.25590968942944592
1.4186215343509541,0.2640123906765427
1.4258304718955888,0.26841853289315465
1.4318289748108177,0.284117170801375
1.4380692456321025,0.26013041064700793
1.4440195359961416,0.30281960212234321
1.4497751949429685,0.28125732060025171
1.4555610594413682,0.25303657490623499
1.4601364910148888,0.3345275941437495
1.4665041992049148,0.44099591027451918
1.4710790419783693,0.41357090651927009
1.4748006008598951,0.41658522840933099
1.4787237455111331,0.2653094952504943
1.4822677537115956,0.36866950197115933
1.4859616360636432,0.28540206379454952
1.4896157697697923,0.27521067193075122
1.4930108137353648,0.26557818778110459
1.4962117407916469,0.3200540759417827
1.4993466573504113,0.27281686522177861
1.5026119821609716,0.28721081860431469
1.5055813120082893,0.31104012136783188
1.5086588237779028,0.27997341655661656
1.511638498970193,0.27044508887034563
1.5144300014030398,0.26914486089932249
1.5170550224446813,0.26604109897690686
0.29879521617821336,0.26467273460665647
0.47344134272582467,0.56800582150759638
0.59439325989688796,0.5048250731445032
0.70858626070446706,0.45040166646170293
0.76924541068258234,0.48364889791921417
0.81028555221897691,0.54113416878032006
0.83635610139172356,0.53006608622500884
0.90049629667609199,0.31972084292248082
0.95169207744232875,0.40636415300141587
0.99371757670592609,0.37298263245857421
1.0350582452698003,0.29042357939638003
1.0665989216957805,0.30259152530744837
1.0933025027506273,0.29534501184314393
1.1130640410395303,0.40249406580088581
1.1341234384991461,0.28986777412626008
1.1449270756672731,0.36440177324547068
1.153581921627868,0.37463864437390076
1.1649731854300094,0.34771889927066751
1.1774925910099179,0.30877975250791201
1.1875613972517725,0.30460555189468785
1.1966574462501263,0.31189610194603423
1.2054543092134673,0.31426455771667117
1.2129718334498802,0.41027414162770998
1.2181259066546204,0.41414653532903833
1.2251692703632928,0.28399860346524136
1.2318339665726235,0.27156699306817361
1.2389389473343813,0.26871077933353632
1.2438067340167909,0.36426044955898135
1.2475323079799807,0.38326979332948097
1.2513082771144575,0.36487763147495633
1.2556077984574561,0.35468981911776004
1.2644982102582329,0.3287098460767941
1.2699810837023933,0.28583304796515319
1.2753320808060662,0.33385133107343462
1.2799024331164131,0.27838591931664763
1.2820483804143472,0.43300664248183274
1.2854921562492305,0.29164902454980524
1.2883240590246703,0.33085901741838186
1.2930559429651916,0.41649913427439861
1.2959533415839493,0.29404889182237248
1.2995070965683655,0.27993671817138699
1.3017254915026553,0.32145678561519192
1.3037668827126803,0.33446583190994256
1.3056990587224633,0.33805861053407199
1.3103608485219509,0.50545189078040775
1.3124946392379615,0.3155490780659625
1.314286596535615,0.3255363787864653
1.3158500246476299,0.33098033112715047
1.3173552573699729,0.33547660475210977
1.3187714788058218,0.34052867247558077
0.13222592796707916,0.26423472340829174
0.23750952206676262,0.33320771047723619
0.31235011846799243,0.65469667192987258
0.35933279929734224,0.62784612077817992
0.3940833192851031,0.61910514945088457
0.48214730398528421,0.28436266398175647
0.55995906090510084,0.41444593159146198
0.60066016870254269,0.45438130685152295
0.65021492345010978,0.31011827444218348
0.6807351178876393,0.30829054768740027
0.70297554288259345,0.29608594185115378
0.7224852166109863,0.34812971013089355
0.73891273869223184,0.31760336714523546
0.75660510956355775,0.34433430035919299
0.78262115444808433,0.29439415068542807
0.79652793987031034,0.33157767069194344
0.8078311747094874,0.53554724970865886
0.81482794700120098,0.54896094942999352
0.82222891459347613,0.51927040422082771
0.83320247009920734,0.63942177761809305
0.84779695592422077,0.58672463006991105
0.86059334753269234,0.56589695080857216
0.87795378807030522,0.62185516974838373
0.8932383571222412,0.63656881448424685
0.9033302288465288,0.59957446284541505
0.91063688880777649,0.38367244368966269
0.9167474755136702,0.54802373496311974
0.92164727080415054,0.35282383129671974
0.92774620607623137,0.56743878271686388
0.93233153765280097,0.31564097022810234
0.93620234040578121,0.35263676725113779
0.93962038501172263,0.31284098988753312
0.94289843297616949,0.28575689535206711
0.94552652687786776,0.48431624197941925
0.94835848882812035,0.41427306183744872
0.9509487379152779,0.39945940799605062
0.034147739868403859,0.2616030153206631
0.092853634617425601,0.54053846686853513
0.23035710931986697,0.53223085230166534
0.35749965491863395,0.50413414264426615
0.87951295578142463,0.43250709013850713
1.4581218405182654,0.41366219611437083
2.1295584217867036,0.37587582408649522
2.8490560225931376,0.34512523087298441
3.5379679632518237,0.3026322571498179
4.1138872074237387,0.29282547198088044
4.6664273355098169,0.28196942144996051
5.2200548035405934,0.27631237564107042
5.7791431493437635,0.2708576634902391
6.2104930196139225,0.26793937205172857
6.6157620042139218,0.26612026886403545
6.9920825593888676,0.2642499765731911
7.3413136233619554,0.26440640097693618
7.6656948493967736,0.25950736844930117
7.9655730736139976,0.25905145351955011
8.2436262439633943,0.25724364104371639
8.5087809784418251,0.25831104688077472
8.755320982787449,0.25584725131824132
8.9933412007154807,0.25500307355466195
9.2083516135135444,0.255962972971292
9.4161575334434495,0.25479993946322527
9.6148420536922217,0.25409523408218837
9.7997187162283552,0.25471468465620173
9.9741151299053961,0.25309056975533362
10.139211906602004,0.25466736426013264
10.299735539127491,0.25277452710602033
10.45174344627468,0.25214846803708979
10.598228661001732,0.25168251619292831
10.737224242944279,0.251269557149704
10.869949555089992,0.25156788895815252
10.998845099482892,0.25150372217776262
11.124420709931073,0.25282733020191095
11.24251285340071,0.25203698377146017
11.35702172302075,0.25143319588153795
11.465817925423622,0.25182855691384454
11.572169544735541,0.25180582502400811
11.673779490608673,0.25255476658092463
11.771410992092498,0.25102485443895811
11.866132713329275,0.25120579922224484
11.957038498849236,0.25106319003433941
12.044211983706614,0.2513182694236607
12.128147724619748,0.25097648988523313
12.209647855652344,0.2512997568972743
12.28878395409161,0.25218072383044005
12.36545824726992,0.25160065920902086
12.440443553233585,0.25161951680167371
0.17484023517624256,0.25987762103145606
0.31298039389055687,0.38589121452492392
0.3638905891383486,0.85525922653574393
0.38348985269719305,0.84056363366994002
0.39183209641309102,0.8506465145492339
0.48935603984365589,0.77513207121956818
0.5394742713048557,0.83065148900303698
0.57286955595334277,0.8209658883294122
0.63786817030100307,0.34170031335699474
0.74482518447843094,0.74891536819684801
0.78174097392283981,0.76561545285377341
0.81821881847640987,0.72852140964752055
0.94137387727344879,0.7272386688710003
1.0140092396084173,0.7364810918627539
1.073791863340088,0.68084731732266834
1.099987709545563,0.36377222275188947
1.1154596983082585,0.38579486375732996
1.1285384773761034,0.34277142597626092
1.1411171549389705,0.4134161323347918
1.1508197340698587,0.34308202824350398
1.1594288617348094,0.33620400620771079
1.1671848713907835,0.37736037998894512
1.1743410980243245,0.35078962766888666
1.181886378834486,0.26840593543370683
1.1879187602194661,0.32414748814473188
1.1928385974283635,0.31854775146649439
1.1983782805226562,0.32810404067780363
1.2036309384446309,0.31925861306361203
1.2079106731177784,0.31622276448351883
1.2126364629176245,0.28950319870760483
1.2173933493109521,0.30966369871686655
1.2218328722538461,0.29875373038080827
1.2249333951467931,0.31955417532814129
1.2281887648478913,0.31042945182185783
1.2311758109342668,0.31429946848372142
1.2339847461761297,0.3471367918796564
1.2370453828370418,0.30372883810424656
1.2413004707651218,0.30423816919934293
1.2451375758660665,0.29264601524252676
1.2479968473975211,0.29072432263975867
1.2506422004327633,0.29621481569075214
1.2535585468367323,0.2829294099398969
1.2571289893183586,0.35722757301218289
1.2599729381994842,0.34341753679237663
1.2633021735856886,0.29246958307180027
1.265431511500827,0.39234764973943725
1.2684948829857885,0.2537091872664527
1.2706712245783949,0.28561021377843504
1.2726439924120874,0.28135809077797347
1.2753191536335313,0.29715660107237329
0.38287913659844336,0.25377002336083943
0.61423583275925697,0.35315249789610481
0.74979923347467015,0.35136916732579326
0.85064712032328516,0.29745259103455296
0.93834156746703679,0.4593827891871054
0.97075474030867781,0.63094844687923479
1.0420163578185297,0.52566556881294901
1.0829998694426723,0.52502706069245675
1.1297605475255386,0.36568475286031632
1.1663240916893527,0.27172710130410682
1.1948841571771465,0.2792338438889041
1.2189755558397448,0.26135805945797225
1.2372113599909267,0.37091558124750429
1.257014643375439,0.31910179347721584
1.2697021872462437,0.40743366901724443
1.2840239719771553,0.34827152324408411
1.2955175851913618,0.40513537586259663
1.3071033753773216,0.29900690010898762
1.317742089062564,0.28347077758927819
1.32821620625,0.31245648996221187
1.3379802970713239,0.32588566702182614
1.3460071834748817,0.27613332348284519
1.3535932932427095,0.28780479248490831
1.3582652358840031,0.46501904334684757
1.3633610276557644,0.35674808422417237
1.3689219842568434,0.3188343833772449
1.3743736735771526,0.25682372055072772
1.3787025703579323,0.28458833405884448
1.3832569289433381,0.28642637217571337
1.3877901792793192,0.28081899205693217
1.3919214118829997,0.29337441637583206
1.3964093212834738,0.3900814761961891
1.4001034951227573,0.36202283051026735
1.4037283092292456,0.30805329658614133
1.4069084939326681,0.28929950142657179
1.4101283854696587,0.37239142422677241
1.4126671737186915,0.29844570769371781
1.4153491437687609,0.3629307315016217
1.4176255762998828,0.30020877842829163
1.4198983793738365,0.27666433542497748
1.4220949382289447,0.28252762501177436
1.4240694207257611,0.2846911608932437
1.4261129694115,0.36490422983566823
1.4279589019859293,0.39745816387599309
1.4298396659182959,0.30083140236150524
1.4315585542506957,0.29737824137125873
1.433209668223931,0.26225189027388668
1.4348920287220333,0.28379481765626186
1.4365314914313088,0.29584236159947219
1.4380620339829417,0.28805624817278125
0.076783396477180715,0.26587522308064565
0.133064478113881,0.68656895803342677
0.21430231410837969,0.57853843188722476
0.22484879917724426,0.66100355966907265
0.31786163104993093,0.64340762994971923
0.40755086292447706,0.52709801481247831
0.44101253947031982,0.63196067772767039
0.53828364995139988,0.4173034820253434
0.61996414939044175,0.35343808117180164
0.67396302423676924,0.34913014866693515
0.71922454223684951,0.3808529348237451
0.76172323864342151,0.34269327716577591
0.80216560185017771,0.34485760352788736
0.84372837833497871,0.32195700243798708
0.87749545382348693,0.32227051740455998
0.89927885925769435,0.40442415543476645
0.94072098888650457,0.53279883112037874
0.98067545319037719,0.53770845712890669
1.0058487762429502,0.53825514729776869
1.0350002800844595,0.36629044927878546
1.0505249073680645,0.34782868353892321
1.0570461605960395,0.40983583392310519
1.0678259629484206,0.32498795257031426
1.0847297850864726,0.38501276784362165
1.0965900492834384,0.2860225314379265
1.10831257815065,0.29679821654423361
1.1206431396141299,0.29918134601899732
1.1313147229578027,0.28666283335988557
1.143227589017648,0.30421852103015601
1.1543960853214803,0.33622648267265653
1.1644776365916156,0.27000359748042446
1.1721350591369237,0.306760084786804
1.1784459356826884,0.33598256748301314
1.1843906822644201,0.31395147311074484
1.1899989529474448,0.29857141039467977
1.1958070765476183,0.32961838212737993
0.0024304621696088109,0.25383112465007823
0.0091217483282455061,0.83613480947287755
0.013080475374548366,0.84399064677607805
0.01674507349020618,0.84380085007577765
0.052974719304341417,0.8484763367519218
0.088399718610316314,0.84763158558974327
0.10362190759986048,0.83750170093340959
0.31133109841763801,0.81274171308578524
0.68149369244953806,0.53505643502294209
0.87821053720090125,0.42896139264372735
0.88264707266718911,0.56944677305589786
1.0300566920037091,0.55467679165454198
0.9945971894036526,0.64279253159569705
1.3272081957400639,0.4719863526241117
1.66266453987989,0.38592522741339641
2.0868632259044633,0.28476070192208097
2.5377674036657312,0.28893361264406164
2.891830176240485,0.26564728152151035
3.1976908176520746,0.26442221887786604
0.47591251027181847,0.25445985236165214
0.87112114694940357,0.29379158467073646
1.1538479531421597,0.28123690239989557
1.4623150157560647,0.30164471853060471
1.6954046124769222,0.2922807120143428
1.8874998851500788,0.28276578963207077
2.0368018791741269,0.26353896330816817
2.1539068863964941,0.25794218703111871
2.2517364004073395,0.25708305005320387
2.3293641933309424,0.25560868464731978
2.3957068396278212,0.25456309157249341
2.45627725859541,0.25351857755144563
2.5081749682218435,0.25301238782352964
2.5546218773484837,0.25545207565415612
2.5968565338029448,0.25816052363009873
2.6346100081536159,0.25507691463259335
2.6685942487805652,0.2563589705901963
2.7003370235809312,0.25783259534857578
2.7300569582171765,0.25427527085938223
2.756476759587172,0.25855293296145015
0.061088767919312829,0.26117926526445917
0.11596490732765086,0.74580536463239711
0.18780909097522941,0.4517250154073183
0.25507732536066119,0.67185394559193456
0.28591211279021506,0.84208470532371171
0.30223718691569879,0.83902285094279438
0.31124569862480067,0.85008522243675744
0.30935103735983976,0.83961468929085359
0.30886536270351206,0.83525432166745883
0.44072567357080816,0.81214144626856211
0.50867176255738489,0.81118185764019934
0.53453698779374936,0.80780431379042739
0.51987703855310508,0.71191207949427593
0.52476064268755129,0.80274080713524509
0.58757099847119565,0.65217175677826422
0.57289432126820028,0.76287975185444534
0.5802067967987059,0.7605540687384329
0.73912176858401479,0.81066011165155838
0.83101566802320481,0.78501557408933409
0.88397107258670982,0.72831637222308887
0.073372098982441708,0.26238602744665196
0.12474695644670772,0.6061162249572728
0.14584068648837073,0.61970161769493448
0.16161360837798999,0.61128629912256593
0.22464801315957006,0.5813521266063687
0.27120899824080824,0.58833939272885583
0.38472153377356072,0.60055143006220446
0.46655054264153595,0.56489591960063301
0.62019094077665871,0.85063370609275368
0.71455623586501604,0.65782264673050928
0.76863648661803574,0.55906717242961435
0.79919202669987977,0.31424231033098238
0.82179163086944595,0.2912215184079775
0.83614700757136906,0.50659727486991857
0.84910543610456946,0.50154224249469703
0.85685923735125624,0.48980827823093903
0.87150922125469354,0.35080762825412787
0.88559876557536688,0.48155197772248953
0.89683190703878202,0.4801115460465038
0.90933987950185635,0.34208144042032895
0.92004377221611999,0.34670652565264704
0.92903931089185343,0.36720979411981958
0.93519380431747967,0.45262123976162077
0.94414172169841937,0.35617171619262872
0.95284380278665448,0.3576483771498839
0.95995059829049756,0.32939208228951128
0.96603844447336629,0.3641328718368097
0.97480140670696558,0.43705798982467203
0.98224453853725247,0.48161265028124939
0.98814161936742739,0.47119051876181489
0.99213196044876373,0.41128519831098204
0.9972440039669801,0.27457007253761501
1.0015530326651347,0.33428146558219241
1.0063096330148011,0.29949109351135544
1.0112364770398163,0.26884695478330051
1.0155571725314476,0.37890951670151068
1.0197812190750457,0.44028301820461313
1.0231056227416826,0.50220984657030265
1.025923863068793,0.49288627411888247
1.0291345421218403,0.32124317611633058
1.032545414744535,0.36343296235686512
1.0356101719712412,0.28631673101876037
1.0387099552368837,0.27900635077371644
1.0415142555866539,0.2892753411873133
1.044427484587902,0.28992359596997452
1.0473172724268252,0.28547318335969601
1.0499414356949759,0.33898228948044917
1.0527059447986402,0.32562706992360402
1.0552843438062174,0.27831252042464738
1.0575841334421467,0.34079905113391928
0.021399413118624366,0.25503980257012066
0.054965984935370318,0.41733542311965
0.0984356177354343,0.73441973737552724
0.16195987366740416,0.86200173266354874
0.20023837168754277,0.8465814249675534
0.21015507217440163,0.84647684993871597
0.31373988657055829,0.8300038601483023
0.38323010338808583,0.83509151011080696
0.39654640385694606,0.81887021728478071
0.46081450804374069,0.81027501090111265
0.53744758585769048,0.79890912698971728
0.57173125338653685,0.78351534388169519
0.59465179871658846,0.68240106088358776
0.60703541058506605,0.77435495090179829
0.61815488264781959,0.79049430304374257
0.62632496365774015,0.77473859341462192
0.66573551835136335,0.75277730797280684
0.71110113242788997,0.78705576870769367
0.74157845360867292,0.77216602770405263
0.76271916977391752,0.68844874484940399
0.77791877461492565,0.73327751478783532
0.78926562835015246,0.7347270461556854
0.79533886625243722,0.6957621494948798
0.80061258948695002,0.72226934901714779
0.80509285883750603,0.72583859293348274
0.82041761614975883,0.69743469826977722
0.83244616317152642,0.71205932260642202
0.8423249523922226,0.38800395624881789
0.84497497599428661,0.65137878863102383
0.84791785359328831,0.68908025310174348
0.8497764772387506,0.70681473133124439
0.85094715563139633,0.69459970996521336
0.85369982021917945,0.69233446187538683
0.8552407308094121,0.68652843270584163
0.86078772897521738,0.55621903899725489
0.86775003248257909,0.6903901846585242
0.87263872141363907,0.70038345085898179
0.87647392750730724,0.6867227905346126
0.88571981770223762,0.38512319775488169
0.89226454692517576,0.6629932246823006
0.89986122409880753,0.67715015507397824
0.90663234896701284,0.67695722064024477
0.91200618386147025,0.67696689841667079
0.9181216897983655,0.40819290267249686
0.92319784723787068,0.36798342454823912
0.92746129112242559,0.65060877262917582
0.93056275940790778,0.66681721249429193
0.93336129577728555,0.67819399506596378
0.93640442649245803,0.66530328792568039
0.94151021429214143,0.41350461466735139
0.024969479029046841,0.25469739557845528
0.061326774155051771,0.32395231684843251
0.074343204731997556,0.7538898748687165
0.08258412321922573,0.74116609005459422
0.087037746273431943,0.73515426172969045
0.12746219897375985,0.72851170963106693
0.15596003687515947,0.7335602241964565
0.16428200892603401,0.73434087150296279
0.17165952287354899,0.7234427819778263
0.26336074074169247,0.72957905421259162
0.33109158470371225,0.72020194813518135
0.35226526553761661,0.70088458355112393
0.48940817433696071,0.85696812891424412
0.59577887486102099,0.81123076244721481
0.64720807718539008,0.73282645994772888
0.67403910243260357,0.67886392261335837
0.69064941534162461,0.36481829961571788
0.70408355684828006,0.47124864751459183
0.71481243633468072,0.51017678931673982
0.72369889605588844,0.51440757386551839
0.73025625597070909,0.59338395491712703
0.73653330047352505,0.50316225031811579
0.11732619480352641,0.27243150846580871
0.23149910176946625,0.30254794761207748
0.34100865533035307,0.33767151533490153
0.48915518115561679,0.5606060786231144
0.67389554985733202,0.46399075155086072
0.78323032908898049,0.32399737684531699
0.88074796004022304,0.31931265310065726
0.9709322603397561,0.28833880679004481
1.0563385119841975,0.29656418747381247
1.1262753228562361,0.30471383262589186
1.1950522982421274,0.27605285502863497
1.2501634285460153,0.30698814675886449
1.2920624033308605,0.27379544511876758
1.3377788368570567,0.293419376473946
1.3797598443330128,0.27191186726880318
1.4114927314531558,0.26248354300467736
1.4386308621879254,0.25730419131681065
1.465617651588544,0.25527983557810369
1.4903771942243684,0.30505913960797848
1.5108203139448715,0.29798641797341163
1.5316105607106416,0.27323916256171732
1.5495496542815532,0.28993838693974244
1.5649985405065747,0.2786713886493436
1.5815324874824201,0.26247942339466801
1.5969956583050775,0.27575468193714103
1.6106984206142267,0.27174997362921138
1.6244834403668407,0.27776690781548835
1.6394633277186603,0.27437738974165127
1.6522802238648473,0.266372751199553
1.6635203964557197,0.2767302248673984
1.6740336954352233,0.27340594618947256
1.6840183993397904,0.26701481656782611
1.6935674828608951,0.27060863688310643
1.7022593532073262,0.26815707517236598
1.7109329156292379,0.26137674764692098
1.7198932154123892,0.25573087364576996
1.728161656295008,0.26704280270426572
1.7353150964110746,0.28615949696442367
1.7422681375463074,0.26157530958002201
1.7492728086134464,0.25566698974962071
1.7556071619735074,0.25668212118668815
1.76172464803158,0.26647674940852512
1.7674623025936598,0.31063160367023107
1.7738433066295258,0.26260898657599419
1.7797422722586926,0.25726949849424785
1.7851391998918111,0.26538391412029055
1.7897294449581411,0.29945323375979216
1.794941286183025,0.25593225431623917
1.7999308469850694,0.26580332463750528
0.00010000000000000019,0.25781250000000044
0.00022852981982207293,0.87759858388446166
0.00042806453853154713,0.87499464738477983
0.00054171520396140193,0.8793597574148001
0.0025964792275459565,0.88632750329862997
0.0048402428230754149,0.88364343315685101
0.02437286271853378,0.87888043597200283
0.038270889010542014,0.88144597628445043
0.055503642325673341,0.88258783175362221
0.25542110664787276,0.91647004666445586
0.42109246409098822,0.84881884844801148
0.50163056768270609,0.64390183462812711
0.5316937894542606,0.75487395503002885
0.5623210666621129,0.7738728903199128
0.59156374963114655,0.76011386357031463
0.60454139753465419,0.81019428338539201
0.60821922275558127,0.80786088270731427
0.61600665934849808,0.81682568552380641
0.68788211390538101,0.73192624271201068
0.77251822651748614,0.54637849493977986
0.8351105449439038,0.73290155865820872
0.86338875103119428,0.74766193786198454
0.88629571373166316,0.71670666688846685
0.90414498617237959,0.72796588867593814
0.92107124029837872,0.71296219327958399
0.95781609610529161,0.54347138585351829
0.98273245474222182,0.51946478737235224
1.0215577562497673,0.33896737846809732
1.0538587484016251,0.33550133991802167
1.0900565315586275,0.63724015248846311
1.1033803341635575,0.63386421725601649
1.1285781672815549,0.45885017590562371
1.148298958105276,0.63742493259754363
1.1782400633106067,0.4811400543798271
1.1914592189082687,0.5297476069613799
1.214066424900119,0.52735168105758157
1.2468371082594785,0.40369382234566914
1.3019855631269301,0.29474746071222763
1.3277594085076443,0.28598439076180104
1.3597358676020099,0.29124035215119048
1.3978139941763363,0.29395812445708192
1.4111746797238025,0.35104535991917213
1.4274796049311878,0.34906900864005164
1.4601339328067353,0.26577150906559088
1.4860470655642679,0.27607040936130645
1.510079974644061,0.3117256151887331
1.5344463431012945,0.27617301551799711
1.5595751531533568,0.28846549116378262
1.5789345189770025,0.29484922790550727
1.5914610908840436,0.28912662239007442
0.23120087370353962,0.25786067753761671
0.42677155200917333,0.54841324753633447
0.66174105108443282,0.33226691391044533
0.9753166308129122,0.38528370178480564
1.1594972637844485,0.38953656711538559
1.2595378466459652,0.38042835749347359
1.3830202387565658,0.3506728902178099
1.540743668023792,0.32581752961359206
1.6925820293981628,0.35917829168748139
0.097493153386766215,0.26052387098999774
0.20571539539406949,0.27092715913051918
0.31561269491533556,0.31850221344421625
0.47294248392182259,0.38619315596398907
0.61282570600369124,0.34082133882973237
0.7144613897857196,0.3663669200927534
0.8115177382490868,0.30719058743772198
0.88652357145191196,0.36298601839133254
0.94522839847383522,0.32264903456869781
0.98778513217469455,0.3186056667566956
1.0357793526489232,0.32009283144382661
1.0810341575492792,0.34732087476648488
1.1225621273119599,0.31017147287725566
1.1604172383504281,0.31763401888561288
1.1930745521148456,0.28492056734423205
1.2202555525255554,0.29151225226403565
1.2452061542670765,0.28688917108085854
1.2679638394964041,0.30146151751511951
1.2882768045899557,0.27787871837396261
1.3067598305800714,0.27989822166849287
1.3234886809683535,0.27891210122689997
1.3396621142578988,0.25952507384775542
1.3544177116409619,0.27198677693849482
1.3673897112843774,0.27340183982970201
1.3793416294277094,0.2683293293441113
1.3915180568453795,0.27473731772404947
1.4029719338732729,0.26389803241367693
1.413232482511865,0.25474676383530914
1.4232145237359397,0.26443883024248882
1.4327257438438921,0.27276984547997857
1.4421486113272977,0.26556842335654895
1.4508737643287577,0.27388249832139216
1.4588954516363404,0.26204276274719579
1.4664629458134113,0.28252249653645906
1.4731285529422402,0.27458792411815081
1.4795174680712986,0.27075462410229201
1.4856719723261391,0.25916313847488792
1.4919462698901271,0.2597602665287953
1.4977341701858091,0.26303658084542275
1.5032841585069472,0.26097414242732242
1.5086399412855409,0.26358858265951263
1.5135835410540919,0.2593423047183237
1.5184064049791097,0.25621527072163003
1.5231174915445478,0.27050809781339913
1.5276009150733727,0.25916005883216509
1.5318343424702694,0.27719635810498527
1.5363438981870392,0.27476600983584687
1.5407417516808262,0.29478220482118356
1.5445292210982857,0.32064118730271518
1.5481511747532832,0.29209933762550655
0.033529409368821365,0.25456653297714915
0.063817841124487157,0.56966278464805153
0.077193261080180015,0.57596708470933455
0.088399006009565892,0.54666681389790805
0.093203884727614206,0.57255196912303252
0.14610544007572157,0.55061110591723095
0.18336843965378477,0.35828034943944553
0.18894706559908364,0.52552457108814254
0.25086331260151185,0.37626055822734167
0.36144421094802659,0.58065048620816018
0.49395765360839927,0.52078081230095241
0.53016770166007143,0.5138302990783592
0.54063425492090256,0.50899182476348404
0.57712163128230309,0.4009746325090513
0.63553269677369628,0.43407595942713362
0.68274623827383352,0.4103991641185461
0.74119336212455078,0.53086920133977578
0.78666900676985185,0.49618644067588091
0.81807293562214434,0.48677930143735709
0.86207804521321374,0.660203100088262
0.89102796926120487,0.60893705353157768
0.92193533494078916,0.54307987365405874
0.94112452369557886,0.47318913879763735
0.95408444946653559,0.49084406450974305
0.96381270646639627,0.47245096677838666
0.97296827144100451,0.26162051170424655
0.98396613073501893,0.3957168279388929
0.99387020953384042,0.30249230265079791
1.0033682012686214,0.35105784170830667
1.0111116340676345,0.26596759705861778
0.30003962467019935,0.25319580736228647
0.43408913986342468,0.78294395363041214
0.4879909886401087,0.70663902553632474
0.56263177241704732,0.33950879593936351
0.58720251456785078,0.59404350728814648
0.64080200190286818,0.42226801004570436
0.69387164677126667,0.33087382292939854
0.75214187850827607,0.33873294867787646
0.78388303712363183,0.54275259235740236
0.81746587052374353,0.39290365625244078
0.84694461764729045,0.47792931136754002
0.87365263349301436,0.32209891584631545
0.87911682949289505,0.60177962222827786
0.88399299205970761,0.35089803387982504
0.89932874375772132,0.36474314561297316
0.9116472631401028,0.33960558833666826
0.92131279252955922,0.50017444973281
0.93566871382578864,0.38463629299657975
0.94681212788183111,0.32580871998747085
0.95631562898517386,0.33163033552907967
0.96381695628959163,0.33982618520004521
0.97145574249967903,0.33150855626170761
0.97911067164499421,0.54716474014780603
0.98372793586306961,0.50533536381816679
0.98715939152975829,0.47370859460108655
0.99043346413083977,0.59948523828050571
0.99317596822071408,0.51974676782426377
0.99470157406195603,0.59805859626988922
0.99675087614603997,0.50003072986268216
0.99887245400752023,0.46250517916284695
1.0007547719518151,0.46653397128757829
1.0025487498851091,0.44956651621179905
1.0043352765230527,0.4408390554966749
1.0057348834264401,0.43819888125828554
1.0083638083022017,0.48129047917803902
0.021912728096026228,0.26037496359790829
0.042800444127800673,0.53449101095839402
0.075391634810267547,0.53676688306996156
0.13089569352937153,0.55103350460006317
0.22458776016493745,0.64417408293256206
0.29643849939325978,0.30391215724881643
0.35348552041248937,0.31928941871574223
0.39339205798890509,0.48110595178439031
0.42986550018567882,0.44569249064909483
0.4583277698610243,0.43710862075219958
0.48199921502718363,0.40377196333076831
0.52925437586136004,0.33865609556655685
0.56170481174245157,0.33846659018437997
0.5871435550052162,0.31851123375106161
0.60236012533522076,0.35247494728544682
0.616533270860944,0.34214567357830306
0.62547202390529133,0.44647138715506934
0.6318309808970799,0.43974775213778711
0.64405280918071472,0.32256019237718481
0.66506875601911497,0.32680739546305598
0.68340413849786519,0.36378285228059731
0.69825690439628585,0.41235059456839845
0.70958481598944378,0.28675869823427841
0.71751770804413417,0.33478918643040728
0.72539986164988679,0.31338625288269939
0.73287580139161657,0.31305884914610588
0.74020191881068098,0.30534583497136486
0.75374253231626376,0.32681917340530481
0.76187329151605987,0.50691754460043659
0.77078898225746162,0.29035562511563484
0.77662372438459992,0.31097606323716925
0.78259613817951534,0.3115884143354774
0.7899128069399548,0.29517779719240256
0.79814681271090993,0.30240598132626656
0.80163683613750059,0.50464407493954988
0.80624290811371468,0.48490611000905198
0.80931608750045425,0.48281751461187644
0.81569076461095069,0.5259678573167279
0.82535762065326779,0.54661925009282664
0.83230455437218887,0.51924517412264226
0.83633714962587324,0.3917489705214442
0.83977624687021479,0.32877853804542495
0.8433204121330965,0.3222451171692402
0.84659501055950015,0.31243820166047115
0.8500313207854735,0.31964655813966952
0.85314196245010154,0.32002932536925877
0.85615975436501102,0.30389630701600906
0.85903921177398923,0.29993721982191207
0.86225730613544205,0.30459716088245481
0.8649504138811881,0.30907839100821849
0.00010000000000000019,0.25976587850052241
0.00010000000000000019,0.66601475451830083
0.0001492773236737306,0.65131940727529181
0.00022253844437506408,0.6748333517585452
0.0012294841801147817,0.65420161035229241
0.0024847641432852148,0.65858887644945652
0.00304739845397456,0.66689280469286494
0.016230131825296534,0.67047614558984747
0.026101508056993628,0.68070364074437395
0.038917430780476471,0.67582908929687602
0.045166794446724945,0.66689836449663142
0.22244970552357674,0.91747587814602627
0.35592854463267087,0.88662004180607767
0.52755928088683635,0.7100695136824331
0.61157835033281482,0.62467525210871278
0.66320228527929048,0.4626585897013975
0.70014048374917026,0.4509855667050206
0.73592255971304343,0.44665278364708588
0.42732513006903977,0.25923998967445211
0.73523359490370477,0.29482687152186954
0.96807120841660654,0.30065288093397907
1.1107647336157311,0.42018219896545761
1.2019355047272342,0.38667125297771099
1.319243036210209,0.38622397495601007
1.4061460561888248,0.42917637226793842
1.5186032691415619,0.31823431287362586
1.576077497025322,0.3031076938831192
1.6230307714131449,0.31810675066219579
1.667833072351355,0.2923869502017144
1.7058699641333819,0.2962631188146414
1.7516842144117832,0.2846797777621326
1.7837615482696714,0.34072647379855631
1.8127320677574694,0.27560311731466525
1.8379961711436312,0.34652786995900159
1.8653888200920488,0.29332434794204398
1.8857637352649705,0.26386070829898012
1.902405141940126,0.26569445226566646
1.9230003347916067,0.29120002664091088
1.9362517280728058,0.36105154330808659
1.9486890458611104,0.28854081565834844
1.9607455573923878,0.266605294109376
1.9728090210648372,0.26617871412555738
1.9828994849123056,0.25342080076444706
1.9919608957392687,0.30583612161162821
1.9995393191356603,0.32114506225145656
2.0074417622224949,0.2588563766533003
2.0156048891780847,0.34714048437565181
2.0237260490412634,0.2633897823733044
2.0305479024635815,0.25570073359978934
2.0405915991831343,0.3956350002402293
2.0472064831559438,0.39289953571852881
2.054300817323079,0.27719872775455989
2.0599700135921553,0.27516484819954623
2.0652099948225029,0.30333034767297679
2.0708423389920778,0.36475092811619431
2.0758447447544222,0.3585920687064954
2.0805190570388801,0.2789718370979285
2.0850972084973489,0.27561334540892202
2.0890315674957898,0.25829539898268206
2.0927382757899227,0.30715633386187263
2.0963371927881287,0.25913026322317373
2.0997931775510321,0.26279692211282007
2.103254962591337,0.27775431412686491
2.1066165502627627,0.26514665171044682
2.1096576637917308,0.28979952326603448
2.1127361029008549,0.27358675173643121
2.1156754164559608,0.27491547610634476
2.1184733779552705,0.27169342091183812
0.00010000000000000019,0.26660148758859531
0.00010000000000000019,0.37600384869592102
0.00010000000000000019,0.40974317529994425
0.00010000000000000019,0.57617538880913211
0.00097574272083754572,0.53169804734349058
0.003103935039244003,0.36849874337715444
0.010090490966338454,0.36608255304624016
0.024804986799024566,0.49031606441607684
0.046940789753003649,0.72288416606353556
0.091094742643517898,0.42050068771420906
0.11057845494469926,0.42793079890156455
0.13752117576301667,0.42698035256881911
0.17361878280368756,0.45656600667272224
0.19193443590401504,0.39265201722241605
0.21339532429690855,0.43329146014109016
0.23331807117275508,0.39710968526015172
0.26300845795729649,0.47443455900035625
0.30810999168909814,0.42897580552319797
0.33634477926833306,0.44288269438564692
0.37089329129451043,0.45979622209550142
0.41059238108302798,0.45611607470657195
0.49432472696502039,0.56536656942993124
0.54591177836490057,0.40482739737030526
0.00010000000000000019,0.25830390918296298
0.00010000000000000019,0.38183593940198485
0.00010000000000000019,0.36964647500565023
0.00010000000000000019,0.58057520287281006
0.00010000000000000019,0.52246093750199329
0.00010000000000000019,0.39450154183395325
0.00011916736692972779,0.3633189782282053
0.00076620444393415759,0.37005035395759794
0.0014859222399952322,0.37040378086495906
0.0046215318711865256,0.55707508944146322
0.017508413211634582,0.56896261317079166
0.024363923398560618,0.57712309711470422
0.075814499313885578,0.85647262997809304
0.25950456228850299,0.49004157652312569
0.37399913622498482,0.43664183579605453
0.47203569634615833,0.29094253938139231
0.56105369370907132,0.31643737168514924
0.66189672999889804,0.32062324203739295
0.76763954520742406,0.31706131457296316
0.88714911999503854,0.31552521033887498
0.97307690638696931,0.33696605768914689
1.083138759900685,0.28287516226308718
1.2199023705522969,0.36818020689506292
0.021407941125204367,0.26483638847093044
0.056876204032765956,0.28474877586844966
0.11108317473934126,0.30843491134198658
0.158729631846975,0.55742856586307388
0.18577031286747081,0.53695384086333542
0.20281403988408891,0.51642231012294859
0.23293007490576353,0.52627683205473985
0.25998481885246594,0.54492611682271741
0.28826036635824315,0.54032949787381301
0.38857717770025391,0.47965539527293788
0.42838862777379783,0.50043814408767551
0.46032971900163372,0.49948582174888395
0.4778745589277611,0.52711481024592177
0.55430357769090022,0.80592426798971117
0.59889146926899373,0.6980500543290451
0.63941717054571701,0.47202361004319926
0.6599415299625786,0.37661354799113939
0.6723274608331784,0.37802958855677909
0.68259894423921685,0.34872309679891506
0.69469679478508739,0.54345200245815151
0.70697562822448934,0.5402973162153758
0.71862696306498186,0.5153050298895322
0.72935681141377917,0.28117086302416633
0.73604393567603399,0.51902718666440706
0.74555155971168108,0.51519504312277897
0.75480922690212227,0.50454637112637979
0.76029311243650954,0.5042050748553909
0.76865051286907538,0.30369157229922561
0.77583531659544158,0.31129280380088509
0.78325519902925134,0.31998248810466168
0.79102288479290439,0.52379059666184258
0.79739943718343154,0.50353404511803657
0.80321473298437551,0.3051642997613262
0.80736395597413002,0.49378692506272642
0.81154660215211205,0.3317223519519189
0.81584385018677996,0.29970196383568393
0.82194322864397862,0.35372136119420761
0.82642985366877031,0.32520613610074162
0.8316634310481763,0.34651289340376257
0.835819688489011,0.31018581952290225
0.84017021872255215,0.31802583283644964
0.84384006616912544,0.32402468607031082
0.84724959589644611,0.30622095913796415
0.84892803114023341,0.38675543584672351
0.85266672435422963,0.29853814966428921
0.85635884386318506,0.3075818639783372
0.85881360766920656,0.29934009691842461
0.86100219390506705,0.4433641602524212
0.8645130847187783,0.32437699423232053
0.86797459174818636,0.30787878633379406
0.00053439750122952136,0.26343420360153375
0.0019078517046539482,0.78656034873186775
0.0029324536020405973,0.80620218635965846
0.0034717231235196254,0.81219279953604873
0.0038249137249041824,0.78764525061615698
0.0040540647725524894,0.80622918613001715
0.0041831847249483526,0.78380187960098691
0.0042606172079808716,0.80202544438565349
0.012354211378786997,0.80396134321486012
0.018766812201238929,0.81005447976426248
0.057608840670532194,0.39381891119863016
0.055155180611413085,0.78397270639175465
0.05706456733178536,0.79195291639468246
0.05187987903868746,0.79610970163023664
0.052845153261440979,0.79647613524342076
0.12050085875532078,0.78537949537286134
0.17746190111248417,0.77859003261384563
0.20957011668243219,0.79476706956009879
0.22968369600547989,0.77924062123017246
0.24329474897291947,0.77910797875705895
0.25482707111511216,0.7771431259374062
0.49474671601313014,0.87480547516825113
0.70570291666102847,0.8452589642624263
0.85671842347297966,0.75331759973759327
0.93554282152211332,0.69345965344013683
0.97546530732222059,0.58247155318147259
0.99749405212198949,0.37029519717170811
1.0107946490580781,0.44639364980309321
1.0297377803447469,0.46497310477150333
1.0412842605154609,0.41539564579346849
1.0507600871670471,0.43429633014464214
1.0593401795358011,0.42712753617568971
1.068324718234372,0.41775592865155042
1.0750853851549245,0.5175644828391357
1.0834970701389173,0.42762500476058385
1.0925290529759208,0.39123469889573942
1.1013788569431964,0.39229766321600457
1.1091616766742676,0.38706995995990301
1.1210928241972167,0.28767610840827473
1.1310697594173944,0.3251230807794982
1.1392171101950266,0.36040331249485047
1.1471331952863526,0.36950939040358743
1.1547145481861536,0.35548570012052544
1.1652567002588294,0.34063548956931228
1.174594383743454,0.26109925011158375
1.1824782877194222,0.31995483082837672
1.1900059496926993,0.31366669529057323
1.1968346126772216,0.33490999899704982
1.2036804894465734,0.3301611730368092
1.2116584021202241,0.26706640221655509
0.00010000000000000019,0.26269531249999911
0.00010000000000000019,0.65715231776878058
0.00010000000000000019,0.66357421875027323
0.00010000000000000019,0.65770759958191372
0.00010000000000000019,0.66205171957402853
0.00034745031572158924,0.64939351701042358
0.00067803786341766325,0.65889489907214793
0.00088542907459441492,0.67078027900395509
0.0060645127717681747,0.6509564865779186
0.011834778243468839,0.64753963127417014
0.01635961599696039,0.67105781828935973
0.018419432742364406,0.67976043474509651
0.11815191149824736,0.91972019315736486
0.22774599159095407,0.8532026976509306
0.29719939749291036,0.7456562926072533
0.3569472801841973,0.67759653638781303
0.39317993292925968,0.35304548591650214
0.40964583764746343,0.63026380185802333
0.42237680216317014,0.6354301750560597
0.44127415071789827,0.41487814968281811
0.46899627679555844,0.50955499442488139
0.49294133303468179,0.30731668850219351
0.51719060061783351,0.6643391882250691
0.53245447636995635,0.64848586520169105
0.54629288107100193,0.63648274221711587
0.55838691889697201,0.61980025486466994
0.56842242938412479,0.5704127171455915
0.58297085408439953,0.60507593943993643
0.59142459425490945,0.61120116159618987
0.60930309879829192,0.58846798799682798
0.62503327902714212,0.61570581800436397
0.042345520378551868,0.26664745330477962
0.076707712420557184,0.84109488525449316
0.12361233825971965,0.83459426271015291
0.16341143703974578,0.60601206658563411
0.2449522013589279,0.81745672992432306
0.27287515141876989,0.83572632729213214
0.3072174830790867,0.76641670407184237
0.35619095417038105,0.59606728936395315
0.38708667183913037,0.71664177743116297
0.41237636174137232,0.74083245981740153
0.5361428070453691,0.80933495332160077
0.61596142059645131,0.76241140560909959
0.65405771927702638,0.73833235537264952
0.68452470698579826,0.62217360543440237
0.71739346403015181,0.33940943299920079
0.72781694621054704,0.57097996766716241
0.74548787746942313,0.61139286282106786
0.76112496130188778,0.40920187676102443
0.77957468167468003,0.34147526394544764
0.78637943114954856,0.53465242609237629
0.79344113973404429,0.5927358242048083
0.81285061424627081,0.41046764850399758
0.83595670153849122,0.70428014324854205
0.85979014401104303,0.70052028657513699
0.87227705547946677,0.35113366049214245
0.88300896578172949,0.45695367228917899
0.89278466151041647,0.5112827197809886
0.90088281042216145,0.62252137770033744
0.90641730478420923,0.65813540508209256
0.91205861153929368,0.50500577643463318
0.91821771407648667,0.49455764797581536
0.92454781714368384,0.47374935283888064
0.92950032960507989,0.37583517847915671
0.93349319805691766,0.44776452304850523
0.93755277599619014,0.45335026141394058
0.94115803051466362,0.42519397825373506
0.94473368814095116,0.4145243063752006
0.94842175210435875,0.41095626245242195
0.95173687456681044,0.44514764727980888
0.9553301072326168,0.41079519685393912
0.95867464486309162,0.40936338723627202
0.96193916595708351,0.39920081047357187
0.96479006217369179,0.40812077663746754
0.96759910589915055,0.3878282249142021
0.97074785328217039,0.40685408315975635
0.9734141181590803,0.43904704047383536
0.97612676014910305,0.40317053343625209
0.9788698618676448,0.39081508431671136
0.98120336653684614,0.40658961894565876
0.9832647159211918,0.39916366476421217
0.00010000000000000019,0.25488281354870312
0.00044052075597199346,0.56117634122146254
0.001969622575361651,0.58132360692410689
0.0087776993626468205,0.56724213215333663
0.038863633802879022,0.67275475013566954
0.072159824227100447,0.40563344867947265
0.11488377646900334,0.56294483305967102
0.15277554518917097,0.59992791269475609
0.18638355814966107,0.62948046459570384
0.24020004119311822,0.5712985360670414
0.30256210681115131,0.64662861452361908
0.37610509134300668,0.56731744892379943
0.43677191251756181,0.42559027132038346
0.48780791574945542,0.40601121037186638
0.52013232648748775,0.51681078247511747
0.55771695016910772,0.38360293605028489
0.57975412630558554,0.5007907550863635
0.63063292734039678,0.4219807757103578
0.66377315325989938,0.33540193729125478
0.6882585480827772,0.3717067261652548
0.71167401718724577,0.37473960981273113
0.73437099999435418,0.36275261468853515
0.75674933872568395,0.33742298156235967
0.77703682760835879,0.3560562516011293
0.80345150289751266,0.29516385422399494
0.82256743918890451,0.34605496547919151
0.82918776183033782,0.43602963477671125
0.84079287164640637,0.44707398508108109
0.87004902099833115,0.3358464355687879
0.89849129183086962,0.41603791810123569
0.92346759523655186,0.39734376088584444
0.94534929283967695,0.39237050129572143
0.96266192351141044,0.46513835403857157
0.97988327208810855,0.37006212902582375
0.99489762293400019,0.45574439970292513
1.0075287127051524,0.43570378241611396
1.0226809702673902,0.36810039672846523
1.0363993323013665,0.34620034689575835
1.0463543836268667,0.41967435627437266
1.0576721125994006,0.34261388390416714
1.0711723376640785,0.31998713012418661
1.0818925547266702,0.32724873366720802
1.0937663484327669,0.30869424276649748
1.1040286665768062,0.31113575590879788
1.1143651559756247,0.30461434810533516
1.1242114635176337,0.30107509626807161
1.1334952990630569,0.34264936135989793
1.1452079148795389,0.26864170375278174
1.1561930824798332,0.26684666952809982
1.1665852903353331,0.29643573832257281
0.00010000000000000019,0.26683190549997127
0.00010000000000000019,0.64565863950555702
0.00010648981317030167,0.6630859375015844
0.00059904960605635434,0.64890849378006143
0.0012078817905770518,0.6624564926014177
0.0014834041444968581,0.65084992226318961
0.0016397901278822537,0.63505077147546718
0.0084975703510991943,0.63663864778204937
0.017140967618304276,0.64328204339579698
0.020993335993434548,0.63416798192264678
0.023681856140757587,0.65116650516583796
0.11702908770451857,0.92200293162418334
0.18680307988798991,0.85313123738101082
0.27654921591418247,0.66227354922952986
0.31451571682407031,0.64359102193060447
0.0028809207915757857,0.26332454937041372
0.0078861262836395322,0.78680812740430661
0.011489112581854278,0.78981238443200197
0.013240669314819967,0.78106832795972159
0.014001174062053603,0.77827770645720185
0.031297790896962885,0.79273282856828131
0.045026366269708372,0.77534534027967572
0.1049987840799024,0.76452383154695425
0.1517464682081838,0.77537493268771052
0.17549342543978796,0.77368572674441216
0.37552372406954104,0.893994151607585
0.5424586601331054,0.80852333368459328
0.63086634907698858,0.71657221523627035
0.67913781322744948,0.41896877126107263
0.71586880150129228,0.54143085555867587
0.74414449711427433,0.67173176790471822
0.76638187538442604,0.57931515099058484
0.7839712689415963,0.52873612139980142
0.80021439911154424,0.53150075211749437
0.81369214422175107,0.5370346574085898
0.83012025312027549,0.39279016832984665
0.85186060899240035,0.37525060970394514
0.86936055802446521,0.485608524826177
0.88166910971816759,0.43131124651232505
0.8968839919852587,0.47968247694802674
0.91128002375152306,0.385603002240613
0.92554638667368461,0.36770592627609927
0.9394487184073913,0.31347553607475903
0.9532987899635148,0.54924486539873063
0.96303413688776973,0.53242246299562901
0.9721322094997813,0.60871718595218216
0.98229352651201163,0.3537013648057869
0.99166873200670302,0.35443619523351566
1.0018082965218935,0.41033338505615918
1.0104273963451444,0.34224751637650364
1.0196832436901162,0.31441032487093817
1.0256980076244833,0.54122351052443474
1.0313514220229538,0.57006631838184729
1.0362298187800749,0.55544655804620369
1.0418944436014794,0.48145619310194393
1.0459094489540632,0.54849829763342672
1.051004418559764,0.46660801828360776
1.0565154344057179,0.44469226996198624
1.0618086223562335,0.43130305196098412
1.0671893356693851,0.41911510143202568
1.0742921538623582,0.3005512982481427
1.0797262168719346,0.38926639114907485
1.0849236960724991,0.40077426563272966
1.0895129832427608,0.40573225606548374
1.0942776245411481,0.3931505485207587
0.51114991034363277,0.26338149990577003
0.89461807155214301,0.28964624436910585
1.1900871502181005,0.3604764448705175
1.4306469779157849,0.30162182446509633
1.5990174863849744,0.31368712786581859
1.7284163800657826,0.27770075895312746
1.8305082974155382,0.28139562631395021
1.9144260139061364,0.2864559475143264
1.9869904315699896,0.26282781653008686
2.0445292794676835,0.27897508710902441
2.0964350851377929,0.27191319957539578
2.144339593455022,0.26055315221894931
2.1826770384301031,0.25673918040715704
2.2208443331596666,0.26173486297091519
2.2522883749923643,0.26360504545146501
2.2811275681514278,0.25789131958227535
2.3075146021556368,0.2617908124772807
2.3295371346215585,0.26556860007400929
2.3495286804113253,0.27493647457123344
2.3670831006522963,0.26516192461519189
2.3839172197760252,0.27263411660987558
2.4003928763021785,0.26977986663980102
2.4162107065690206,0.2650570014030274
2.4305414402518042,0.2642148203189868
2.4434389202418449,0.2623863021561173
2.4550658916868464,0.26879380188006324
2.4658937803909531,0.26071622782620613
2.4761572183958771,0.25425735746050426
2.4854242611169681,0.26011559039839927
2.4944720748236393,0.25768865604088192
2.5025072801130905,0.26222325918652617
2.5107197445983442,0.25572021230458142
2.5186064982965721,0.26371519094358026
2.5262762135003127,0.26049466559427348
2.5332380373662984,0.25968165688762479
2.5398640080100368,0.25895280953637007
2.5461608996158067,0.26080444258193464
2.5522138880576586,0.25816066164958162
2.5579038689358793,0.25560794275081938
2.5634443513856477,0.25819889744869035
2.5686941943552863,0.26330843802999132
2.5736669466950248,0.25953087508248679
2.5784404446691829,0.25384251267796754
2.5832566929576064,0.26098716250970794
2.5877452374563621,0.2548176290684821
2.5922512657307646,0.25443829653922478
2.5964136484631921,0.25934044214605156
2.6004738293503267,0.25818362520671673
2.6043245333532257,0.25456927558093229
2.6081014073824105,0.2562333842677737
0.012933894976569597,0.25775893087188434
0.040386295626290133,0.34482754368473822
0.061159838409713035,0.62758327256738833
0.074400226329559505,0.62784012277734602
0.085100612892456018,0.64755350126749645
0.13152710214408503,0.66237573402341476
0.15351693575645173,0.66561034613477099
0.17878217797526474,0.63487585787515188
0.30865499063219248,0.64795868380952415
0.41223628656191236,0.60868462130545786
0.43790202917225418,0.60216982911498218
0.60144824457362267,0.84584465610039605
0.73169690803506771,0.76141834143013776
0.79832286422501064,0.58954367902389149
0.84009109380368718,0.52334132819221635
0.86940637039551993,0.46312073451017433
0.89080598441931269,0.51598071790268829
0.91039617192941003,0.41307180702025842
0.92930164980959273,0.30912759593465
0.94870071665166877,0.27756812389804852
0.96224444819346244,0.45819932410441894
0.97960541147591629,0.41819303537008312
0.99742420984483615,0.49129064385787974
1.0120618176169811,0.31742509099187649
1.0278825706807473,0.52106614173987287
1.0404385262802562,0.48900284914939779
1.0499615030269562,0.49089207696188997
1.0612381665050881,0.36358252814705139
1.0723040700827986,0.39488703633593081
1.082691401210607,0.37750718532798222
1.0925395741960482,0.38854587275385322
1.1019923770691045,0.33758146469064954
1.1110103796254269,0.34966555540685818
1.1190060878935273,0.36242748110492323
1.1269775460616942,0.3468656868646699
1.1335440805345092,0.43354993036680095
1.140155264607758,0.36051010722892546
1.1469570632681312,0.34506058655423183
1.1537632634037678,0.3242205694955238
1.1600618920793939,0.31529475154775294
1.1664090150701005,0.31470530178605705
1.1738023470729839,0.38340384063684735
1.1788270340774785,0.3377125588355066
1.1839829976736445,0.32359970116793785
1.1890100236876391,0.31570076481671194
1.1962187145002476,0.37456732794081427
1.2027486937806335,0.38226188759911234
1.207201586035314,0.39025104666365412
1.2128559490762556,0.43744182099777401
1.2173696152147633,0.27976569026707987
0.00010000000000000019,0.26660156238876048
0.00010000000000000019,0.77194547465060737
0.00010000000000000019,0.76171874998811484
0.00010000000000000019,0.76415997893336396
0.00010000000000000019,0.76137400808229461
0.00010000000000000019,0.75634765616748323
0.00010000000000000019,0.7763671876412791
0.00010000000000000019,0.76416015624859357
0.00010000000000000019,0.77050786686939809
0.00010000000000000019,0.75587003890106541
0.00010000000000000019,0.77005139628519892
0.00010000000000000019,0.76855245341878287
0.00010000000000000019,0.76197422562363248
0.00010967619940599643,0.76899854069158313
0.0098920988669087915,0.92057036834022288
0.038618073157507253,0.83746188849860315
0.065977810265445372,0.8013093531601172
0.092220956874709936,0.77526022025045949
0.13215897513361088,0.84418284507010377
0.17323847438949219,0.81472005460115038
0.20510276165501864,0.69395726747982844
0.23345679411619397,0.64473864900574407
0.23761043951703442,0.75436286952521991
0.24334333776397843,0.74621027199205348
0.2483015567313141,0.75772148797341166
0.25294693709292704,0.77005263191559292
0.25673444807007645,0.75491354053682791
0.30079725105327126,0.76292393119723556
0.33348507867106081,0.77002194448974837
0.36732186061271394,0.53305376157177953
0.40345044970623489,0.71928901191145855
0.44938387944405378,0.75484955163189082
0.48192517734287899,0.74116109788698048
0.50759847580706485,0.74057473773755689
0.5404284223725162,0.73645517616642731
0.56117396456559865,0.73371519445057154
0.58868282317052134,0.5141752189376354
0.61503469266949695,0.55894670182162987
0.65864575725550434,0.58772920253488026
0.69439818718431745,0.56377305430009372
0.72401620781083964,0.4256800864766187
0.7448215451395217,0.62557887305855353
0.76831588986298827,0.50845147034783633
0.79148470861371978,0.44498737669688299
0.81477483866540834,0.40440942081565501
0.84572757373193874,0.51356058642917257
0.87023191349966467,0.4075268978794539
0.89473894685598343,0.47574159250945824
0.91887924714296387,0.34304521852485059
0.93954153419071595,0.40280813669041399
0.0032197081370151921,0.25942654401619825
0.013316920934039961,0.39249506945918838
0.027789541441919346,0.70595578112671797
0.067805749742527552,0.72166185078179956
0.11955299577754508,0.74447547334796405
0.16400019088727924,0.7249997598644401
0.21312022762837909,0.70391915796402371
0.24057967364055022,0.67653851505809615
0.25384777028500249,0.7075523367461326
0.2721118494786377,0.61950036774032935
0.31584268395107945,0.37826385943261243
0.35847507022519182,0.3319395375630787
0.39154214346268335,0.33299478205031868
0.42271181622621129,0.29875537657593082
0.45438727184378064,0.29775054835257903
0.48289122433873299,0.28411265132429819
0.47487334201932035,0.63173470195938608
0.47516578477318444,0.64719634133981108
0.478514566084004,0.6476692713036265
0.4795044282982448,0.65011005653415366
0.48267004135248415,0.63855732429581458
0.48850770334325083,0.61991576821072947
0.49515518812646764,0.63355439511629308
0.53315406942474852,0.68321245020746335
0.57262292941851967,0.66118907511414871
0.5949504050429324,0.63803941557041866
0.605975647780294,0.6428081306092549
0.63354007408138913,0.60481642992882911
0.6528945904232959,0.66941697123014876
0.67729678515614322,0.65752785090941901
0.70377518575219677,0.70744054626971131
0.72918177155943176,0.69348036025623649
0.754061362654731,0.64710170797194633
0.094950787919190205,0.26300071395834707
0.15428370594127871,0.75770207949162516
0.21911692499237975,0.4084375183841491
0.29060166714201241,0.57181918647820196
0.3264183895469257,0.7348829625096629
0.34146710736970232,0.72997107426319296
0.34723600589606674,0.73170927377708617
0.35542653302752913,0.7254010081983252
0.35884345990116628,0.72855112898202778
0.45450561098535852,0.64368628063275291
0.48065450778677254,0.65221740193540245
0.49073475122060689,0.69174343579621633
0.50146649829142687,0.67898432925846353
0.56135188036657802,0.47819350026245017
0.6320038639416431,0.43900263242044379
0.67571264096007222,0.67122362353365372
0.70449340641448943,0.60275049403200531
0.73616621321695797,0.6578614635478276
0.75401133485240346,0.33307748382648683
0.76666979950893333,0.32359424675084442
0.77951579505388469,0.33547568374394598
0.79295144676256624,0.33152480283960939
0.80336980995099472,0.32402589426071787
0.8015658276606451,0.37994853729945194
0.80807621574671007,0.36341190688235636
0.81488694489839986,0.34543681599618081
0.82605740552416063,0.42153009228417998
0.84209513048540241,0.50765206256187601
0.85456542037125871,0.63434830814342691
0.86019919056509941,0.62439886159177083
0.87442765111868503,0.57182550327062809
0.88699660365639121,0.62785079756382978
0.89254516536550221,0.63363336918987356
0.89665723317489765,0.54291204483145106
0.90060460638588535,0.58483713344151711
0.90359634791059062,0.31835874310781981
0.90589217043293024,0.36474557126643353
0.90948713784815893,0.35522191843197992
0.91248352263831256,0.44245870930296588
0.91679851733113793,0.4387847594925357
0.91962718188880455,0.42986591160104481
0.92187265245965477,0.36085163781779661
0.9244062701668716,0.42772347281545015
0.92602738221912051,0.37901477222294971
0.92811156507832515,0.33780020000740002
0.93063956272821036,0.32722189878313995
0.93183865860877813,0.53954546126070735
0.93405500533155683,0.40289426306791742
0.9374650281124659,0.31447137519915219
0.93999074246591108,0.36713862428354055
0.24851160563487629,0.26782458080273086
0.42290227719798257,0.32903085537882237
0.55226450999118404,0.30092125344721055
0.67051440914208527,0.58818761622938776
0.71622420019696098,0.60388864530085085
0.75620971919266167,0.58819164156674231
0.82018202676329066,0.5319578676925677
0.89994316350247583,0.37374193780731629
0.96722291540659344,0.43232523616722612
1.0208647255704117,0.34349595733539307
1.0656740412628669,0.35547820770593813
1.1034503339183455,0.49267690470236464
1.1313083115773503,0.33284627322323329
1.1546564084427564,0.34567514424421047
1.1737264974459547,0.36504997600171663
1.1893399181657189,0.30152608095548622
1.2048447659082742,0.279093182155429
1.2174456751547647,0.28394885983611573
1.2300800108161236,0.36769412133364665
1.2409693965761162,0.27055989861889207
1.2508461440152443,0.29675571796402189
1.2594646661268256,0.27040493298126178
1.2683033424636194,0.30226072359017242
1.2755777393185894,0.33422031274029446
1.2814969246856101,0.43217662272309382
1.2849124015148945,0.47474763852995422
1.2908715057174525,0.35375762617784989
1.2958054845267348,0.37177914246327409
1.2998247300843988,0.38841810401806154
1.3051116364583564,0.34014377059819512
1.3101345143451115,0.36449857832630206
1.3148801542405362,0.37011266232926465
1.3191334161933983,0.34707892662323175
1.3231511647215102,0.33374886654912722
1.3266959522517228,0.3306221552874572
1.3304286697555197,0.3120586499536499
1.3339812967206803,0.29769997931276865
1.3373279533329714,0.29937390166396755
1.3403151649111302,0.30747020941910691
1.3432867836053131,0.3867825848978616
1.3462970379772616,0.2838318675560082
1.3488924791992989,0.3553985208557795
1.3514439202525719,0.3166949972539051
1.3538749191021329,0.31380914856526154
1.356000152602832,0.32489818284557137
1.3580105585562683,0.34010817015004002
1.3599656753750278,0.31450806455449187
1.3618905752842458,0.32535626621673697
1.3640123864600293,0.35786665269973383
1.3661227656577453,0.35609116275920538
4,0.25184384916922053
23.999999999999986,0.25032543621731584
123.99999999999999,0.25016965171212752
623.99999999998113,0.25001382725586124
3124.0000000001237,0.2500045067356948
9999.9999999999982,0.25000033339419581
9999.9999999999982,0.25000024884654592
9999.9999999999982,0.25000069440866679
9999.9999999999982,0.25000141010604637
9999.9999999999982,0.25000034369974194
9999.9999999999982,0.25000058100515798
9999.9999999999982,0.25000083124261879
9999.9999999999982,0.25000129652387143
9999.9999999999982,0.25000080537117075
9999.9999999999982,0.25000103049954797
9999.9999999999982,0.25000071930662388
9999.9999999999982,0.25000043803283106
9999.9999999999982,0.25000085891680457
9999.9999999999982,0.25000114058894685
9999.9999999999982,0.2500003189398981
9999.9999999999982,0.25000050854761474
9999.9999999999982,0.25000096167491354
9999.9999999999982,0.25000017361384058
9999.9999999999982,0.2500008724208766
9999.9999999999982,0.25000080575318789
9999.9999999999982,0.25000131167760203
9999.9999999999982,0.25000103992908035
9999.9999999999982,0.25000032723390664
9999.9999999999982,0.25000064182457188
9999.9999999999982,0.25000167296422271
9999.9999999999982,0.25000034910325647
9999.9999999999982,0.250001639197377
9999.9999999999982,0.25000077808351695
9999.9999999999982,0.25000080453007356
9999.9999999999982,0.2500007951595819
9999.9999999999982,0.25000062320998828
9999.9999999999982,0.25000025929514635
9999.9999999999982,0.25000016604810177
9999.9999999999982,0.25000019023462888
9999.9999999999982,0.25000070038720401
9999.9999999999982,0.25000086333344229
9999.9999999999982,0.25000135974607873
9999.9999999999982,0.25000143658812235
9999.9999999999982,0.25000065732461585
9999.9999999999982,0.25000083788646482
9999.9999999999982,0.2500006470223487
9999.9999999999982,0.2500016083833474
9999.9999999999982,0.25000057717338242
9999.9999999999982,0.250001074824518
9999.9999999999982,0.25000138959579127
1.7064752136328576,0.25866560641171171
12.491130706982176,0.25092881017653595
66.435570642650973,0.25025735106285019
336.0794862263669,0.2500571596087563
1684.5582686433963,0.25000633969787805
8423.7063904516508,0.25000168315351595
9999.9999999999982,0.25000166259290568
9999.9999999999982,0.2500016160673656
9999.9999999999982,0.25000164718934093
9999.9999999999982,0.25000264452244897
9999.9999999999982,0.25000107626591844
9999.9999999999982,0.25000105317288429
9999.9999999999982,0.25000140459574594
9999.9999999999982,0.2500012437007173
9999.9999999999982,0.25000054338346528
9999.9999999999982,0.25000041267641615
9999.9999999999982,0.25000117337770733
9999.9999999999982,0.25000164642660488
9999.9999999999982,0.25000144768321542
9999.9999999999982,0.25000129164256657
10000.000000000002,0.25000025280069771
9999.9999999999982,0.2500004499136696
9999.9999999999982,0.25000067811407672
10000.000000000002,0.25000163373886147
9999.9999999999982,0.2500008485017936
10000,0.25000133723326645
9999.9999999999982,0.25000079737635894
10000,0.25000059862396823
9999.9999999999982,0.25000052235327086
9999.9999999999982,0.2500002120929552
9999.9999999999982,0.25000096001064342
10000.000000000002,0.25000117622242307
9999.9999999999982,0.25000118882335248
10000.000000000002,0.25000127120236659
9999.9999999999982,0.25000127215197032
10000,0.25000201283620549
10000,0.2500009116250036
9999.9999999999982,0.2500004861809289
10000,0.25000036779059526
9999.9999999999982,0.25000078484931393
9999.9999999999982,0.25000100292334815
10000,0.25000061845133215
9999.9999999999982,0.25000244660613891
10000,0.25000193285428413
9999.9999999999982,0.25000141966880696
10000.000000000004,0.25000263413559637
9999.9999999999982,0.25000184649816776
9999.9999999999982,0.250001000872628
9999.9999999999982,0.2500008553136458
9999.9999999999982,0.25000146339424667
0.020813039066369644,0.26012884946850756
0.068330001690766043,0.4075470305644957
0.1257641918609283,0.89219762134506897
0.2657142948023829,0.87810218376254667
0.37000185868080648,0.80276893156460694
0.40978428641934622,0.84569120382458518
0.44658701004707668,0.75567340586237475
0.5237815438983795,0.53655654531000452
0.6306765762060047,0.78880371714370068
0.70166248811325715,0.74407150276474199
0.79606711845095701,0.4276250103792868
0.87956108058795679,0.40439085158533489
0.94928378324951335,0.40096217766599279
0.95562815502271947,0.56734334145421117
0.9869274187137026,0.48344309309917116
1.0324210403562726,0.43745971845027154
1.0702741433758576,0.41792888416035417
1.1258229051546793,0.3084072101555666
1.1902545870792425,0.26991126279981309
1.2261829198382435,0.34973645355518201
1.257865559181333,0.38055879069791398
1.2830129662125844,0.38118891256197901
1.3061209471933046,0.35893696109671908
1.3305490350320559,0.34991665950203488
1.3534070910766256,0.35230819162279647
1.3757054706327863,0.33679411280910043
1.399047625780387,0.34456594568525428
1.417720587195844,0.35053147673232721
1.4362761917432363,0.34893082217293386
1.4525444799442795,0.35219618384775869
1.4707917597681468,0.31920618525143052
1.4845834207059831,0.3271953306114373
1.4979254304555285,0.32857939481999687
1.5117313629834332,0.3188284829434419
1.5350277598189361,0.30379040565729942
1.5549776200039349,0.26672336230888172
1.5804196508284627,0.29823940143966077
1.6001108694478008,0.3525932341961403
1.6145991936954938,0.28017129222613135
1.6278981699628661,0.28896998263971602
1.6398011624870898,0.29541806810858784
1.6492391540701803,0.27576456609089972
1.6604685158387729,0.28118220438583191
1.66989919342699,0.29935942410519689
1.6801246427570879,0.28497592219147022
1.687909107666776,0.31948820587898602
1.6980857589694414,0.32999091842247164
1.7082476419885071,0.28146229748128332
1.7171962292648009,0.30205294329107785
1.7252082310864987,0.30341059605842918
0.00010000000000000019,0.26060123863215456
0.00013655833329779768,0.71320938825374824
0.00024872031286367292,0.72265608934169123
0.00041924334495296964,0.72558591342428269
0.0041586139508870343,0.71197679209181142
0.0089338962457955768,0.71404386799390362
0.012133374578903783,0.71797233803677718
0.11315308479363161,0.7209276509883713
0.30836965944676187,0.67755291309992061
1.8176924441187243,0.63894389953554964
3.5782488534108046,0.32900951961869551
5.0279983391612797,0.28619384377967044
6.3381632125532441,0.26678125950861475
7.5514653463573698,0.26457757063227921
8.6763558745096283,0.26291431310812674
9.7763311159976745,0.2609376556453506
10.77977889608837,0.25966788925623907
11.916240483623904,0.25791448968757796
13.047517766084848,0.25590557772187816
14.161440379248891,0.25488425534005937
15.263498813456088,0.25377564305993078
16.357003121780938,0.25334839055176567
17.315170580879602,0.25308968392522679
18.263290065017834,0.25261682628061888
19.202659209644516,0.25237756195698752
20.110594511618075,0.25193966862150324
21.028261257143363,0.25192990459930781
21.887281351050689,0.25153859215327884
22.735359411331196,0.25168533053085657
23.560777261771754,0.25116655323679471
24.352806866053498,0.25160341556390053
25.125747072975336,0.25083359154275991
25.85990994774188,0.25039868329480963
26.545059023791996,0.25072877378203373
27.232464771324221,0.25124227443360653
27.890703069219924,0.25088058970591798
28.532047070002559,0.25079273799270657
29.19157889009108,0.25051091443715939
29.802644232497137,0.25039008222700732
30.414524779902656,0.2506603961995037
31.00190405675076,0.25043279315704081
31.583052327090378,0.25061955320188822
32.142985143969454,0.25057538415905894
32.695802650876637,0.25017705814426644
33.228997787892432,0.25045396816677534
33.746197434270002,0.25027971432541135
34.252782665279369,0.25025019151428624
34.747209519759686,0.25036834313858941
35.231207776243949,0.25061559691753932
35.713331300355151,0.25052037867318633
0.00010000000000000019,0.26708984374990463
0.00010000000000000019,0.6618660329967776
0.00010000000000000019,0.68480591493553333
0.000135603411377875,0.6821123797182358
0.00089498627326763764,0.67238974547860142
0.0014949583154948843,0.68796438548154082
0.0023131701838192691,0.68776515953371498
0.0026698184914239202,0.68639910259263492
0.0028641030052905139,0.6880552218564614
0.0029803673726206646,0.6796336414586992
0.018195669791534818,0.67013810656854811
0.030526902041270225,0.69001476901160219
0.047194743906904209,0.70279193654459604
0.28677567351785449,0.9227134769202151
0.47784865001668708,0.88470940859968272
0.73317231488057555,0.67929001957684709
0.85338875710214646,0.38597704387761655
0.91841715018534908,0.49919294784898499
0.97462535996983624,0.35104413547346003
1.0285941131672365,0.33436299208780185
0.0064649876613270983,0.25987885533122218
0.021317671365102361,0.32651260723139935
0.050416239597240273,0.40128740695093668
0.10561245530284877,0.3158033306071949
0.13539931192873211,0.31183404703129769
0.20037101423981446,0.43003130654577332
0.22566116622528842,0.3835559524072884
0.283879743252202,0.55622240518580046
0.33096828205570628,0.41049592833908805
0.35799240958410095,0.39143374326077013
0.38043224831220368,0.38595195437683266
0.425615467241928,0.42748632210509036
0.46365223145923362,0.43606050981953365
0.48167729892437128,0.43576344398706207
0.49298833908619644,0.43298226418734892
0.51197177967327256,0.41480831998219064
0.53881548212472785,0.40621514110152318
0.55352652193941543,0.38294927768838871
0.57005850432802463,0.37331767119550358
0.60222306154134442,0.51686699347868081
0.62738689592055774,0.45310233834880242
0.64571915081319198,0.56360492682889252
0.65995511533007456,0.51215491954787262
0.67224005150826005,0.46249787862678587
0.68135476279979101,0.39977580462409712
0.68967607382604168,0.38197296233930494
0.69449585709684047,0.3704015782723315
0.6994764643797855,0.3790894858882361
0.70451649043333675,0.34288131869118338
0.71299801714845035,0.40745358977751633
0.72383599890873129,0.45197572345135983
0.73502754325462305,0.42799323859528787
0.74517051327737116,0.41921339663287455
0.75415136644888481,0.41407311812005337
0.7598096102271219,0.35511540874915587
0.76745851816122035,0.32233168832472647
0.77554124845950112,0.42814737208816406
0.7827940188314596,0.34415445027010283
0.78752787801062407,0.34665517088711956
0.79037382112217669,0.35680176220431326
0.79735608833676497,0.40282496991820327
0.80334653480798091,0.3871819024328802
0.810451311671883,0.31545151676566835
0.81615075655824787,0.43535017147607902
0.83068306556770499,0.45737950961543083
0.83578675075667208,0.27792524745133851
3.999772046953638,0.25125088429532672
23.998860234686841,0.25018501866199083
123.99430117343601,0.25007313605864911
623.97150586721705,0.25004210612025879
3123.8575293361901,0.25000491034401678
10000.000000000002,0.25000217401765062
9999.9999999999982,0.25000493072173491
9999.9999999999982,0.25000345701328958
10000,0.2500050266956978
9999.9999999999982,0.25000440227523896
10000.000000000002,0.25000470230714622
9999.9999999999964,0.25000579145446067
9999.9999999999982,0.2500057859053938
10000,0.25000583676439342
9999.9999999999982,0.25000577034686661
9999.9999999999982,0.25000610487136027
9999.9999999999982,0.2500058484750583
10000.000000000002,0.25000667294880491
9999.9999999999982,0.25000642022717412
9999.9999999999982,0.25000593413313432
10000,0.25000593386986247
9999.9999999999982,0.25000620731096368
10000,0.25000579670008155
10000,0.25000572278934152
9999.9999999999982,0.25000608374986899
9999.9999999999964,0.25000531425938927
10000.000000000004,0.25000582899416068
9999.9999999999982,0.2500053726524174
10000.000000000002,0.2500048377572045
9999.9999999999982,0.2500053622827198
10000.000000000004,0.25000511850543589
10000.000000000004,0.25000612513905385
10000.000000000004,0.25000627081330368
10000,0.25000531454898373
10000,0.2500053846687636
10000,0.25000506363854691
9999.9999999999982,0.25000469486518639
10000,0.25000470586949253
9999.9999999999964,0.2500049288136415
10000,0.25000409730547435
10000,0.2500056131714784
10000,0.25000534124883295
9999.9999999999964,0.2500049922255716
10000,0.25000509821934747
10000.000000000002,0.25000425560087186
10000,0.25000423589204079
9999.9999999999982,0.25000409824062664
10000,0.25000419231490606
9999.9999999999982,0.25000530222292416
10000,0.25000430446958066
0.013059714140515185,0.25521281805975088
0.040858751343040428,0.39973252948385035
0.062470649756297431,0.78670341664050569
0.12452537997589037,0.78641263384522175
0.20747170997981979,0.82540286300299459
0.25157672496132527,0.78279553146550918
0.29970608318883318,0.40534628117605898
0.35742602835266157,0.35252430365314047
0.41647752096162038,0.32994540455383947
0.4709875260265261,0.57303658134092383
0.49858417298858615,0.65672381107056854
0.50571120215308141,0.73804766755262052
0.51154835744007243,0.73362436373162909
0.52864633064667377,0.66728471410516843
0.53980748146562829,0.66179661303129422
0.55488561092959254,0.62548791809486048
0.56567844703558767,0.62103311943119888
0.57588193759328588,0.61375887617807356
0.58418347817797989,0.72800878319335849
0.60611637029911469,0.45598898206012628
0.61877651193642891,0.56570637077436292
0.62840115358067083,0.57875729836367773
0.64093513132339441,0.55603075108324307
0.65179701515252342,0.54560173375144028
0.64925608918711608,0.68493916401023547
0.65659007795087143,0.5948280849790315
0.67853449819651757,0.70823796402707495
0.69380548355539762,0.70575887145464111
0.71647903817129999,0.69547837596203155
0.73382161682113334,0.45038509030923712
0.76490265703133009,0.66618697128790194
0.78834422544432825,0.68481749766069266
