subject_id,group,datatype,verbal_content1,verbal_content2,verbal_content3,verbal_content4,verbal_content5,verbal_content6,verbal_content7,verbal_content8,verbal_content9,verbal_content10,verbal_content11,verbal_content12,verbal_content13,verbal_content14,verbal_content15,verbal_content16,verbal_content17,verbal_content18,verbal_content19,verbal_content20,verbal_content21,verbal_content22,verbal_content23,verbal_content24,verbal_content25,verbal_content26,verbal_content27,verbal_content28,verbal_content29,verbal_content30,verbal_content31,verbal_content32,verbal_content33,verbal_content34,verbal_content35,verbal_content36,verbal_content37,verbal_content38,verbal_content39,verbal_content40,verbal_content41,verbal_content42,verbal_content43,verbal_content44,verbal_content45,verbal_content46,verbal_content47,verbal_content48,verbal_content49,verbal_content50,verbal_content51,verbal_content52,verbal_content53,verbal_content54,verbal_content55,verbal_content56,verbal_content57,verbal_content58,verbal_content59,verbal_content60,verbal_content61,verbal_content62,verbal_content63,verbal_content64
26050801,with_obs,old_verbal,先看一下他沙发的颜色，那个洞洞板，包括洞洞板上挂的东西，有的可能是挂的耳机，旁边配了一把剪刀。有的是挂的帽子，配了一把剪刀，以及它在动物板上的位置是不一样的。花会有什么，花的种类会不一样。茶几的风格其实是不一样的，有圆形的，有正方形的，以及有六边形的，包括地毯的大小和它的款式，比如说像有斑点的，有格子的，以及有辐射状的。沙发的颜色，好像沙发的宽窄大小也不太一样。还有那个灯我最开始观察的时候会发现它有一个是在灯的旁边，有一个那种拉的开关。后面的时候也会看到它有的没有插头的线，有的是有插头的线的。还有有书架，有的有书架，有的没有书架，包括有的会在地上或者桌子上放茶杯呀、书呀，以及一个。棕色的小熊，对，就基本上就是这些。,最开始肯定就是会注意到的就是沙发的颜色，后面慢慢的会发现就是它，哦对，刚刚还有一个壁画忘记说了，沙发之后就是看那个壁画，它里面的内容有的是风景，有的是人，有的可能比较抽象，后面。做的多了之后会发现这个壁画它大小也会不太一样，也在做的过程中也会尝试着可能去试一下条件。,最先就是沙发的颜色，后面可能到了中间偏后的位置是观察到了台灯的问题。茶几应该是在沙发之后看到的一个，对，包括茶几的话，我是有看它的形状以及它的大小，还有颜色，可能是深色的还是浅色的。在茶几之后应该是地毯，对，地毯的，一开始是观察的地毯的款式，后来的时候慢慢的会更偏向于地毯的大小。对，中间也有尝试过花的种类，但是其实试，可能就试了几个 trail 吧，其他的就后面就没再试，因为感觉也试不太出来。对，最主要的就是这些，是很早的时候就试，因为我记得有一个选了一个，我忘了是带鞋柜、书架还是镜子。可能有选过一次，选了一次带洞洞板的，都分数非常的低，我那个时候可能就会认为他不太喜欢那个，所以到后面的时候就没有把这个考虑进来。对，可能因为最开始就已经把它排除掉了，但也确实每次选的时候会额外的去注意一下，如果他地上、桌子上、沙发上以及墙上会有额外的东西的时候，我就不会去选那张图。,对，对，但是干净的话，壁画是一定存在的嘛，那个是不得不选的，除了那个之外的话，就会规避掉镜子、书架、洞洞板、鞋柜，以及地上的像茶杯，还有陶瓷这种东西。然后桌子上的一些书，还有闹钟，对。就都不会选那些。,就是我发现我一旦，我一开始的时候，有一次分数非常高，然后那个时候，那个屋子里面非常干净，就是除了它每一张图都必有的那些东西之外，它没有其他任何的装饰。然后我依依照着这个范本去选择它的下一个 trail 的时候，我发现，就是我其实当时是没有注意到的，我选了一个应该是带洞洞板的图。结果他的分数非常的低，我在拿到低分，我一般分数如果中等的话，我会比较快速的浏览一下四个图的特点，然后跳到下一个 trail。但是如果非常低或者非常高的时候，我就会选择去停留一下，观察一下四张图，它到底会有哪些特征。,我就在观察这个分数非常低的时候，发现其实大家都非常干净，只有那一张图里面出现了一个洞洞板，那个时候我会觉得， OK， 应该是这个洞洞板它影响了我这次的分数。包括后面，非常无意间的，因为当时也没有太仔细的观察，选了一个带镜子的，那个结果也非常的低，所以我当时可能在中间，比较开始，60的话，可能在20个左右的时候，我会认为他更喜欢一些干净的环境。,大概吧。,就是可能还是跟我自己有关吧，我，如果我是作为一个顾客来说的话，对于最吸引我的一点，一定是这个屋子里面体积最大的，我们就是你乍一看，它一定是最先映入你眼帘的，对我来说，这张图里面最主要的就是沙发。其实我在做的时候也是会有这种偏向，我们肯定先是。最主体的，比如说我的顺序就是沙发，茶几，地毯，是到比较靠后一点的，才会更关注到像台灯的款式啊，以及像桌子大小这种，可能因为很细微的差别嘛，会靠后一些。对，所以最开始的时候还是想试一下这个沙发的颜色会不会是对于他满意度的最主要的一个因素。,没确定，但是我有一个大概的倾向，也可能是因为总结了我，分数比较高，可能92、91左右的几轮，我会认为他更喜欢深色的，圆一点，他那个桌面稍微大一点的茶几，搭配的地毯也要稍微大一点，就不能是那种小小的。款式的话，或许他更喜欢带格子的，但是我其实没有试出来。沙发的颜色我认为其实好像不太重要，反而是壁画的大小，我会隐隐约约的觉得他会喜欢稍微的中号或者大一点的。比较确定的一点应该是他不太喜欢那种不插电源的台灯，会更喜欢那种带线的台灯。也不太确定，因为毕竟也没有最终达到最满意的分数嘛，所以其实都是猜测。,我们记不住，我就嘟囔了几句，但其实我发现就是嘟囔了几句也不太管用。可能对于我来说更好的方法是，就是动笔去记一下，可能就好记性不如烂笔头嘛。但是在这个条件下的话，可能确实就是，要不然就是我其实最开始的时候有尝试过重复，如果我发现我一开始试的时候会认为他不喜欢黄色的沙发，我就多选了几遍，避开黄色的沙发，选别的。好像。好像又不太对，但是后面我会认为他喜欢圆形的茶几的时候，我其实是有多去重复着，因为我们有60个 trail 嘛，我会重复几个，去让我加深对这个他偏好的一个印象。但其实很多细节就像刚刚说的，前面刚做完的 trail 还能保持一点点的记忆，只要他隔到了一下，中间间隔了一个 trail 之后，就完全记不住了。也记不住自己当时选的，会有哪些巧思，说这个不行，那个不行，为什么要选这个，其实都记不太住。,就是他其实就蛮奇怪的一点，就是当我认为他非常喜欢那个茶几的时候，他总会有另外一个我想要排除的因素。比如说有一次，有一个 chair， 我记得他有一个非常大的方格状的地毯，上面有一个深色，圆形，面桌面也比较大的茶几。但是他在地毯旁边放了一个闹钟，我就没有选那个，因为我会觉得他不喜欢这种很。冗杂的这种环境，对，我的排除，首先我排除它，这个图不选它的第一个要点就是它会有过多的装饰。OK， 好，谢谢。没事。,,,,,,,,,,,,,,,,,,,,,,,,,,,,,,,,,,,,,,,,,,,,,,,,,,,,,
26050901,with_obs,old_verbal,最开始会注意到壁画的种类，茶几的形状和颜色，沙发的颜色以及沙发上有没有抱枕。还有花的颜色以及地毯的花纹。,有一些画里面会有镜子，茶杯、玩具熊之类的比较细节的东西。再往后做，会发现拍摄的视角可能。不太一样。,你是说后面填那个问卷的时候吗？还是说？,没有，因为我觉得是比较细节的东西，应该不会影响大致的分数。,最开始就是，比如说控制。沙发的颜色不变，或者是茶几的形状不变，去排除，但是感觉这样做找不到太多的规律，后面就会去看它们颜色的适配程度。,我最后就是会只选茶几和壁画，如果它们两个是适配的话，我就会去选。我可能会就不怎么去关注花的颜色，除非它真的特别突兀。,这个有标准答案吗？,我觉得还是有点难的，到后面就开始头疼了。,其实是会的，因为最开始就是，我觉得可能也跟游戏时长有关系，就是可能做到后面就觉得很烦。,我最开始其实就是想找，当时其实没有关注那个壁画，主要就是看沙发、花，还有桌子。,最低的应该是20多分，最高应该是80多分，中间有一段时间是在50分左右，中间上下浮动了一下，其实我做完之后我也不太清楚到底有什么规律。因为我，但是我感觉应该是，跟他在视野里的一个布局可能有关吧，因为我觉得那个茶几和壁画，他们分别是位于比较靠下的和比较靠上的位置，可能更容易被关注到。,我想知道。,,,,,,,,,,,,,,,,,,,,,,,,,,,,,,,,,,,,,,,,,,,,,,,,,,,,
26050902,with_obs,old_verbal,沙发、茶几、地毯、壁画、花、镜子。洞洞板。还出现过一个书架。还有光线。,我觉得。比较重要的就那个沙发、茶几、地毯、植物和壁画这五个。后面我发现他什么，沙发上的抱枕啊，还有地上会出现小熊水杯啊什么的，这些东西就是随机，好像会出现一些新东西，但是那些沙发什么的就是都在。,对，我觉得他就选方案，应该跟这几个东西搭配。有关。,我上来先看沙发的颜色，我发现其实看不太出来，都差不多，就是无非是四十几或者五十出头。然后其实我没有什么头绪，我觉得如果是五个排列组合的话，好像有点复杂。然后我后面就就。发现就点到了花，其实我也不知道怎么点到的，我发现每次选那个蝴蝶兰的时候，分数都挺高的，都在80左右。但是我又看到他那个，如果选蝴蝶兰的话，其他四个东西的组合肯定都是不一样的。就我 get 到了这个信息，但我不知道。,我就是猜，我好像看他蝴蝶兰和粉色沙发，还有石头桌子，组合好像是经常出现，反正出现的频率很高。然后我觉得可能这几个组合在一起，可能会评分高。然后如果这些组合在一起了的话，我觉得哈，其他的应该是四种方案，每一种方案是不同的组合。比如说我第一个方案有沙发了。是沙发和蝴蝶兰的组合，其他的几个方案我就要尝试让它是不同的东西组合在一起。,是的。我觉得其实我也有一点我个人因素在里面，我觉得那个粉色蝴蝶兰和粉色沙发它应该是搭配在一起，然后那个就像那个蓝色沙发和那个蓝色的小，哦不。和蓝色的壁画，还有黄色的沙发和圆圆的小桌子。但好像并不是每次都能满足这些。,对。,因为我。,嗯，因为我想看看他是不是真的喜欢某一种颜色的沙发，就是他需要我给推荐的四个里面都是，比如说都是粉色沙发，或者都要有蝴蝶兰才行。,没有找到规律。我觉得我不知道。,我觉得他喜欢蝴蝶兰，但是只要我选蝴蝶兰，就每个方案里面都有蝴蝶兰的话，那他其他几种搭配就不是我能控制的了。,或者说我觉得他组合太多了，我有点控制不了变量。,其实也不是，因为我没有办法。只变一个量，其实我只能固定一个量。嗯，行。,所以这个到底是怎么回事啊？,哦，好。,上来就是我试图记它的组合，比如说粉沙发和石头的茶几，再加上带方格的地毯，记它们三个在一起。我后来发现，其实壁画和植物一直都在。我其实一开始就是想，我也不知道它是三个因素还是五个因素，都要。,我反正我一开始我觉得。家居设计嘛，应该上来看比较大的壁画啊，花啊，这些其实都可以换。OK。我就选了沙发、茶几和地毯。但我后来发现不是的，我发现不是了之后，我就觉得。好像就没有什么头绪，就都试不出来。OK， 没关系。,因为我每次都会，选一个元素，后面做的比较多的就是那个郁金香和蝴蝶兰。我发现，我有好多次吧，就把带蝴蝶兰的四个选上，我发现分数都挺高，选了两三次吧，可能。郁金香的，我发现它分数都很低，所以我就觉得他应该不喜欢郁金香。我就尝试了，对，我还尝试了另外两种植物，就是像一个棒棒糖的树。它的分数也挺高的，是火鹤呀，什么一样的东西，就是一朵红花，它的分数就很低，所以我就觉得他可能不喜欢郁金香和红色的花。我就也试过几次，只选棒棒糖和。但我也没有发现任何规律。,有一点吧，我，我提交了二十多次的时候，因为之前那几个八十几分的，我就想回忆一下是什么组合，但我想不起来，所以二十多次的时候我告诉自己。就当前面都没有，从头开始。,,,,,,,,,,,,,,,,,,,,,,,,,,,,,,,,,,,,,,,,,,,,,
26050903,with_obs,old_verbal,注意到了，首先是植物的不同，然后是挂画的不同，然后是颜色和地毯的不同，主要就这四个。,茶几的不同。,嗯，然后这是初期还是刚开始代表？,然后有玩偶，书书本，茶杯。,挂画、植物、地毯、沙发、茶几。,最常出现的都试过，然后偶尔出现的应该是试了玩偶和书本。,我先尝试的是所有植物一样，选一下，所有地毯一样，最后选择了有一个地毯一样的。之后呢，再比如说四个一样的，先确定三个一样的，再把那个排除，再去选，然后这样重复。,因为这是能第一个想到的吧，先试了相同之后，又试了一下不同，在相同的基础上试了不同。比如说他们的地毯都相同，然后某一个元素是对这种。,波点地毯。,对，但是不清楚另一个是什么。,就是不知道是波在波在波点地毯，一样基础上是某一个元素不同，还是说波点地毯加这个的组合影响结果，或者是某两个东西之间组合呀什么的。,没有达到100分。,还是很难的。,嗯，是我做过心理学实验里头最难的。,是观察阶段吗？,哦，就是。,我就是想先开始尝试那个所有都一样的策略。对。,比较高的轮的话，就会记住这里面有什么东西是比较有共同点的。,对，然后把这个线索提取出来。OK。然后比较低的就就排除了，那个线索。,给我信息是可能这个方向是错的，要换一个方向，比如说要开始选都不同的试一下。,大。因为会不记得自己试的错。,选四个格地毯也比较高，但是没有柏莱地毯高，对对对。,然后就是有几个特殊的，一选它分就比较低的会。,出现很少的就不重要。,,,,,,,,,,,,,,,,,,,,,,,,,,,,,,,,,,,,,,,,
26051101,with_obs,old_verbal,沙发的颜色、茶几的形状，还有花的颜色、墙画，还有他房间的布置，有一些有镜子，有一些有书柜，还有一些有那洞洞板。对，一刚开始是这些哈，对。之后又开始关注了，有一些沙发不是很平整。不是很平整。对。好的。我污渍没看到，但是后来我看到了。还有地上的一些摆的，哦对，我第一次看的时候，只有一张图的桌子上有杯子。对，就这些。ok。一刚开始的时候就这些。ok。,正式实验一刚开始是根据个人喜好来选的，我喜欢那种带书架带镜子，对，我一刚开始第一个选的就是带书架带镜子，和那个洞洞板的那个，还有另外选了一个大概我喜欢的颜色。之后我发现分数不是很高。然后选了四五题以后，我就觉得不行，我要用排除法。我就先按照每个沙发的颜色选的，选粉色、蓝色分别选，最后我发现绿色的分数最高，得了82分。哦，我大概就知道他喜欢这个沙发，对。,之后我就开始排除，我就开始单独的选茶几、选画儿、选花儿，但是我后来我发现茶几的分数差别很大，所以我就确定了圆形的沙发，深色圆形的沙发。但是我发现画和花儿的颜色好像感觉差别不是很大。之后我就开始。我确定了绿色之后呢，我也把蓝色当做了备选项，因为绿色和蓝色都是冷色系的，我就排除了粉色和黄色。之后呢，我就根据这两种颜色，之后呢，哎呀，反正就是对比着选，对比着排除吧。,之后我中间也遇到了一些，就像问题里面说的，有没有一些50多分那种选项？那种选项确实很迷惑，就不知道你到底是喜欢呢还是不喜欢？我知道他不喜欢，但是你到底不喜欢什么呢？但是后来那个，我又选到了几个三十几分的，我已经忘了我当时选的是什么了，不过我能确定他就是不喜欢的，我就把那个项排除了。然后像洞洞板啊，熊啊，杯子啊，那种的，还有地上那些书本、陶器，我发现顾客都不喜欢，每次选完了以后，那分数都，诶，突然变得很低，我就选那些比较干净整洁的图案。但选到最后我就发现我没什么可选的了。我也选了沙发和花的对比，因为有一些花的颜色是冷色的，是白色的，还有一些花是粉色暖色的，还有比较暗的那种红色。之后呢，黄色比较明亮吧，但是我们，我不是特别喜欢黄色啊。我我也做了这些冷暖的对比，后来我就感觉好像冷暖对比也不是特别强烈，最后我就关注到了光线。哎，我刚刚光线得多少分？好像有得了70多分，我就发现可能光线是不是还是有点影响的呀？反正我就大概根据这个选吧，我就选了100分了。哦，对。对，我好像后面几个选的分数还挺高的，有几个，七八十分的，大概能有有一个方向吧，就选出来了。OK。,就是首先是冷色的沙发，圆形的茶几，对，我还对比了圆形茶几和地毯的对比，后来没得出什么成分数来，还有就是光线，我觉得这几个选项比较重要。然后就选出来了。对，还有个就是干净，不能有杂物，对对对。OK。,嗯，这个不知道我猜，猜的对不对。,也也包含了沙发，就是沙发颜色，圆形茶几和地毯。之后呢，沙发颜色，异形茶几，比如说方形的和那个六角形的和地毯。对，我也对比了一下，因为有那个地毯，它是那种。这种线圆，它虽然是圆形，但是它是那种井字的。之后呢，那种颜色感觉这个房间比较颜色有点暗。对对对，之后呢还有那种点点的那种，感觉就比较俏皮一点。另外两种图案就感觉差别不是很明显，感觉就比较冷静的。对对对对对对。嗯， OK。,用我自己的喜好。,对对对对对对对，我就纯靠个人喜好，我就喜欢那种，我因为我喜欢暖色的，之后呢我又喜欢那种有一点布置的，结果发现，哎，分数分数不是太高啊，对，就是这样。,对，我发现不能这么瞎选，瞎选选不出来，我就开始用排除法。ok。对，排除法我都用尽了，就感觉好像没有什么好排除的，我就开始看情怀，就看看看，哦，光线有有区别，然后我就开始选光线。,对对对，每次都用。对，就比如说每次，这一次我全都选粉色，这一次我全选蓝色沙发，这一次我全选绿色沙发，这一次我全选黄色沙发，哎，这个明显绿色沙发的分数就特别的高。之后呢，就是这次我全选这个款式的茶几，这一次我全选这个这款花，这次我全选这款花，然后我就大概可能知道他喜欢什么了。OK。,哦，高分，我觉得高分和低分，那个还是很能辨别顾客喜好的。对，因为因为，对对，能能很明显的帮忙确定他顾客的喜好，但是像那种中不溜的分儿啊，那种五六十分儿啊，60分儿可能还好，但是得到50分儿的时候，真的就是有点晕了。对。,对，不太确定，对，我就可能要再选一选，哎，我发现还是这，怎么还是这分儿啊？就是，嗯，中间也得了一些这种分儿，就比较低。price.好的。,啊，对，有难度。有难度。对对对，有难度，但是没想到，哎，下一个居然一下就选到了100分，好惊喜。,那倒是没有，因为我觉得我已经把我能排除的排除了，把我能得到的得到了，下面就是对比吧。OK。就还好，我觉得。OK。影响不会很大，记忆上的影响。,,,,,,,,,,,,,,,,,,,,,,,,,,,,,,,,,,,,,,,,,,,,,,,,,
26051102,with_obs,old_verbal,我一开始我以为他风格上会有很大的不同，后来发现好像风格都差不多。然后我去看一些小的细节，比方说像。就是在例子的阶段，我可能会注意到，比方说他的沙发的颜色，他有四种颜色，所以我觉得可能顾客他会喜欢这四种色。然后或者是什么，比方说像什么画的内容啊，以及他植被，我一开始可能观测错了，就是我发现他那个植被都是那种比较有主干的植物，他不是那种类似于滴水观音那种四散的植物。所以我把就是这样的当成了一个特点，但我后来发现好像就是选项里都是这样的。,还有像桌子啊，什么地毯啊这些东西。,我觉得可能以前我只是。是发现了，但我没有找到它的规律。我我不知道它的规律是什么，因为。ok。我，就是它那个反馈的分数里面可能包含了很多个因素，但是我每次只能排除一个因素，所以我就不停地在做尝试。,就是单一变量法，比方说我这次做了一个什么，我发现它分数很低，那我就会尝试换一种，它可能分数一下子就高了，我就会确定说，哦，我这个想的是对的。,我我觉得好像通过反馈而言，那个顾客比较喜欢两个颜色的沙发，他喜欢。OK。蓝绿色。,也不是，我一开始的策略是四种颜色的沙发我都给他了，每个一样。后来我有一次选错了，后来就发现他喜欢两个颜色，就他可能不太喜欢四种颜色的方案都有，然后。我又注意到他可能比较喜欢木头的桌子，他不太喜欢石桌子。所以说一般就是又是两种颜色，又得是木头桌子的，蓝绿色会比较多一点。,因为我一直没有到那个满分，所以我到现在也不知道他的正确答案是什么，但是在我看来，我觉得他比较喜欢。,他不太喜欢有装饰类的东西，比方说像什么茶杯啊、小熊啊、抱枕这种，ok。他都不喜欢。然后他喜欢圆桌子，在我看来。,就是圆的木头桌子，可能木头的方桌子他也不喜欢。然后沙发颜色要单调一点，以及他的壁画可能也不喜欢，就是种类特别多的。,就是如果你的方案里面只给他提供了一种壁画，他会不喜欢。但如果你的方案里给他提供了四种壁画，他也不喜欢。,我第一轮的时候我就直接懵在那儿了，因为我没发现他们的样式那么一样。我当时的尝试可能是按照我记忆中，会去找我记忆里面我看到过的图，我再给他把原图找出来。,到后面就乱了，就是记不住了。,我觉得就是看到低分的话，因为比方说我二十几分，我就会想，可能我的现阶段的选择跟就是客户他的心理预期差特别多，所以觉得可能就没有什么总结的意义了。但如果分数很高的话，我就会去。总结。就是我就会基于这个答案去看，说他他他他喜欢什么。,有，比方说持续在70多或者40多这种。我就是会意识到，比方说我不停地在改一些方面，但是那个人他可能觉得这些方面对他而言差不多，或者说。没什么用这样子。,我一开始以为，比方说像那个灯，它有没有电线这件事情。后来我发现这图片好像是 AI 生成的吧。OK。然后以及比方说像壁画，它的拍摄的角度，就是它是，我后面的选项其实有一个依据是在于它这个壁画的大小是不是差不多大。但我发现我很难在16张图片里面找到4张差不多大的壁画。就是就很，就是你只能取舍一下。好的。,我觉得很难。,我觉得记忆有影响，但是不大。最难的点是在于，就是，因为你是16个图片里面选4个嘛，每4个里面它有它的因素太多了，就是你很难每次都只排除一个因素，就这样子排，你就排到后面你就乱了。OK。,,,,,,,,,,,,,,,,,,,,,,,,,,,,,,,,,,,,,,,,,,,,,,,
26051103,with_obs,old_verbal,主要就是主要就是那6个物品或者颜色，主要就是那挂画儿、沙发，台灯，地毯、桌子。然后旁边那个灯感觉没什么区别，就没再看了。,我一开始在想要不就是色调有没有配合的关系，要不就是可能某一种图案或者某一种物品对应一种其他的物品，这样排列组合，我就一直在排，一直在寻求排列组合。,我主要就是先确定，比如说我先确定壁画儿，让它保持不一样，在保持壁画儿不一样的同时，让地毯或者台灯，让地毯或者桌子。尽量可能的不一样，你会发现有的时候确定了两个之后，其他的就是唯一的了。这样反复测试，发现很多分数都是50分左右，就觉得可能有问题。有的时候可能我去看看色调有没有问题的时候，它反而分数会更高，我就在逐渐放弃排列组合的方式，忽略到某。忽略掉某些物品的，让某些物品保持一致，再。再进行一个排列组合，才行。,对，我基本上就是，比如说固定固定让两个不一样或者三个不一样，反复进行尝试，比如说我就让桌子，然后沙发和壁画不一样。其他保持一样，这样排列组合，要不就是先是四个不一样，三个不一样，两个不一样，最后就都一样了，再尝试。,因为我觉得这种没有明显的提示，因为它东西非常多，那就只能控制变量。说白了还是实验思维，控制变量法，然后进行尝试，我觉得比较符合直觉。,对，因为我一开始尝试了让某一种一样的时候，发现分比较低，然后我就在尝试让它不一样，最后发现好像分一直都上不到七八十。然后我就让它尝试一样，反而能到七八十以上。,反正我觉得可能花儿可能本身不太重要，因为我最后是两种不一样的花儿，是四个四个模板只有两种不一样的花儿，所以我觉得花儿可能大概率是不太重要的。但我觉得桌子跟，桌子跟地毯可能是比较重要的。因为最后发现可能桌子的地毯不太一样，我最后一步，倒数第二步是93分，当时是，看的，我选的是三个，那叫什么红，就小小红花和一个白花，我就在想要不要换成两个白花，一个两个红花，然后就这样尝试，其实还是有一定蒙的成分。,对。,就是它，给我的就是，如果完全没有规律，因为我找了一些完全，四个完全不一样的，但是分在跳跃，有的时候二十多分，有的时候五十多分，所以我觉得可能跟它没关系，就去找另外的可能性。,我觉得在。如果把它单纯看成一个找不同来说，难度还是挺大的。但是我觉得。但是我觉得到后期，就是你去多尝试，因为它60次，如果它这个实验只有30次或者40次的话，你想得满分我觉得很难，但是我觉得六七十次的话，得满分的话，排列组合这个方法还是可以考虑的，还是还是不是很难的。,我觉得它可能是一个比较抽象的规则，因为比如说。因为我到最后，我我怀疑有，他有一些小的物品或者是什么在干扰我，我有，当时在怀疑这些物品有没有关系，但是后来我选择性的把它忽略掉了。然后我到最后也不知道这些小物品到底有什么作用，包括色调之间的配合，我有的时候觉得暖色调之间互相配合的时候确实会分高一些，但是我也不清楚具体的判评分原理是什么。,反正我觉得壁画很重要，壁画跟壁画壁画应该算是最重要的，我就所有的判断基准都是以壁画的差异来判断的。,对，尽量不要让它重复。,别的话，我在，就是那几个小物品，给我一种，因为用 AI 比较多，我就觉得它可能是 AI 生图的时候，我就认为它是杂乱生成的，选择性的只把它直接忽略掉。OK。因为因为有的时候它会一样的东西，它会有这个物品，但有的时候它没有，我就会觉得它是一种干扰，就把它直接忽略了。,我觉得分数很低的时候，我就大概率是我想错了，然后就会立改立立刻换一种想法。,策略不对。如果是分数很高的话，我就会去好好看看这几个之间有什么关系，或者说它的色调，或者说它的不同有什么关系。如果分数一直不变的话，那我就会多尝试几个不同的排列组合。,有，但是不是很严重，因为我用一些这个。什么白花儿啊，小粉花儿，这个口诀来记忆。对，但是会有，忘了两三次吧，可能，但是大部分还是能记住自己选了些什么。,,,,,,,,,,,,,,,,,,,,,,,,,,,,,,,,,,,,,,,,,,,,,,,
26051104,with_obs,old_verbal,沙发的颜色。有区别，然后沙发的大小没有区别，然后壁画的大小和内容都有区别，然后灯的大小也有区别，然后有些有插座，有些没有插座，然后在灯的后面，有时候是洞洞板，有时候是柜子，有时候是全身镜，然后靠窗的那一边也出现过柜子和全身镜。花的样式，有不同样式的，有不同颜色的，同一种颜色有不同样式的。地毯的大小和花纹，桌子的款式，还有大小，有同一种款式，但是有不同大小的。桌上会出现杯子，或者地上出现杯子，闹钟、书本，好像没有了。,我看了一下沙发的颜色，桌子的款式，还有地毯，这几个我是一开始去排除的，比如说我都拿，都选蓝色沙发，或者都选绿色沙发，就会发现得分差不多都在50上下。我觉得可能这个不是什么很重要的影响东西，我就随便尝试着排列了一下，就发现粉色的花好像，有粉色的花的时候得分会偏高，我就选了两次，连续两次都只选粉色的花，它就会两次都是高分，我就觉得粉色的花是比较高的，就去在粉花里面选这种壁画，然后就会发现绿色的壁画得分也比较高，然后就连续选绿色的壁画，再连续选别的壁画，得出一个粉色的花和绿色的壁画都比较高的这样一个结论。OK。,我还会尝试去不同，去搭配，比如说我看粉色的花和蓝色的沙发，就会中间还试过一次用，试过几次，用绿色的壁画去搭配其他的花。OK。因为到后面相对都是一个比较高的分数，就去寻找这样一个。比较高的，在这个过程里，比如说我确定一项是既有粉色的花，也有绿色的壁画，另外三项就来回去调整，比如说我可以先确定三项，一项是粉花加绿画，另一项是粉花加蓝沙发，再一项是绿画加蓝沙发，最后一项去变动，在这个变动中我发现粉花加橙子的壁画的分数也是比较高的，这样子去。OK。找。,你第一轮其实我当时还不是特别清楚这个是在怎么弄，然后我就，就当时就是先随便选了一下。然后后面就是就开始去用这个排除，就是去找这些。比如沙发的颜色，或者是桌子的形状，有没有，有没有影响？OK， OK，,嗯，我中间有一次有一次是25分还是24分？然后当时好像是全部选了就是大红色的那个花。啊， OK。然后就是后面就是不管怎么去搭配，我都不会再考虑这一项。OK。,其实我觉得挺难的，因为因为我其实没有办法确定我自己到底是就是这样选是对的还是没有对，而且就是因为没有办法查看前面的内容，所以我会记混自己到底排除了些什么东西。,有一点。,,,,,,,,,,,,,,,,,,,,,,,,,,,,,,,,,,,,,,,,,,,,,,,,,,,,,,,,,
26051105,with_obs,old_verbal,我主要观察到沙发的颜色、茶几的形状，还有材质。还有地毯的形状，还有壁画的内容。落地灯，还有旁边的盆栽，还有出现的偶尔出现的抱枕、洞洞板、插座，还有有些一些放在地板上的物品，比如说杯子、玩具熊之类的。,我最开始的时候也几乎就是看这些因素，然后有没有什么变化，然后我在前期的时候，我主要关注的是出现概率比较低，但是我觉得。可能会比较实用的东西，比如说洞洞板、抱枕之类的。对。,我最开，对，我最开始的时候，我是选择了概率比较小的东西，比如说洞洞板、抱枕、玩具熊。然后后来我发现就是每次得分都比较固定，然后基本都是60到70，后来我就觉得就是如果我一次考虑的因素过多的话，这样子很浪费我的时间，所以我就开始固定一些因素，比如说我尝试了沙发的颜色，我每次都保证自己选择的沙发颜色一致的情况下，然后。,发现评分会比较集中，比如说粉色和绿色的沙发，它得分就会比蓝色和黄色的会高，所以我之后几次我就会比较倾向于选择粉色和绿色的沙发。后来我又选择了，后来我又固定了茶几的形状。然后我发现可能圆形的沙茶几可能会得分比较高，所以我在后面会倾向于选择粉色或是绿色。圆形的沙发，对。,沙发的形状，茶几的形状，不是沙发的颜色，茶几的形状，以及就是我前期以为比较重要的，比如说洞洞板插座，我觉得这些是让我迅速拿到100的原因。OK，,分数一直比较，一直跟前期的时候，我觉得是前期的几次，他分数都没有很大的变化，我觉得可能是我，选择的因素出现的概率太小了，在下一次选择的过程中，他可能就会不会再出现，所以我觉得这个，对我来说。重复实验可能对我来说没有什么意义，所以我会选择经常出现，而且也总会被改变的因素，比如说沙发的颜色和茶几的形状。我就就这两个因素，进行了一下，就是固定，又改变，发现就是分数有迅速的变化，我就认为可能我选择的这些因素比较重要。OK。,就是最前期我是怎么确定的？,对对对。对，最开始一进来我就想，第一一进去我可能还是会从自己如果想要选择不同的房间会比较关注什么，可能会比较先选择我认为实际生活中比较实用的因素，对。,游戏难度。,对，我觉得我觉得就是可能控制。分，我觉得可能影响分数的因素比较小，所以我觉得可能60轮过多。,对，我以，所以我一直以为就是60轮可能会有很多因素都比较关键，但是。,对。然后另外就是可能就是光线的氛围，我觉得可能就是，对，就是我关注的前期关注的那些因素并没有很大，就是大部分都没有很影响结果，对。,有，我觉得就是，我刚开始。我刚开始还甚至尝试过注意盆栽。但是盆栽它高低，还有它花的不同的花的种类，我发现它并没有办法让我控制变量，所以我就放弃观察这个因素。后来还有。挂饰画的内容，我发现就是它风格，内容，都出现的，它变化的因素都太多，我觉得我要是关注这两个因素的话，可能并不会对我有什么帮助，所以我就放弃，对，我就放弃关注这两个因素。,因为我觉得，因为我觉得，可能是因为我后来都选择的是相对来说植物比较大的房间的图片，所以我可能会觉得。就是它整个的占比可能反而是比较重要的，它的纸，花的品种可能没有那么重要。,,,,,,,,,,,,,,,,,,,,,,,,,,,,,,,,,,,,,,,,,,,,,,,,,,
26051201,with_obs,old_verbal,主要关注了沙发、茶几，还有地毯，以及看到了一些，一些共同的、相同的元素，比如说窗帘啊，还有落地灯之类的。也有一些是场景中，不是每个场景都有的，比如说地上的杯子。还有一些书，洞洞板之类的。,有，一开始的话就是我先是去测试了沙发的颜色对于喜好的影响，比如说我先全部都是选了粉色的沙发，或者选了绿色的沙发，就看到它对于评分的影响不是很大，对评分都比较低。后面就转变了一些策略。,后面的话就是也是单独去看了壁画之类的元素，然后发现壁画对于评分的影响比较高，我就把壁画和其他的元素去进行组合的一个就是搭配，再去看评分是不是有什么变化。OK。,有，后面的话就是发现。茶几的形状就是圆形的茶几，以及地毯上是斑点或者是格格，就是方格，以及壁画是飞鸟，这几个元素感觉是顾客就是更加喜好的。,第一轮的话我就是想单独的看每一个元元素，对于评分的影响，就是去单独测试。,就是因为我想先找到哪一个元素对于评分的影响比较大，然后后面想进行组合的一个搭配。,反正遇到低分的话，我就把这几个场景里面共同的元素，后面就不关注它，或者不选它。,有，就是组合搭配我觉得比较难吧。对，而且有的时候可能就是有点忘记了这个场景是不是选择过，这两个元素是不是已经搭配过，选择过，所以说可能有的时候会持续的去。重复，对，可能会有这种情况。,还好吧。,一点点吧，对，不是很大。,游戏难度还可以吧，就是60次我觉得是足够的。,,,,,,,,,,,,,,,,,,,,,,,,,,,,,,,,,,,,,,,,,,,,,,,,,,,,,
26051202,with_obs,old_verbal,谁？浏览的时候。对。我关注到了他的沙发、茶几，然后绿植，窗帘，还有落地灯，还有地板。,对，正式实验的时候，前期关注的是这些，到后期我看了一下分数，关注的点。就慢慢落在了光线。然后还有拍摄的角度。还有整体的氛围。,我先排除沙发的颜色嘛，我先把所有沙发的颜色都统一选。,全选绿的。,然后茶几呢，因为它不是有木质和大理石吗？那我就要么全选木质，要么全选大理石。,对，窗帘我倒没怎么注意。,哦，是到后期，我有一次弄到那个90分嘛，我全选的是光线亮的。然后我发现它是最高分。然后后面我选择的就基本就是全部是光线亮的，然后看是，嗯。,光线，它的整体氛围，还有绿植，还有一个窗帘。,就是拍摄角度。拍摄角度。,对。,挺好玩的，挺有趣的。,还好。还好。对。,不影响，慢慢做，然后也会发现一些规律。,我后，因为前期我一直没有发现有光线和拍摄角度的问题，我只注意了很浅显的沙发、绿植、茶几、地毯，然后后面慢慢做才会发现有其他的规律。,为什么呢？因为他那个分数怎么？因为那90我也是误打误撞。对。所以我就想是不是再看看能不能再把他的分数提高一下。,都试了。都试了。,第一轮。就看我自己喜欢的。,我就按照素净的来。素净。对，就是没有那些娃娃、书架啊什么的。,好像就30多分。,那你应该不是全素净。,一个一个试。,,,,,,,,,,,,,,,,,,,,,,,,,,,,,,,,,,,,,,,,,,,
26051203,with_obs,old_verbal,诶，这不是答过吗？,哦，沙发的颜色，还有地毯的样式。还有壁画。灯。窗帘。还有摆件、咖啡杯和玩具熊。还有茶几，茶几的样子。没有了。,啊，对，植物。对，对，还有灯。,对，落地灯的样子，还有它的光的颜色。,对对。,尝试过。,我是排除法，一开始是选择四个不同的，就比如说地毯，我会选择四个不同的地毯，如果得分是50分左右的话，就说明地毯对它的影响不是很大。如果得分高或低的话，说明地毯影响很大，然后我再逐个。排除确定他更喜欢哪种地毯，然后其他因素也是这样，然后确定了之后，一个因素会在，然后在其他因素上进行加或减，然后看他的分数。,对，四个变成，后面我确定的他是更倾向于是格子地毯嘛，因为格子地毯的分数最高。对。,就比如说我确定了它的格子地毯，但是它的分数始终在80分左右。我就在想，会不会是格子地毯，比如说格子地毯占50分，其他的因素占30分，会不会是其他的另外两个因素大于等于格子地毯的自己的分数？所以我就会选择三个格子地毯，然后加一个其他的，我觉得可能的因素，如果分数高的话，那就可能是。,其他因素我就后来我又选，我就是用这个方法，后来又选出了那个绿色的挂画，绿色的挂画有两种挂画嘛，后来我确定他更倾向于喜欢那个绿色的线条感的像鸟一样的挂画，我就确定了格子地毯和和那个挂画，但是我只是确定了这俩，他们两个的在一起的只有一个，所以我就后面就还是在尝试这种加进去一个因素，再减，所以我就在想会不会是。比如说是挂画加灯的因素，会大于地毯的因素。对，我就是这样一点尝试加排除。,我其实换了一个挂画，他就分数更高了，所以我就发现是这个绿色的。,也试过，试过，他们四个我都试过。都试了。对，然后后来确确定了是这个。后面我就再往这个方向走。,也试过。,对对对。,因为我测出来地毯了。对。然后我测出来地毯之后，我就在想，那是不是格，我我又测了两遍地毯，我发现确实是格子地毯占因素较多，然后后面。后面是我又测出来挂画，后面我又觉得他可能是沙发和茶几其实它只是颜色和形状不同，所以我就更倾向于我说他是不是更倾向于喜欢这种线条感的东西。所以我后面在尝试桌子的时候，我没有把桌子分成四种，我是给他分成了圆桌和方桌进行测试的。,但是其实我已经确定了一个东西，如果我再去试沙发的话，那不相当于又从头再来一遍？,对，其实都是一样的，我，我在位置选择的时候，我都是一样的，就像说我要是测桌子的话，我测出来这个桌子分数更高，那我也是都是一样的，我在地毯上面，其实如果说按你说的，我再测试一遍桌子，再测试一遍沙发的话，其实都是一样的，它们四个我觉得可能的四个选项顶多就会出现在一个图片上。他不可能出现在四个图片上，所以我后面的话就是更倾向于，不是颜色或者是种类，就倾向于他会不会更倾向于线条之类的东西。,哦对，所以，但是后来发现不对，因为他带线条的分数反而没有那么高，所以我还没有测试出来。对。好的。对，我就猜想不对了。,格子和绿色的挂画，绿色线条的那个挂画，然后还有他那个光。对，还有灯光我也测试出来了。,他不喜欢那种，他喜欢方方的灯，方就是正方体的灯，就是它会有一个梯梯形和一个正方体的，我推断他应该喜欢是正方体的。,对，然后他不喜欢家里面有凌乱的摆件。小熊和杯子之类的。,其实我做到后面的话，即使我，比如说我十几二十局的时候，我测试出来，他可能喜欢，但是我到了四十局五十局，我确定了一些东西的时候，我就会忘了我前面测试的他不喜欢什么了，所以就，他就会有一些浪费我的机会，就是有可能我就忘了。,做游戏的方式。就是我能记住他喜欢什么，但是我可能我记不住他不喜欢什么。啊对，所以所以做到后面我自己就有点懵了，我就记不住他不喜欢什么了，就是只能是靠的我的记忆往喜欢的上面靠了。,还可以吧。,也有点难度，要是不难的话，我就得100分了。,对对，如果说给我一个笔和纸的话，把所有的条件罗列的话，就一个个排除或一个个就是像做一个 Excel 表那种，打勾打叉那样的话应该会更快的得出结果。就好多后面的话我就已经忘了，我只能是根据感觉倾向的去把我自己定位在这个顾客上面，就是从一开始我开始按照他的想法去喜欢什么和不喜欢什么，就到后面的话就可能就完全就是我自己的觉得，啊他应该喜欢这个，对，去选择。明白。,就是因为他是家装设计师嘛，对，你要是去买，我觉得从我自己要是去买一个新房的话，我会看这个整体的感觉。就首先是看这个整体的感觉，它会整体的光，还有它的采光怎么样？就是看它的家装，大一点的家具，像一些小的家具就对它没有那么大影响，我就不会去考虑。,对对。,观察就是我发现他是逐渐，他是三轮观察，我发现他每一轮观察都会比上一轮要增加一些东西。就增加一些摆件啊，或者是就是光线更充足，还有一些摆件，他摆放的位置，就是地毯呀、桌子之类的更多。然后还有灯的颜色，落地灯的颜色就会更丰富一点，它会逐渐的去把这个家弄得丰富一点。,对，越来越多一些新的记忆点增增加了，对。,也没啥影响，我一开始还是按照我的想法来的，对，就是按最简单的那几个因素先选择。,,,,,,,,,,,,,,,,,,,,,,,,,,,,,,,,,
26051204,with_obs,old_verbal,这个不是都填过一遍，还要再口头描述一下？,沙发的颜色，花的类型，壁画的颜色，地毯的图案，还有桌子的类型。,正式的时候差不多，就是再额外加了一些其他的因素，但感觉很快就跳过了。,就是就看那个分类的时候给分的很细，但是我是把它归为了一类，就是什么地毯或者是其他的家具这些，在地毯上放的东西或者是其他。物理的就是非上述五个主要类型以外的，我就都把它归在了一起。,对，前面说的那五类都试了。然后这些就是被我归成一类的，这些杂七杂八的东西，然后也简单的试了一两次。,好。好像有一轮就是出现了，有四张图都有这些，我觉得比较无关的因素，就把这四张选上去试了一下。对，好像得了一个，反正就平均或者平均以下的分数，就没有特别高，就就就比较无关。,就是固定选一个元素下面的某一类型，嗯，第一次选就只选，比如说就拿沙发颜色有四种嘛。然后我可能选的时候就固定，比如这次就只选绿色，然后下一轮我就只选蓝色。,我觉得花的类型和壁画的类型。,好像就选这两个要素的时候，不同类型那个分差特别大。就好像印象中选白色的花和蝴蝶兰的时候，那个分数就比较高，选另外两种好像比较普通，选那个壁画的时候，是鸟的画和猫的画，就分数相对高一些，选风景画和另外一个什么，就是一个。人物的画的时候，就好像有一个是分数特别低。,觉得看怎么去摸到这个头绪吧，其实过程中我有在试图猜，应该是怎么。怎么判断的。,就是因为观察到。就是会出现一个4×4这样的分布。,对对对，所以相当于初始的时候就会有一个判断，就是觉得这个应该跟出现的这种4×4的分布的元素比较相关，所以其他那些就是偶尔出现一下的，会觉得比较偶然。,就感觉可能没没太摸着门道吧。对。我可能前几轮就是都在试某一类，然后先来判断这个尝试方法可不可行。,开始发现是有点记不住，中间发现因为我开始觉得它应该是一个固定搭配，后来做着做着发现好像这些元素是一个随机生成的，它不是，不存在一个固定搭配。对，后面就只记核心点，所以我记得就是我应该排除哪个，或者是重点关注哪个。,开始试图用排除法，把得到过低分的元素里的某一个类型给排除掉，发现好像得分还是不是很稳定，可能是70、80分附近。另外这样选，按排除法来选，有时候会出现选不够4张图，或者是有超过4张图可以选。对，所以后来觉得既然有两个元素是比较高分的，那应该是一个2×2的排列。,,,,,,,,,,,,,,,,,,,,,,,,,,,,,,,,,,,,,,,,,,,,,,,,,
26051301,with_obs,old_verbal,看到了最显眼的是沙发，沙发有四种颜色，是茶几，茶几也有四种，还有四种不同图案的地毯，沙发后面挂着的是有壁画，壁画也是不同的图案，沙发的左边放着。不同的盆栽有四种，右边的话是一盏落地灯，这个灯都是一样的。发现画是有大有小的，地毯也有大有小，桌子也有大有小。后来发现可能是视角的问题。有的时候会在地毯上出现小熊、书本之类的东西，有的时候会在。台灯旁边出现镜子或者是柜子之类的东西，还有洞洞板。窗帘都是，因为我当时没有翻完，我就只看了第一页，后来我发现还有第二页，第三页、第四页我没来得及看。我发现窗帘当时看到都是白色的，光线是很柔和的，地板没有注意到颜色有变化。整体基本上就是这样，最主要的就是。壁画、沙发、桌子，还有地毯，还有旁边的花。,我最开始最注意的是沙发，因为我觉得，一眼看上去好像沙发是最重要的东西，沙发和茶几。我开始去选沙发的颜色，但是我发现怎么选都选不对，我当时组合了一下，我出，随偶然出现了一个高分，我以为是顾客会比较喜欢粉色和黄色的沙发。所以有一段时间我就会局限在粉色和黄色沙发里面去做选择。,二十几轮，没有那么，没有那么靠后，应该再往前一些。,对，后面我就发现怎么组合都拿不到高分，前面第一次出现高分的时候。当时观察了最后选择的四个结果，壁画好像壁画和地毯是重复出现的，所以我当时认为说可能是重复的，因为比如说某一个壁画它出现了两次，是因为这个重复出现的元素导致了我的低分，因为我想着说顾客可能会喜欢，因为只有这一点是重复出现的，所以我以为顾客会想要这个。四个方案里面出现不同的元素，全部都是不同的元素，不同的元素越多越好，他会更满意。所以我认为是那个重复出现的导致了我低分。后面我就在排查到底是顾客不喜欢什么东西。,对，我发现他喜欢圆桌，试到后面我就有点记不清楚到底是。大圆桌还，深色的圆桌还是浅色的圆桌了。我发现他特别不喜欢方桌。地毯的话，这个我判断错了，我以为他特别不喜欢格子的地毯。沙发的话，我一直没有找出来，他到底喜欢什么颜色。我以为他会特别喜欢蝴蝶兰跟郁金香。中间一直在试错。,对，然后我就想避开低分的，比如说我我觉得格子地毯是低分的。所以我就会选择的时候避开格子地毯，但是我发现有的时候我没有办法完全的去避开我认为的低分的元素，就是我可能认为有两个东西是低分的。但是如果我这两个东西我都避开的话，我就没有合适的选项了。,嗯，就是因为我发现两两组合我记不住。我发现两两组合我完全记不住，到后面的话我就会，到底是郁金香还是那个白色的花，就是。忘记了。对，就是。不确定。对，因为地毯有两，地毯我认为是有两个喜欢的，花有两个喜欢的，桌子是有两个或三个喜欢的，我只确定他不喜欢那个方桌，那个大理石的我后面我就也记不清了。我就发现这样完全记不住，所以我就开始只选择固定一种东西，固定四种沙发的颜色。我发现这个沙发的颜色，他们评分都差不多，无论选哪个沙发的评分都差不多。我发现只有当我在选择壁画的时候，壁画和。桌子的时候，评分是会有，选择桌子的时候会有两次高分，70多和80多吧，大概。选择壁画的时候会，也是会有两次高分，我发现只有这四个东西，两种壁画和两种桌子，它们是有高分的。所以我就在最后选择的时候，就选择壁画和桌子都是正确的，就完成了。,有点难，因为我中间有一段时间我就觉得我可能完不成了，我当时看到20，到了20多轮的时候，其实已经有点累了，因为前面一直在，有那段时间一直是低分，我看了一眼，当时是22。第22轮了，已经接近一半了，那个时候就会低落一些，就觉得好像是不是没有希望了，但是后面最后就是发现只有四种东西是，只有四个东西是高分的时候，就一下子想通了，后面就觉得，就是不难了。,有过猜想，但是没有选择。猜想就是当时认为说会不会画面中出现的东西越多越好？没有选择是因为就是我认为的主要影响的那几个，就是壁画那几个，那五个东西。就是我还没有把他们。搞清楚。对，所以没有，其实我认为小熊那些都是次要的东西，主要的东西还没有搞清楚。再一个是后面就觉得我是每一轮都有可，都有可能选到100分的选项，但是这些小熊什么的，它不是每一轮都会出现。所以它。可能不是。对。,对。嗯嗯，对的对的。,,,,,,,,,,,,,,,,,,,,,,,,,,,,,,,,,,,,,,,,,,,,,,,,,,,,,,
26051302,with_obs,old_verbal,浏览的阶段。就是说一些元素吗？对对对。房间里面有没有阳光？然后沙发。色。茶几的形状、颜色，地毯的花色，壁画的图案，旁边植物的类型，有没有镜子？有没有置物架？有没有？嗯，我已经画了。没有动能板，有没有茶杯、小熊？有没有放书？,就是要怎么搭配吧，这些元素。,就是主要的有颜色比较重的这些沙发、茶几、地板。然后地毯、壁画、植物，他们之间的搭配。,有注意，但是没有。没有把它们放到选择中。,就是同一个元素，都选，选成相同的。然后看这一轮的分数。确定一个以后，就确定下一个元素。,获得什么样的信息？,哦，就，我觉得好像是茶几和地毯的组合。就是如果组合的太。喜欢的话，分数会高一点。还有植物和沙发的颜色。还有有的画儿好像他不是很喜欢。分数就会低一点，没了。,理解吗？还是打高分？,有，太多轮了，前面的就不记得是怎么选的了。明白。好的，那我就提上这些，谢谢您的参加。,,,,,,,,,,,,,,,,,,,,,,,,,,,,,,,,,,,,,,,,,,,,,,,,,,,,,,,
26051303,with_obs,old_verbal,沙发的颜色，植物的种类，还有地毯的图案，还有壁画的图案。,没有。,沙发的颜色，植物的种类，地毯的图案，还有那些小小的东西。,中期，实验中期。,验证沙发的颜色一般就是选择相同的颜色来验证。,沙发的话呢，是选择粉色的，分数比较高。,地毯的话，选择线条的分数比较高。我觉得和这个有关吧。,地上的书本。可能会影响分数，感觉选那个书本的话分数会比较高。还有杯子，我觉得这个应该不影响。,会。尝试就是记一些特征吧，相同的特征。,最终的话，我猜想是。沙发是粉色的，地毯呢，它是线条的。壁画呢，是一只鸟。还有就是地上的有书本。好的，嗯，写到这里了，谢谢你。,,,,,,,,,,,,,,,,,,,,,,,,,,,,,,,,,,,,,,,,,,,,,,,,,,,,,,
26051401,with_obs,old_verbal,94。,就是他的沙发的颜色，壁画，还有地毯，还有茶几，还有左边的那个花不一样。那个窗帘和右边那个灯是一样的。,就我看着大部分图都是一个白色的灯和一个。长得一样。啊啊，对对对。,还有个好像有的有小熊，有的有镜子。还有的有挂耳机的但是出现的频率比较低。,我先试的出现频率高的，出现低的有的时候根本就试不到，它就16个里面都没有。,就是当它出现就频率高的那种，我就先选4个同一个沙发颜色的。然后做这么4组试一下，发现它偏向。绿色的，然后其他的那几个元素也是这么试的。,就是绿色的沙发，然后有一个壁画，有三个女的那个壁画，然后这两个我觉得比较确定，然后还有三个不太确定，就是那个茶几可能是黄色圆形的，然后地毯可能是那个。球，有波纹的那个，还有花，我没试出来。,对，五个吧。五个。四五个。,就是他的评分会高，选那些。,我就是跟做实验一样，就做之前先想一个实验的目的，就比如说我就想看他这个绿色会不会高，选四个绿色，再选四个粉色，发现四个粉色的最高分，比如说就50，然后四个绿色最高分是80，我觉得他偏向绿色。,有有点吧，因为我到最后的时候也没不知道它100分的组合是啥，因为变量有点多，但是我觉得拿一个比较高的分数好像不不算很难，我挺早就试出一个比较高的了，就是提不上去。,就是它有16个图，然后。盯住一个元素的话，比如说旧沙发，它都是四个，绿色就是四个，画的话，出现同一幅画也是四个，所以我就用这种策略选的。,还记得吗？第一轮，我一开始第一轮的时候我就想试沙发颜色，所以第一轮他出了一个分数，我就大概记了一下，然后又第二轮又试了一个粉色沙发，然后再往下试个蓝色沙发，这四，先做前四轮我就试出沙发色。,它就很大，我就一下能看见它。,我觉得那个没有太大的用，因为他没也没说哪一种是好的，我觉得那个里面只能告诉我说他有几种元素是变的，有几种元素是不变的，大概有个印象，但是他偏向什么，我觉得还得看反馈。,我觉得没有什么影响，因为他试出一个元素之后，比如说试出绿色沙发，我就记着绿色沙发。然后试出那个三个女生那个画，我就记着那个画，这个我就不再去想了，再记下一个，我觉得不太。,它的组合是啥呀？,粉的吗？,啊，就是你得选最高的沙发和最高的桌子。,啊，组成这四个图，就是这四个图组成满分。对。哦，我还以为是有一个图是他最喜欢的，然后就比如说30、40、50、60，然后这是四个图的分数，然后我得到的是60，我以为是这样。,,,,,,,,,,,,,,,,,,,,,,,,,,,,,,,,,,,,,,,,,,,,
26051402,with_obs,old_verbal,关注到有沙发的颜色，有落地灯，茶几的款式，还有盆栽，还有地毯。,对，正式一开始的时候都是只关注这些。,先尝试了茶几的款式，因为茶几最开始进入眼睛，尝试了。发现有其他小摆件，比如说抱枕呐，书本啊，镜子等，我也单一尝试了。,第一次尝试是挑选有摆件的，发现分数并不高，之后我就完全放弃了摆件的这个选项，我只挑茶几的颜色，确定了一款茶几颜色是高分以后，开始挑选沙发的颜色。确定了两种沙发颜色是高分以后，开始挑选盆栽与沙发颜色的搭配。发现没有什么用，之后陷入无头绪状态，开始挑选其他的单一款式，比如说单一的壁画、单一的盆栽、单一的地毯款式，类似于这种。,喜欢的绿色沙发，粉色沙发。胡桃木的茶几。米白色的地毯。,通过分数。通过每一次他有增长的话，就仔细观察我这次选择的图片里面有什么相似的，和和我上一次的有什么不同的。,无头绪的那段时间是因为有的时候我选择绿色沙发，四个图片均为绿色和粉色。,对，每次只选两个绿色和两个粉色，然后图片中其他的东西差异还挺大的，然后他那个分数就卡在77到88之间，所以我就要去选择一下单一的选项。,观察后面的对我第一轮的策略有什么影响？,没有没有什么影响。,这个应该怎么说？普通的家装图片。是这个意思吗？我只观察到。普通的家装图片，答题的后边可以说吗？可以。答答题的时候出，突然出现地板颜色和窗帘颜色和拍摄视角，这些我完全没有注意到。,先选茶几，就像我刚才说的，茶几它在视觉的中心，我先挑选我看着比较喜欢的茶几。,都是一样的。都一样。,如果60轮的话，其实不是很难。,有影响，在我有的时候要确认两遍这个东西，像盆栽那种我要确认，因为有一段时间的想法是确认这个盆栽的颜色和沙发的颜色它之间有没有搭配，所以我要确认两遍。,我只记他喜欢和不喜欢。,对，中间值对我来说比较模糊。,我觉得满分的选项其实也不是太确定，就是100%我这次就能得到100。,,,,,,,,,,,,,,,,,,,,,,,,,,,,,,,,,,,,,,,,,,,,,,
26051403,with_obs,old_verbal,看了沙发，沙发的颜色，茶几，就是桌子的形状啊、材质啊、颜色呀、地毯，发现有不同的花纹，浏览的时候，还有，比如说植物的样式有变，有一些里边也有什么镜子呀、柜子呀、洞洞板这种的装饰，包括有的图案上，有的方案上地毯上会有小熊杯子书这种的那个不同的搭配，包括壁画的颜色，壁画的不同的样式图案，我我也注意到了。刚开始是看到了这些。,正式去选的时候，刚开始就是去注意。上面那些都看了，但是最开始是去看了茶几和沙发的搭配，茶几不同的形状、不同的材质会不会影响这个分数？确定了一种形状，或者说，几种几种形，两种形状，和颜色以后，再去看跟沙发的颜色，包括和植物的类型的搭配。对，最开始是这些。,尝试了。尝试了，然后有不同的分数。,就控，尽可能的控制变量吧，就是主要的，刚开始主要是选了三个家具，就是桌子、沙发和和植物，主要是去看沙发的颜色，沙发的颜色它不是有蓝、绿、黄和粉吗？桌子的话，我刚开始我一直试出来的是，除了那个石材的一，石头的那个，石头的那个排除掉了已经，剩下的就是圆形的和方形的，我先不去管沙发，我先去看到底是圆形和方形哪个影响，我个人认为是圆形的会分更高一点，我就重点去关注圆形，圆形它有两种颜色，一个是浅色，一个是深色，就去试，发现浅色跟深色好像单独去看浅色跟深色，没有太影响分数，就去看桌子的浅色跟深色和沙发的颜色的搭配。感觉是会影响的，包括有的时候，包括和植物的颜色也会有一些影响。比如说我个人认为是蓝色的沙发和绿色的沙发，更倾向于选一些深色的桌子和一些不太鲜艳颜色的花，就比如说没有粉色或者红色那种花，只有草或者白色的那种。大概是这样。,主要是单一元素的话，我觉得后，试到后期，我觉得单一元素决定不了分数的高低了，还是一些搭配的，我感觉是一些搭配的原因。如果有柜子的话，它好像会分数会高一点，但是洞洞板的话，我不确定，因为有的时候我选洞洞板，它分数会很低，有的时候选洞洞板分数还。比较理想吧，80多分。然后重点可能，因为到最后的话，关注的东西太多了，我最后的话，我去没有关注画了，和没有关注画了，主要是看，还是看桌子和沙发，还有植物，后面的话，我确实也注意到了他有那个拍摄角度的问题，和对拍摄角度和光线的问题，我也去看了一下，好像和光线也有也有关系。,刚开始尝试了，感觉没有变化，后面的话就没太关注了。,就是它有我自己认为有一些复杂的颜，有一些复杂的纹路和一些稍微简单一些的纹路，去看了，我感觉分数没有变化，去选了。,就是如果到90分的话还可以，到100分确实，我因为我没到，所以我觉得挺难的。,它这个组合太多了，组合太多了，尤其是因为我不确定，我不确定这16张，每一次尝试里边的16张图到底能不能组出来100份？它每一次给的搭配不一样，有可能还会出现一些新的元素，这个都会去影响决策。比如说它有的地方，有的时候就会。比如说16张图，有的选择里边就会出现动作板，可能隔了三五个选择以后才会再出现一个动作板，那选择跟选择之间，因为你上一次选了动作板以后，分数高低，分数是高是低，再紧接着是下一次的选择以后，如果没有出现动作板的话，会影响你包括记忆也好，包括选择也好，再到后面如果出现动作板的话，你不确定这个动作板的出现跟其他的元素搭配是否有关，因为确实我的记忆来说，前面的。前面的话，这种元素有可能会会会遗忘，其他的话，主要的元素的搭配也会很多，对，就是这样。,第一轮吗？对。第一轮就是。我会把我自己带入到那个角色里边。哦，主要是先看一些大框的方向，就单一家具的选择，我会先去选我喜欢的。然后，对，最开始的话就会这样，我选择的就是桌子、沙发、地毯，还有植物，壁画我没有关注，因为对于我来说，我没有关注壁画。,没有什么想法，第一轮的话就是只是做一个尝试嘛，我是先，第一轮我忘了我选了什么，第一轮我应该是没有选食材，但是我选了圆，两个圆形的桌子和两个方形的桌子，发现分数是60多分吧，我记得是，还是70多分，我觉得大致的，因为因为这样的话，我觉得大致的方向里面的一些元素的话，是一个合格的状态，所以说只会在这上面，在这个主的方向上去进行微调，不会去进行一些大调。,有，就像我刚才说的，他突然出现一个元素，比如说洞洞板，比如说柜子，这种的，我会记不住，因为他在每一次的放，每一次的选择里边，不一定会在16张图里出现。但是我注意到这几个元素的时候，已经是中后期了，我那个时候就比较注重搭配了，记不住的话，其实对于我来说无所谓，因为我只关注他个搭配的问题。嗯， OK。,考虑了搭配，因为到后期会有一些比较奇怪的想法，因为我觉得怎么说？我会觉得蓝色跟绿色在他认为会比较商务一点，就会选一些深色的，粉色或者黄色的话，我会尽量去选一些浅色的。嗯嗯，然后深色有的时候。只选深色是因为当时的圆桌只有，我到最后我到一共60，我大概到20多次选择以后，后面我就尽可能的只选圆桌，因为圆桌确实能，我有我尝试过三个圆桌搭配一个方桌，分数不会太高，我就只去选了四个圆桌，有的时候16个选择里边圆桌只有深色，不是只有深色，大多数都是深色，但是一些浅色搭配我不喜欢，所以我就没选。OK。好，谢谢。没事。,,,,,,,,,,,,,,,,,,,,,,,,,,,,,,,,,,,,,,,,,,,,,,,,,,,
26051404,with_obs,old_verbal,你刚刚在游戏开始有一个浏览设计方案的环节。在那个环节的时候，你注意到了哪些？,浏览设计方案就是有几页。对。我注意到了有几样沙发、茶几、地毯这些东西，注意到了它有不同的颜色和款式。,那在游戏正式开始的时候，你注意到了哪些？,还是这些，就是一开始吗？刚开始的时候吗？,就是整个阶段，刚开始、中间、后面。,就是他们是不同的组合。,你是认为他们是不同的组合，有。沙发、桌子、地毯。,台灯，不是台，落地灯。还有有的时候会有些装饰，就是一些什么熊，什么闹钟，还有一些什么书之类的。,你注意到的那些，你都去尝试过吗？,大部分都尝试了，但是没找到规律。,你尝试的主要是有哪些？,主要就是沙发，沙发的颜色，地毯的图案，茶几的款式，还有花。还有落地灯和地板，这几个比较主要的。,嗯，那你尝试的时候是用什么方法去尝试的？,我一开始是在想，可能应该选他，主要想，他喜欢的图案，但是到后来我觉得可能。是不是因为如果他喜欢的图案同时出现在四个里边的话，是不太可能的，所以我到后边儿就在想是不是排除，就是有一些他不喜欢的，然后把它排除掉，就是这四个里边儿可能有他都，就是他不喜欢的不会同时出现在这四个里边儿，就是到后边儿我是这个策略，但好像也不太对。,那你有尝试过像你说的台灯那一类的吗？,就是那个落地灯吗？对对对。我其实没有特别看出来它的区别，我看它的光线颜色好像有点不一样，然后那个灯罩有点不一样，然后它的。线，有的是有限的，有的是无限的，但是好像在同时这16个里边，大部分都是有限的，有一些是只是少几个没有线，所以在我的排除策略里，好像这个的影响，我以为不是很大。,所以你没有试这个。,我有试，但是好，没看出来它的结果是什么。,那你有试像那些洞洞板儿、闹钟那些吗？,因为它每16个方案里边儿只有特别少会出现它们，所以我不知道它们的是有应该有它，还是应该没它，我没有找到特别好的测试它们的方式。,所以这些是没有测的，其实只测了那些主要的大件的。,对对对对对。,那你最终你觉得你确认了比较重要的东西吗？,我感觉啊，我感觉好像是沙发的颜色不是很重要。然后地毯好像有一个不能出现，就是有个波浪状的好像不能出现，还有那个黄色的郁金香好像不能出现，我感觉，还有其中一个壁画好像不太不能有，但是我每次测出来的好像分数都上下有点波动。所以其实你。然后地板我也有尝试，但是好像没找到地板的规律。,所以其实你是发现了有一些他不喜欢的，但是没有发现他特别喜欢的。,哦，还有沙发的脚好像也材质也不一样。,对，有一些不一样。,不知道这个是不是。嗯，你试过吗？这个我也有，我试过，但是好像也没找到它的规律。,所以你在试那些主要的，那些大件的基础上，也会考虑这些小的细节。那你会怎么综合去权衡考虑？,先把大大的那些选出来，或者排除掉，再可能会，剩下6个选项，选4个我觉得，比如说4个都是黑色的，沙发脚之类的可能最后刚好是能选出4个来，但是最后还是分数不太对，所以我也不知道。,嗯，你在第一轮的时候是怎么想的？为什么要选择4个一样的桌子？,因为我想四个一样的桌子，我想先排除嘛，看看如果我选，是不是，因为一开始我不是想选他喜欢的嘛，所以我想选这四个一样的，看看这四个就是得分怎么样，再选沙发的颜色。就一开始我是想先选，都选同样的，看看能不能找出来他喜欢的。,那你得到50分之后，50分左右的分，你会怎么去想？,那我觉得可能这里边肯定有选对的，就至少这个桌子可能他。不是他，可能是一个比较正向的答案，我是这么想的。,OK， 那你后面尝试的时候有一些，你会选三个一样的，另外一个不一样，每次选的三个一样的，另外一个不一样，比如说你选三个画儿一样，其他的画儿，有一个画儿不一样，你可能看的是其他东西，是吗？,有可能，对。,但是你为什么会。不停地去切换那三个一样的东西。,不停地切换三个一样的东西。,对，比如说你这次是选的三个画一样，下次你选的是三个花一样，再下次选三个桌子一样，你这是偶然的，还是就是自己设计的？,我想想啊。三个一样的。那可能是偶然的吧。因为这样听起来好像没有什么道理。应该是偶然的，我可能是想测别的。,你主要想测的可能是啥？,我可能是想排除某一个。排除。就是可能我可能是想，比如说。比如说地毯的图案，有可能我是想排除某一个。不想要的地毯，刚好选的，就这四个里边可能都同一个图案的地毯都没有，恰好选成了三个一样的画儿，这种的。,哦，你可能是想排地毯，但是恰好画儿排成一样的。,对，可能恰好是排除的这个地毯的图案里边有三幅画儿是一样的。,啊，是你排除了之后，出现了这样的情况。,有可能，对。,OK， 那你是否会存在记不住之前的情况？,有，要要是能记住就就好了。,那对于记不住的情况，你是怎么处理的？,记不住就记不住呗，我也没法处理，我已经，我都记不住我记不住什么。,你会去尝试记住吗？会去尝试硬记。,回回想前边是什。对对。也没有，因为我已经忘了，所以就记不住了。因为太太多选项了，可能。,OK， 你植物是不是发现了一个它比较喜欢的植物？,他是比较喜欢的植物。,对，你发现过他比较喜欢植物。,我以为他会比较喜欢兰花，蝴蝶兰，是吗？是的，是吗？,你先说吧。,我是我是感觉当我选一四个蝴蝶兰的时候，那个分是是会比较高的。,然后你觉得他比较喜欢那个。,对，然后我以为是他会，一开始是我是这么想的，但后来我又以为是我发现当出现黄色的花的时候，他又会分很低，所以我以为是花可能不是最重要的，就是他喜欢哪个不重要，而是他比较讨厌哪个。,哦，你是这样认为的，你选了他，可能比较喜欢的，不重要，选了他讨厌的人，就分就会变。,对，因为如果他喜欢这个，那我四个里边是不是都得出现他？如果如果都出现他的话，也没有办法。就没法，别的就没法，对，别的就没法选了呀，因为每个里边只有四个是有他的吧，那别的就没法组合了，所以我，所以我就在想是不是不应该是选他喜欢哪个，而是应该选他不喜欢哪个。OK。,明白了，谢谢。,没事。
26051501,with_obs,old_verbal,就是整体颜色搭配的一致性，以及光线的明亮度吧。,因为初期关注的可能信息没有特别多。,墙画与沙发的颜色搭配，还有植物的形状，还有茶几的形状和地毯的颜色以及图案。,细小的，比如玩偶或者是杯子，还有镜子、洞洞板之类的。,对，有关注过，但是它因为不是在所有的选项里，就是每一次选择里都有，所以是将它排除为无关项。,尝试过就是。地毯的，我上面关注到的元素，基本上上述关注到的元素，猜测，顾客喜欢的一个方向，跟他不喜欢的方向来搭配，看评分的变化。,在我猜测到他喜欢的方向的基础上，看一下评分的高低，如果评分高的话，在下一次的选择中，引入我觉得他可能不喜欢的。引入。对。,对，是。,就是从初期到中期的话，一个最大的调整就是颜色搭配没有那么，他对一致性的选择没有那么要高，后期，因为前期，比方说前期没有注意到他对。桌子形状或者是地毯图案的一个偏好性，后面就会加上这一些考虑。,试过，但是我在勾选上它之后，因为不是每一个小东西都有试，在一些我勾选过之后，判断它可能影响没有特别大。,这里大的物件指的是。,哦，就是一个，因为大的物件基本上处于常在嘛，但是小的就像前面说的那些茶杯呀，或者是镜子那些小的东西，我判断到它不是在，所有的情况下都会出现，所以在不影响，其他选择的情况下，会试一下那些小的东西是否，加上去会，是否会有影响。,因为没有得到最高分，所以我目前还不知道我是，哦，还有包括答题过程中吧，可能有一些我没有关注到的点。,我猜想他可能更喜欢高一点的植物。对沙发的颜色的话，我这边的猜测是，他可能没有特别大的偏好，但是会选择跟茶几或者是壁画的颜色的一个搭配。还有就是关于茶几的形状的话，我猜测他可能不喜欢别的形状或者材质，他更喜欢圆形的，或者是就是颜色上没有试到特别多。关于地毯的颜色的话，我初期是猜测他可能更喜欢几何线条。但是后面也没有试出来他到底更喜欢哪一个。,就是在我排列组合嘛。就是试不同的排列组合评分的高低。,可能对别人来说不难，但是对我来说比较难。,本来是想要看一看他是否对，怎么说？让我想一想啊，本来是想要通过排除来看一下他不喜欢的方向。但是后来发现，要素还蛮多的。然后各种的搭配也蛮多的，不是说每一个选择在。每一轮的选择在，我选择的这一个，在每一轮里面都有，就是搭配还是挺多的。,可能方向错了。,可能我关注的重点是有一些错误，错，我可能要调整一些我关注的点。,就是如果出现这种记不住的情况的话，如果是那种极高分或者是极低分的话，我就需要再一次进行尝试，看一下是不是我在极低分的时候关注的就是我觉得他那些不对的点。是不是对？所以会需要反复确认。,对，中期的时候，没有，中期的时候我推测他是不是更喜欢那个粉色的花，所以我进行了多次，粉色的花，全选，或者是就是有一些轻微的一些变更，但是后来发现他并不单单只喜欢一种，所以就是后面就会尝试其他的。,你说的是一种还是一个？,哦，对，后面是有进行尝试，但是我发现在我加入别的，比方说高一点的花的时候，他这个评分并没有变化。在我关注到的其他的条件没有变化的情况下。,对，然后引入，加别的花，他的评分也是没有变化的，那我就推测他这个。他并不只喜欢这一个花，别的花也是可以的。,我觉得花的高低可能是重要的，我推测他可能不喜欢低的花。,就是排列组合。,就是在我觉得。正确的基础上。引入一些，比方说我觉得这个点他可能，我觉得这个点是重要的，但是上一次猜测，上一次试的时候。,哦这么说吧，比方说我这一轮加入的东西，我觉得他都喜欢，但是呢那评分没有得到特别高嘛，我就会下一次选择一个我认为重要的点进行一下改变。,对对，改变条件，再次尝试。,因为我觉得，对，因为我觉得他这个条件需要我一个个来试，他重不重要嘛。,然后这个部门我需要。,,,,,,,,,,,,,,,,,,,,,,,,,,,,,,,,,
26051502,with_obs,old_verbal,一个是沙发的颜色，地毯图案，还有茶几的形状、材质，还有壁画的种，壁画壁画的图案。对，还有那个落地灯，还有一些在地上，有时候会随机的出现一些杯子啊、书籍啊这些东西。,正式实实验的时候，主要是地毯的图案，还有壁画的图案，主要是这两个。,尝试的有沙发的颜色，那个壁画的图案，地毯的图案，茶几的款式，对，主要是这四个。,就是每次选择四个方案的时候，都会关注，特别关注到一个特征的的某一种。比如说一个沙发的颜色的话，可能都选粉色的，或是都选青色的，那个画的话也是都选同一个画，就看它评分变化。,确认的是他最喜欢的地毯图案，一个是网格状的地毯图案，有一个是一个小球一样的地毯图案，还有一个是壁画的内容，一个是一幅绿色的画，一幅是有苹果，有一个苹果，画了一个苹果跟一个瓶子的那一幅画，他在选的时候会评分会较高，就可能比较喜欢。,他的分数比较高，他可能比50分要高，七八十分，他可能就比较喜欢。,我觉得还行。,因为我觉得如果我要猜他喜好的话，我肯定先需要先尝试一下，先摸一下，我觉得控制一下变量的话，先选四个一样的，有同样特征的方案，如果他特别不喜欢的话，他分分数可能会比较低，我觉得这种策略是比较适合去看他的喜好的，对，不然特征太多了。也控制不了，我觉得这样的方式会比较好去猜。,对，因为我感觉选了，我应该是尝试了几次沙发颜色，两三次吧应该是。,对，两三次。我感觉好像没有太大的指示，这分数没有太大的指示，我感觉都是50分上下，我就觉得。应该要摸一下别的，可能会有比较快的得到他的喜好，所以说就换了，应该是换成了茶几的形状。,是吗？对。那我应该记错了。,有，我会记不住之前摸的条件里面，他对哪个地毯形状比较喜好，需要回忆一下。,我是很早就扫了扫了码，那个海报一样，年前就放在那，我很早就。,没有。,,,,,,,,,,,,,,,,,,,,,,,,,,,,,,,,,,,,,,,,,,,,,,,,,,
26051503,with_obs,old_verbal,沙发颜色，茶几桌子嘛，有的设计它墙上还有地上会放东西，有的没有，我感觉好像有不同设计，采光也不一样，对，植物，挂的画，地毯，这样。,会少一些，就比如说我说他地上或者墙上挂东西，我测试了一轮，发现他没有多大区别，那他应该是没关系的。,就不同的元素都测试测试了一下嘛，挂的画也应该没有关系，沙发颜色也没有关系。地毯颜色也没有关系。,对，都尝试过。,对一个元素，它那个16个选项里面，它会有每个元素它的排列组合不是有四种嘛，它四个都是一样的，就选了四个一样的，去看它那个分差，如果说选了四个，某一元素一样特征的，它们之间分差很大，那就说明它肯定是相关的。如果说他分差为零。几乎啊，甚至是他就是有的分叉就比如说1或者2，或有的分叉就没有，就说明是不相关的。然后对于每一个元素，他顾客都会喜欢其中的两个，其中有一个最喜欢的，一个其次的，这样。,一个是茶几，一个是花，他那个茶几他喜欢一个是浅色圆形的，还有一个是深色圆形的，应该就是圆形的吧。然后还有那个花，她喜欢的是一个粉，一个是粉色的，还有一个是高的像球一样的。,我之前想的是他会不会和很多个元素都有关系，他深色的原因只是其中一个，我在想他除了茶几会不会和其他，比如说和四个元素都有关系？当然最后拿100分那个，其实也是一次尝试，就是。我我就是看它会不会就它每个元素就不是只挑最好的，它会挑，它觉得第二好的也是能给满分的这样。,还好吧，稍微有一点，就是我觉得难的地方在于它，我不知道它到底和几种元素有关，它的得分，你最后测试出来它是和两种元元素有关，那它万一它和四种元素有关呢？它每个元素它都有最喜欢的这样子，这样就测试的轮数比较多。,和沙发有没有关系？因为沙发看着视觉占比最大。,我还是就我觉得它的绝对分值是没有什么意义的，就分差才有意义。就是，所以我选了不同沙发，我感觉它差不多。,会，就是之前那个植物，我没记住，后来又重确认了一下。,,,,,,,,,,,,,,,,,,,,,,,,,,,,,,,,,,,,,,,,,,,,,,,,,,,,,
26051801,with_obs,old_verbal,沙发。,主要就是沙发。,有四个颜色，每次每个颜色都有四个，观察到每一行，最开始只是观察方案的时候看到。每一行有的四个颜色沙发都不同，有的就有相同的两个颜色沙发，有的就有三个。,那时候最先看的还是沙发。就把四个相同颜色的沙发都选了，选了四次以后发现分数没什么变化，就看到了茶几和地毯，还有壁画。,我还，其实在这之前的时候。我还没有，全部四个颜色相同的，我是尽量选四个颜色都不同的。去试，然后试了几下发现没效果，就去试四个颜色相同的，还有，四个颜色相同的试完之后，也会试两个相同的，加上两个别的。,试四个颜色不同的话，就感觉完全没有规律。后面主要是颜色相同的，沙发试完了就发，什么都没发现，就开始乱点，突然点到一个80分的，就发现它有三个颜色相同的壁画，我把这三个颜色相同壁画换成了四个这个颜色的，发现也是80分，我就猜。这里面应该是有一个线性的关系，我还点到过20分的，20分的时候，我没看出什么，点到80分的时候，我就猜这应该是有一个分数相加的关系。,他，只对花的颜色。和壁画的种类有反应，别的基本就没什么影响。它的花，虽然它的花分组方式是按颜色，同一个颜色的花，它有高的有矮的。我刚开始以为这有8种花，但发现其实只是按颜色。4种花里面刚好它有一个最喜欢的，一个次喜欢的，一个最讨厌的，一个次讨厌的。讨厌都会扣分，壁画也是一样。,我最开始关注到沙发是因为沙发体积比较大，我还没有精力去关注别的元素。我就感觉这个沙发应该是有点关系的，不然的话不可能刚好四个颜色四组。是四个颜色相同，是因为这是最简单的控制变量的方法。,最开始就是50分的几次，大概持续了五六次。那时候就感觉没什么规律，就，因为那时候那个阶段还是尝试四个不同的。就开始想，可能这和颜色不同没有什么关系，就开始换策略。在换到四个颜色相同之前，也是乱点了几个，就刚好点到一个80分的，点了那个80分的，就感觉有点规律，就刚好看到四个绿的，点了80分之后又马上点到一个20分的，那时候倒好像没什么规律。,不难。OK。,没有。,,,,,,,,,,,,,,,,,,,,,,,,,,,,,,,,,,,,,,,,,,,,,,,,,,,,,
26051802,with_obs,old_verbal,注意了沙发、地毯、桌子，还有花，以及灯，台灯，不对，就是落地灯，还有墙上的一些东西，比如说什么洞洞板。再是地上的一些小物品，比如说杯子、书，还有小熊。,有，进入正式实验之后，我发现它有的时候会出现一个书架。嗯， OK。,有选过。但是由于有一些小的物品和摆件，它出现的频率比较低。就导致我每次在试的时候，第一次试了，给出一个分数，但是第二次还想试它的话。他就没有出现。以至于，但是到后面我又把这个事情给忘记了。就导致没有试出来。,主要是沙发的颜色，还有地毯，花和画。,我会把比如说地毯就选同一种样式的地毯，然后沙发的话就选同一种颜色，然后去看，就是哪种分数更高，在后续就将高一点分数的进行组合。,我感觉的话，就是重要的应该是地毯，然后是沙发的颜色，还有画，还有花。,我觉得最重要的就是地毯的图案，我就是那个方形的图案，它会偏有所偏好。沙发的颜色，它更偏好于粉色。花的话，它貌似更偏向于白色的花。图画的话，它更偏向于上面就是有一组人物，那个人物是一个女人的画。但是还有就是桌子的形状，几乎就是每一幅图它要不一样的桌子。但是那些小东西，我没有考虑进去。也没有，最终也没有尝试出来究竟是哪样子的。,我思考一下。主要是用这种方法。,第一轮。,没有，我是根据自己偏好来的。OK。,分数比较低的时候，我会猜测他是讨厌某一种物品。就会三个保持不变，剔除一个，换那一个东西来这样进行替换，来看它究竟是讨厌哪个东西。不过有的时候也会让我很疑惑，因为有的时候它前一段还是90分吧，我试出来的策略。但是三个里面，我只改变其中一个的组合，结果它竟然就掉到了27分这种。让我很不可思议，就有点想不通，究竟是哪里出了问题。,有，这个是大部分情况。嗯，对，这个就非常疑惑了。,可能就是因为。几次方案之间比较相似吧，一般遇到。这种一直不变的，我可能就会做一个稍微大一点的调整，因为虽然说前期我是在四个四个进行这种元素测试，但了到了后期，我一般就是说去剔除一个来看，但是如果它这个一直不变的话，就会让我有所怀疑，然后我就会重新全部改变某一个元素，然后来看一下。,我觉得对我来说有点难，可能因为我的观察力不是很好，而且感觉策略不是很对。如果说一定要把它做出来的话，我感觉我需要一个较长的时间。来有一个，我感觉还是我用的策略不太对吧？应该还有更好的就是推理的办法。对。,有，就是首先是我说的那些小物件，我就是经常会忽略，还有一个的话就是。因为它有四张图，我有的时候它那个分数稍微高一点，我就会去想更多的记住一些东西，以便下一次来采用。但是到下一次的时候，就反而会忘很多。,有。,那一轮。那一轮主要是在回忆。就是回忆之前，因为。我的分数就是一直上上下下的，所以就是在回忆。OK。,,,,,,,,,,,,,,,,,,,,,,,,,,,,,,,,,,,,,,,,,,,,,,,
26051804,with_obs,old_verbal,被试，哦，,沙发，然后茶几、地毯、植物，灯，壁画。主要是这些。,我是在做题时候我发现的。,对，一开始我没关注。,做了第三和第四次大概那一会吧。注意到有不同。,就是控制变量。因为正好发现，后来也发现，比如说沙发就是粉的、黄的、绿的、蓝的嘛，就四个。然后16个里面每个都是四个。所以可以控制变量那么去排除。,对。我一开始有一个猜测的是，我感觉，我因为我感觉如果是我自己去挑这个，我可能会要这个方案，让它尽量元素尽可能多，我可能会觉得比较好，但是好，这样试了，我一两次或者怎样，我发现它好像没有什么区别，我就觉得可能是某几个因素在影响。,是地毯跟植物。,就是我发现。,我发现地毯就是有两种，它分都很高，另外两种分很低，我说说明这个顾客他肯定对这个有要求，植物也是同样道理。所以最后就想办法记住他喜欢哪两种，最后再排列组合。,对。,那还真没有，我就是第一把选的，我一看一看就满分了，我觉得还挺意外的。就这么结束了。好的好的。,有的，我那个地毯，我有一个最喜欢和不喜欢的我记反了，所以我要多验证了一轮。嗯，明白。,对的，没选。,嗯，他没法控制变量，我一开始其实注意到那个采光，我觉得那个灯应该挺重要的，但是后来我发现那个灯是有6个一样或者是怎样，我根本没法去排除这一点。对，所以后来我就没有管它们。,,,,,,,,,,,,,,,,,,,,,,,,,,,,,,,,,,,,,,,,,,,,,,,,,
26051901,without_obs,old_verbal,有点，我不知道他的逻辑。,左右方案，就是他左右方案让你选哪个的那个是吗？,就是已经在选家居了，对吧？因为我左方，我当时选的时候选的左方案，他就是那个。有一个大概的基调，我根据那个选的，我只是尝试一下第一轮。然后发现分数还不错，后来就基本上延续了那个的风格。,沙发的颜色是一个绿色的。对，然后主要是先测试了一下绿色沙发是不是可以的。我，但我忘记了他第一次让我选方案，左和右的区别是什么？但我记得我喜欢左边的。,只有第一轮是后面，对对，后面。后面就尽量的去迭代吧，就是根据分数去迭代。虽然结果也一般吧，但是尽量是这么个原则。,首先是沙发，然后还有桌子，因为它那个桌子有木质的和石质的，那个关注的，然后做到后来的话，壁画。然后地毯我也好像也，对，还有地毯，然后还有就是他那些东西的摆放，比如说有时候他会往地上放个这放个那的。那个也有注意，主要好像是这几个元素。,基本是。,就是尽量就是保持同一个元素，比如说壁画都是一样的，就是不是壁画都是，就是尽量保持，比如说我现在看沙发颜色的话，我可能同时选四个沙发。就是颜色一样，尽量去看一下，发现这个分数远远远特别低，我可能下一次我就把沙发先选成绿色的这样子。,壁画因为我是一开始试的，其实没有特别，特别在意说它全部都是还是怎么样？但是我一般来说会说全部试一遍，但是这种效果其实不是很好。所以后来我可能会比较倾向于，比如说我沙发选绿色或者是别的颜色，我保证我之前好像得到过不错的分数的时候，我再去试这个壁画。,它其实它的组合太多了，你很难找到说所有元素都保持不变的。其实两个元素保持不变都很难。是。所以我都是，比如说我觉得绿色的它。可以，后来试出来，哎，感觉蓝色的分数也还行，我可能有几个元素我认为它可能是分数还可以的元素，我尽量给它组合在一起。然后去看那个壁画行不行。,不知道。,我只能说绿色沙发他应该还行。然后花儿感觉他可能喜欢小一点的，不喜欢那种特别，但是这个我不确定。然后壁画没看出来，我感觉有点像喜欢那个。蓝色就是海还是天的那个，但可能也是因为我喜欢，然后桌子喜欢木头的，不喜欢石头的。地毯没看出来，然后他不喜欢家里太乱，不喜欢地上摆书。,对，但是有书不止有书，就是有地上有任何东西，只要选了它，分数就会很低。,有吧，就是你前两轮试了，后面好像忘了。,这种情况，因为这种情况已经到了比较中后期的阶段了。就懒得试了，摆烂了。我可以在下一轮做的时候，如果能做出来就是做出来了，做不出来说明它没有那么重要，因为没有在每一轮的游戏中巩固我的记忆。,没有特别大的变化，其实，因为我后来答问卷的时候，我才发现原来它有那么多元素，我自己的目光只局限于那几个比较大的。一个是我也觉得比较大的，可能是决定整个家居的它整体氛围的。再一个就是那些小的，我确实没有特别注意到。,一开始是有预期判断的，后面尽量根据分数反馈吧。但是我感觉，因为这个游戏它排列组合太多了。其实不太能根据分数，就比如说他这一回给你反馈的，其实你根本没有办法说是在下一轮及时给他改掉或者怎么样。出一个新的分数出来，那这个时候可能更多的还是得依赖我自己，相当于一开始是一个自己预期，大概有了一个分数之后，我去尽量反馈，反馈的发现好像这个排列组合不足以让我能够及时做出反馈的时候，我可能又要根据自己的预期去选一次。,试出来他更喜欢的。,,,,,,,,,,,,,,,,,,,,,,,,,,,,,,,,,,,,,,,,,,,,,,
26051902,without_obs,old_verbal,还挺不简单的。,因为 16 个方案里面选 4 个嘛，每个方案它的元素都各不相同。首先就是，因为它有很多不同的元素，所以我需要在这些元素中选出几个，我觉得可能对分数有影响的，去一一验证。筛选的过程就会花掉一些机会。,主要关注到了沙发颜色、壁画的种类，还有盆栽的种类。,后面我觉得茶几种类可能也有影响，也测试了一下茶几种类的影响。,四个方案都选同一种元素，像比如都选绿色的沙发，或者蓝色的沙发，来看顾客打的分。,我觉得我可能会去尝试别的元素了。,因为普遍得分是在 40 到 50 之间，我觉得 80 分可能就是一个比较有代表性的元素，就说明这个元素他可能会喜欢。,我会，会去尝试一些别的元素。就是像比如说我确定了绿色沙发可能说顾客比较喜欢，我就会去尝试一下，看壁画种类，是什么样的？,我会把四种壁画种类试完，或者说得出一个最高分之后，再去换别的种类。,目前我应该只记得粉色的花是这个顾客比较喜欢的，还有。木质的圆形茶几，他可能比较喜欢。,第一轮就觉得他 16 种方案里面涉及的元素很多，最好就是先按照元素筛一下。,记忆力对我玩这游戏影响还是挺大的。像我经常测过一组之后，回头又把另一组的他可能喜欢的元素忘了。,主要是记最喜欢的。,对。OK。,再给我个20，应该会。,尝试空间是一方面，另一方面在末尾我已经知晓了两个她可能喜欢的元素，所以可以去寻找更多她喜欢的元素，说不定就能表现的筛选的好一点。,主要就是之前可能太集中于壁画和沙发，还有盆栽这三种元素。可能有点忽略掉其他元素的影响，所以就最后就也试了一下其他元素。,,,,,,,,,,,,,,,,,,,,,,,,,,,,,,,,,,,,,,,,,,,,,,,
26052001,without_obs,old_verbal,开始的时候颜色。就看那个颜色，还有那，先第一轮就先看颜色。,沙发的颜色。比如都是粉的呀，蓝的绿的什么的。一开始是看这个。,然后分都很低。然后就觉得可能他对某个颜色是不喜欢。然后就又看那个茶几。又按茶几，就得出他好像对那种菱形的好像不喜欢。然后就没再选。圆形的我感觉圆形的他比较喜欢，那圆形的什么那种浅黄的，还有那种深棕的那种，好像分比较高，有两个是90多，就往那边靠靠，最后我也看过地毯，地毯但是我感觉那颜色好像都是白的带条纹的，没有什么差异。我就感觉他应该是喜欢那个圆的茶几。然后沙发的颜色我没推断出来。,最后我看植物，用植物换了几次也不行。我觉得可能也不是主要原因。壁画换过一次吧，还有两次，感觉。有的都是一样的壁画，就也没再用看壁画，就主要还是根据茶几。,我注意到了，就这些物品。,怎么样尝试？就是分，比如说它那个圆形茶几分特别高，我就会根据茶几的形状。然后去给他攒一下什么的。,对对，就是组合一下吧，就是。,因为我先是按照茶几的形状。比如说一样的形状，给它得分，一样的形状给它得分，然后就推断出其他的。分特别低，然后诶，这个圆形的分比较高。圆形的比较高，然后我又。看好像是三个棕色，一个浅黄色的分儿是最高的，我记得是。试完了分儿挺高，然后我再去尝试按这个思路去弄，好像就越来越低了又。所以就不知道他，就是有点，找不到方向了。,猜想。因为他四个，我觉得几率可能有点难。,就是又要选四个，你都要选中的话才能得100分，我就觉得可能还是有点难度的。因为你四个一起选，分儿高的话。你再排除，你再选的时候，你排除哪个可能就，不知道它是哪个因素，导致你分就低了。比如说我选最高的应该是个95分，然后我就发现它就是圆形的茶几，然后那个棕色的就比较多，然后比如说它棕色多，我就觉得是不是就是棕色，喜欢棕色啊，我下一步再调整，比如说再搞一个棕，搞四个棕色，然后它就降分了，就。,对，我觉得茶几的因素比较大。,壁画也尝试，但是尝试的少。画是装饰品吧，就是那种附属品，我觉得应该，不是主要原因。,植物没有，就是尝试过一次可能。,就试过壁画。但是效果也不好。,不是特别，印象不是特别深，光看。,尝试过。我去看看。,对，就根据他会选择他喜欢的那个方向。,,,,,,,,,,,,,,,,,,,,,,,,,,,,,,,,,,,,,,,,,,,,,,,
26052002,without_obs,old_verbal,像它那个地毯的图案。还有他壁画的内容，还有他沙发的颜色。怎么做选择的话，我尽量控制一个东西不变，去换其他的。,沙发，我看他。光控制一个好像不够，因为我看他分数好像就没有按照我预期发展，就可能以为这个高的时候，他分数一个高的时候，感觉这个就是，比如说这个沙发颜色好像就是对的。但我一仔细一看，他其实还有，好像还有别的像地下好像有可能有个熊啊，或者有个茶杯什么的，很多，后面可能有点乱。,就比如我先是可能前面有几轮是我看着沙发和哪个。叫什么？茶几的茶几那个颜色吧，还是啥来着？是吧？就是它可能对应的像一点，我试了大概那么几轮，看哪个分可能高一点，就跟它，我是尽量先把两个配一块，那么去。,就是我感觉，因为我那好像有一次还分数稍微高一点，是80多分，我记得。我在那块停了一下，就看我80多分里头的内容，是啥样的？这个为什么可能这个82会高一点？我。稍微记了一下里头的内容，我可能把里头内容随机换一下，看它的分数会再高一点或者再低一点那种。,没太得出来，因为我那个分儿有时候高有时候低，我就有点迷茫。,后期我就要看，我看会不会，它不是某一个，比如说茶几的颜色，不是某一个是必须有一种，它不是一共四种嘛，我一开始的设定就是，我自己想的以为的是它那个，是必须每个方案有一种是不同的，后面看，我感觉我后面试试有没有可能是不一定非得是不同的。他可能就是某一种颜色，还是怎么？,后期是咋说呢？就是我。是觉得他，他有那个，我在看他那个颜色的，那几种的东西的颜色，就是相互。匹配的感觉吧，就是我有一段是看他要么都是深色和深色在一起配，或者说是浅色在一起，浅的一起配。,就是一开始就是尽量的控制某一个东西不变，其他的来变，就是控制变量嘛，就是看他的分数的高低，能得出来某一个东西会不会因为他的影响。后面的话好像，就是发现他好像影响东西有点多，就不只是可能某一个沙发呀，或者单独两个的，或者沙发加上茶几的。好像看见变量有点多，曾有一次就是。,每次可能到75分儿、82分儿，我就开始看我这个分儿高的可能的原因，看观察了一下，或者记了一下，里头包含什么，它可能我这些，如果这个分儿高了，说明里头对的东西多一点儿，稍微记了一下，到后面再去试，但试的话分儿可能越越越越来越低了，加上有点记不清楚。分高里头到底有啥来？或者是记不清楚有一些，这个我试了还是没试这种的。然后后面开始又去尝试组合呀，可能从颜色呀，还有像那种地毯的形状，还有后面它有一些地上的什么熊呀、茶杯呀，但是我看那个熊和茶杯，它是10，每一次是16个图吧，但是它好像有熊和茶杯的这种小的，它也就只有一两个图有，然后慢慢。试吧。,地上摆的小东西，地毯呀，茶几、壁画、沙发。,记不住，可能最开始就记不住某些东西是或者没是。因为它次数是有限的，然后你可能记不住它的。,嗯，而且它一开始就是，它的图片就是一轮跟一轮它不一样。它一，我前几轮其实，好，一开始没看出来它不一样。主要是。,有吧，最开始我就没写，一开始我基本上没怎么记过都，就是我可能记记着，这个单独这个颜色试过了，但是我一开始没有看成这个颜色当中，它下一轮里头，比如说我记沙发的颜色，一开始我没想着它那个图是不一样的，我看一开始沙发颜色，是，我以为是很好很好试的，那个沙发。也让他寄过这个茶几什么的乱七八糟的，试过一遍就。就我感觉一开始觉得挺好试的，但一开始后来发现它里头图片内容不一样，而且内容有点乱。,其实没太排除，因为它每轮图片不一样，我不知道这轮分高或者这轮分低到具体是哪个影响。,,,,,,,,,,,,,,,,,,,,,,,,,,,,,,,,,,,,,,,,,,,,,,,,,,
26052003,without_obs,old_verbal,刚开始的话，其实我也没怎么注意，感觉就是所有物品都有可能，所以我就是按自己的喜好来选的。,主要注意的话就是光线，还有拍摄角度，壁画，还有地毯、茶几，还有植物。,就是先按感觉随便选，在某一轮发现得分很高，就找四个图片的共同点。我想想，找共同点之后，那下一轮就肯定是选择上一轮得分高所可能影响的因素。再就猜测可能是这个壁画。的影响，然后我可能就会把壁画改成同样的，发现没有用，继续换另一种壁画来猜测，四种壁画都不是的话，我就去换物品。,就是我不是确认，我猜测是壁画的影响嘛，发现就是四种壁画好像都没太有影响，那我就换成猜测是茶几。然后就是这样。,并没有，我就能确定的是对方喜欢。棕色或者浅色的圆茶几。或者还喜欢粉色的植物。别的就不知道了。,就是按我刚才，我之前说的。,就是先猜测是某一物品有影响，然后控制变量就是。保证其他的不变。就是咋说呢？,对对对。,有注意到一次，就是地上放了一个玩偶。别的就没注意过了。,它下一轮就没出现了，我就没。,好像没太有。,,,,,,,,,,,,,,,,,,,,,,,,,,,,,,,,,,,,,,,,,,,,,,,,,,,,,
26052101,without_obs,old_verbal,就是沙发的颜色和壁画的内容。,就是茶几的款式，还有下面那个地毯。,还有有看到植物不一样。,我主要尝试了沙发的颜色，壁画的内容，还有茶几的款式，主要尝试了三个。,比如说沙发的颜色的话，控制沙发的颜色这个单变量不变，你选择四个相同颜色的沙发。的颜色。如果他反馈的分数比较高的话，就说明他对这个颜色的沙发比较有偏好。如果要是他反馈的分数比较低，比如说介于20~30分，就说明他可能对这个沙发的颜色偏好度不高。对，所以最开始就是通过这个筛选出来了粉色沙发和绿色沙发。然后应该是有两个粉色沙发和两个绿色沙发，之后就开始试别的。,主要就是先看了一下那个茶几的款式，哦不，先是看了那个壁画，先应该是看了那个壁画，但是那个壁画好像返回的数值大概都是四五十分吧。所以当时觉得可能壁画的内容可能没有什么关系，它因为比较随机嘛，就又试了一下茶几，但后来发现茶几好像四个茶几款式，最后都入选了，可能跟茶几感觉也没什么关系，可能。所以但是后来因为我在试那个茶几款式的时候，最后它就。他就直接就是100分了，所以我觉得可能要不然就是沙发的颜色跟茶几的款式之间的组合，或者要不然就是有其他的，我没有尝试的因素，我就猜一下是地毯款式，因为我其他确实没试。,对。,查机的时候，其实没有，我是，我当时我确定了说有两个绿色沙发，两个粉色沙发，我选了两个绿色沙发，对，但我当时我想着说，想，四个茶几都有，我两个绿色，两个粉色，两个绿色，两个粉色，随机去试了一下。因为他，对，但是如果这么后面想的话，应该是还有其他的一个因素在影响。,对。那茶几当时好像是做的时候，每个茶几。我最开始是，每个茶几都入选，四种茶几都有，它分数，我想想，好像是不是，不是特别会影响，所以我当时就觉得可能确实是每个茶几的款式，都入选就 OK 了。所以我当时在是。就是就是在试那个两个绿的，两个粉的，把四种茶几都放进去，就那样配了一下。,其实最开始的时候，我最开始的时候我是猜他可能，因为最开始我觉得最，首先抓住我吸引力的就是那个沙发的颜色和壁画的内容，其他的我其实没注意到，最开始。然后所以我就是当时想着说是不是每种颜色的沙发都来一个，所以其实我最开始是试了，随机试的，随机试了一下，不同颜色的沙发，我选了四个，选了四个，后来发现好像不应该这样选，后来注意到说它这个里面好像是多元素的，但是沙发的颜色我觉得可能最。就是最最明显，所以我就是先看了沙发，我当时就想说，你就控制沙发的颜色不变，就看他就更偏好哪个颜色沙发呗，然后就先定了沙发。,我其实好像只收到了几种，一种是70~80分，一种是20~30分，一种是40~60分，感觉如果是70~80分的话，很有可能，如果你在做控制变量实验的话，他就是很可能对这个变量的这种选择是比较偏好的。如果20~30分的话，就是他不偏好，如果是40~60分的话，就是。这个变量很有可能就是跟这个任务无关。,有啊。,就是想着说，想着说你下一个轮次你要试的是什么？你就是跟自己说，嗯，记住这个轮次这个，记住这，就是跟自己说，你要记住，比如说特定哪几个元素，因为你不可能把所有元素都记住，你就是你现在目前正在关注的元素，你就说你把这几个记住，你再把那个分儿记住。,对。嗯，明白， OK， 谢谢。,,,,,,,,,,,,,,,,,,,,,,,,,,,,,,,,,,,,,,,,,,,,,,,,,,
26052102,without_obs,old_verbal,注意到了沙发颜色、茶几样式，壁画。,注意到了更多的内容。,包括地毯。窗帘，旁边摆放的花、镜子、闹钟，小熊有没有，以及它的位置，落地灯。有一些元素是没有，我认为是没有变化的，有些元素我认为是变化了的。比如说窗帘和落地灯，我认为就没有变化。,没有，小熊、闹钟以及镜子我没有尝试，是因为它并不是。它在方案的出现次数，方案它是小于4的。我认为没有必要尝试。,尝试了沙发、茶几，最主要是这两个，因为我最开始注意到它，而且它的我认为色块占比是比较大的，很容易被注意到。是壁画，中间就是随便试了一个花的，发现那个分数比较高，后面逐渐注意到了花和地毯。,控制变量，比如说我要试一下这个壁画，那我就会用四次，每一次用同样的壁画去看哪个的分最高，然后发现四个壁画其实差不多都在48到52左右，那我认为就几乎没有什么影响。,花和地毯。,花的话，之前就随便注意到了那个粉色的花，它的分数异常的高，在82还是83。后面就尝试了一下其他花，发现黄色的花分数最少，大概是27。还有一个白色的花和一个红色的花，其实差不多。花，我我就确定了一个，当时就确定了一个最喜欢的和最讨厌的，在选方案的时候就要避开讨厌的东西。地毯是一样的，发现他比较喜欢波点和格纹，那两种线条是不太喜欢的，在选的时候也是要，避开。,是，尝试了。,那些选择是没有什么考虑，当时很迷茫，我就说多试试。,主要试的是我想一下，因为我那个时候还在认为沙发和茶几是比较重要的因素，所以我还是，当时一直在想到底是怎么回事，所以我说不出一个所以然，因为我当时自己也没有想的很明白。,因为我发现那个得分比较高的植物还配了一个他不喜欢的地毯。所以我就是在算的时候，我相当于就是有一个喜欢的加一，有两个就是加二，有一个讨厌的就减一，所以我后面选择的是得分为一和二的。我没有选择得分为0，甚至是负数的，有没有表述清楚？,后面还会什么选？,就是因为同时符合花和地毯两个要求的只有两个方案。,因为我要确认其他的地毯是，哦，我干了这样的事情吗？就是我当时的想法是我要把四个地毯都试一下，我要知道哪个是得分最高的，我也要同时我也要知道哪个是得分最低的。,我觉得挺难的，因为我最开始都，就是我要一直试，我也啥都不知道，然后纯乱试，然后呢，我应该是到最后15到15次次数的时候，大概反应过来。它是一个怎样的评价体系？,就是因为，不，我其实中间主要看的就是前面哈，主要看的就是沙发颜色和茶几，我一直在试沙发和茶几。,就是我认为沙发颜色颜色是最重要的，我要控制变量。我要去看沙发的最高，或者说当时以为是沙发和茶几的组合，就一直试试试，当时差不多我就很疑惑，就后面一直在在试吧。,对，就是我当时最开始有很强烈的偏向性，我默认因为如果是我的话，我会认为沙发和茶几是最重要的。然后我就一直在试试，一直在试。,有。经常记不住。记不住记不住，就最开始记不住，而且有很多东西，呼了一下就过了，因为你一个图里面有很多信息嘛，我是不会去去记所有的信息的。然后对我来说比较冗余，所以我最开始就是关注的沙发和茶几，后面，当我发现这条路走不通的时候。我再逐渐关注到植物，植物就试出来一个，后面再慢慢观察到壁画以及地毯。哎，你刚刚问的什么来着？我是不是没有回答完？,记不住的话，记不住的话，比如说有一个比较，当遇到一个得分比较高的组合，我就大概记一下。我最开始遇到一个得分比较高的，应该是在八十几，八十，八十二，我当时记得是沙发的颜色，我以为。绿色和粉色这个沙发组合得分是最高的，后面又在往这个方向试，发现不对，偶然一下不是试了那个红粉色的花吗？大概反正也很高，忘了多少分了。我就记住了粉色的花，后面就慢慢，后面试，就知道了，就不需要，就没有什么记忆会遗忘的情况了，因为我找到得分比较高的点了。,,,,,,,,,,,,,,,,,,,,,,,,,,,,,,,,,,,,,,,,,,,
26052103,without_obs,old_verbal,光线和沙发的颜色，还有花朵。,是。,茶几的形状，还有一些杂物，比如说地上的书本、玩具熊，还有镜子，这一些。,杂物尝试过，光线尝试过，花的颜色也尝试过，桌子的形状我，基本都尝试过了。,尝试，我会先比较一些高分的高分的组合，看他们有什么共同点，比如桌子的形状，我发现他们基本都是圆形。光线似乎这个影响不大，所以我就把光线这个给排除，这个光线作为影响因子给排除了。另外。我凭两次尝试，还有了直觉就判断，不能有杯子、玩具熊这些杂物。最后还是花朵，我发现选粉色的花会一般分数比较高，都是70、80。,桌子，桌子我主要注意是圆形，但是颜色我我猜颜色应该不是很重要，但是圆形的就够了，因为我发现。有一次发现选的是91分，那个桌子都有三个圆的和一个方的，我就猜是不是都选圆形会比较好。如果都选圆形的话，就一般也比较高。另外再排除掉一些比如说看的像圆形，但实际上多边形的桌子，一开始我把它认为是圆形，但实际上我选了以后分数比较低，我就把所有多边形的都排除掉了。,我发现第一不能有杂物，杂物的话会把你，玩具熊啊，镜子，这书本这些，大概会每次会有排除那么三个，最后比较重要的一个是桌子，一个是花朵，基本上就桌子和花朵了。,也不能说完全是，我猜测它是有一个。有一个范式，在贴近这个范式，它它就会比较高，离远离这个范式就比较远。这个范式的标准我猜它就是有一个圆的桌子，不能有杂物，花的颜色是要淡色，首先是粉色，其次是白色，再次还是黄色，先选粉色和和白色，这两个比较淡，桌子是圆的，花是淡色的，不能有杂物，就这样三个一结合，就看是哪个比较接近。,挺难的。,一开始我还以为是简单的配对，就那么两三种事物，光线、桌、沙发颜色，还有大概是壁画，大概是这几种简单排列，选出一个最优的排列。后来我发现我有我有一次选了92分的那个比较优秀的排列，它在第二轮中它就下一轮中它就没有出现，我我就感觉这个。所需要的杂物，所需要的干，所决定的因素是多重多样的，我就没有再一一比较，而是一次就比较了好几个，比如比较桌子的形状，花的淡色，还有就是排除了那三个杂物。,游戏第一轮我，第一轮的时候我就没想那个什么组合。第第一轮我我也注意到了光线，还有沙发的颜色，我我只是注意到还有花的花的颜色，我就注意到三个东西，但主要是光线和沙发。我我第第第一次注意选了选了一次，前10次吧，选了选了选了两个黄色沙发，两个绿色沙发，选了92。我我我一开始接近，我还以为快要成功了，后来我每次大概有10次都选黄色沙发加绿色沙发。这两个组合的分数都挺低的，都是50多次，我还注意到其他的元素。,怎么的调整？先是花的淡色，大概是后30轮，我还注意到桌子的形状。最后面，最后大概40轮，我再排除掉，注意到有杂物，就是玩具熊、镜子这一些，我把这些杂物给排除掉，就不能有多余的。不能有多的东西，就是茶几、沙发，如果突然多了个镜子，或者多了个茶杯，或者多了玩具熊的感觉，就看着很乱。当时我也没有更多的时间去去实验了，我我就这我通过两次实验，再加上我猜的，就排除了这三个。另外发现这这三个每次都出现有三个有杂物的，我觉得这个比较少，应该不是正确答案，所以我就把三个全部排除掉了。,是是只是经常记不住，它太多太乱了，后面我我就不记了。我要去猜，这样一个标准的范式大概是什么样的？就就就就通过通过依次选择几个元素去进行组合和筛选吧。比如最最重要的是桌子。是花，后面我发现光线第一肉眼判断不太明显，所以我下意识我就猜光线应该不是一个会影响很大的一个变量。发现桌子花色这两个符合的时候，他们光线有时候是反差的比较强烈的，所以我就猜光线应该不是什么太重要的。,沙吗？这个没有吧。,啊，对对对，比较早的时候是这样。,中间那段时间，我想想。,找到花的颜色之前，我想想。找到花的颜色之前，我想想。找沙发的颜色，沙发的颜色和光的强度。,对对，我当当时我也注意到这两个因素。,,,,,,,,,,,,,,,,,,,,,,,,,,,,,,,,,,,,,,,,,,,,,,
26052201,without_obs,old_verbal,注意到每张图片里，一共有四种颜色的沙发。然后有四种款式的地毯，还有四种样式的茶几。然后我能看到这三个不同的元素，这16张图片是这四、三个不同元素，相互排列组合。对。,对，全都测试过。,对，一开始是沙发颜色，我在猜想他是不是特别喜，会特别喜欢某一种沙发的颜色，然后我就每一种沙发颜色都试试过，发现好像并没有什么影响。然后后来呢，我就试那个地毯的款式，然后我也是把每一种地毯的款式都试了一下，发现他更喜欢那个格子或波点的。然后茶几的款式我。没有，我也试了，我也试了，发现也没发现它有什么特别的偏好。,对，没有，我好像是试了木质的，那个大理石的没试。,因为我觉得前面三个好像都没有什么影响。,壁画我我感觉应该没什么关系。,对对对，因为我没记，就壁画好像。没什么规律，我我没怎么注意他。,就我注意到两个，一个是他，就是我，他波点的和格子的地毯都比较喜欢，但是我全部都用格子的话，那分数会更高，所以我觉得他会更喜欢格子地毯。然后还有就是沙发的颜色要和。茶几的颜色像，比如说绿色的沙发要搭配深色的茶几。,我也不知道，我在高分的时，比如说我全部都用那个格子的那个地毯，我是根据地毯来选，我就全部都选，四个全部选格子的地毯。然后沙发的颜色就是丝绒嘛，发现得高分的选项的话，它那个沙发的颜色和茶几的颜色是，能对上的。,啊，后，麻烦您再说一下。,对，因为我觉得测不出来。,对，因为测不出来，前，测不出来的话，比如说我一开始我会想看看他到底喜欢什么颜色的沙发，喜欢什么颜色的茶，什么样子的茶几。但是这样的话评分就会比较低。然后我也测不出来，后面干脆就全用那个格子。其实后面我是想，全部都用格子的地毯，换一下沙发的类型，或者是茶几的类型，看他到底喜欢什么样的沙发和沙发和茶几。,哦，我有试过，就是。两个格子的地毯，两个波点垫，因为波点他也比较喜欢嘛，两个格子两个波点，然后把沙发就是比如说两个粉色，两个绿色，两个蓝色，两个样式，发现也没发现什么规律。对。,对，我有注意到，但我觉得应该没啥关系，因为我没怎么注意它一共到底有几种花。就我知道有花。OK。对。,就是一开始吧，一开始首先它里面的元素挺多的。有地毯，沙发，茶几，还有花，还有壁画。但是他一共只有60轮，我感觉非得要测出来他到底更喜欢哪种，60轮是不够的，我觉得。,第一轮，第一轮我是测的桌子。哦哦，我应该是没有，因为我没发现他有什么特别喜欢的。,就是有一次有几次我的那个分数是80多，接近90，然后有一次是90多分，然后就想记住，就是这个90多分，它那个到底里面，就是90多分，就是每一套那个家具是怎么组合的，我想记住，找出规律来。想技术，发现我就想，比如说在那个得分90多分搭配里面，粉色的沙发对应的是什么的茶几？什么样的，什么样的茶几？还有比如说花有有什么。我四想找出它里面的规律，往下面，往下，到下一轮的时候，它搭配，每张图片的家具搭配又不一样了，再下一轮又不一样了，我想记，如果它们是一样的，那个搭配是一样的，到下一轮我是能记住，但是它后面又不一样了，所以我就记不住。,,,,,,,,,,,,,,,,,,,,,,,,,,,,,,,,,,,,,,,,,,,,,,,
26052202,without_obs,old_verbal,沙发的颜色，还有桌子的颜色。,还有背后的墙上的挂壁的那个画。还有画面的色彩有点变化。但是我没有太注意。,光线的亮，对。,并没有，我主要就是以沙发的颜色的组合，还有桌子为主。,我第一轮我就是四种颜色，粉、黄、蓝、绿，还有，就是控制桌子的颜色全部为深色，试出来是一个82分，我就觉得还可以，后面我就。就是叫什么控制变量吧，去可能两个颜色，两个沙发，比如红色，两个粉色，发现越试越低，我发现它沙发应该是四个彩色的组合，应该就是最优的了。再以此类推，去试了试桌子，发现好像深色的圆桌是比较靠谱的。,粉色沙发是吧？对。就比如我四个图片我全部都选粉色沙发，发现分数很低，我可能两个粉色两个黄色，两个粉色两个蓝色，两个粉色两个绿色，这样子，或者三个粉色，然后变一个这样子。后来发现。,对。,瞎猜。,就是那个时候其实头有点痛，有点记不清了，主要就是瞎猜吧，纯瞎猜。,可能会比如纯靠左4个这样子一下，然后纯靠右这样子。,是沙发跟桌子。沙发和桌子。就是中间也可稍微关注了一下后边那个壁画，后来感觉图案太小了，可能你不会设置那么多的，我就没有考虑太多。,规则非常简单。,就是。16个里面，图片里面选4个，找出了最优解。通过测试，对，他给你的反馈。,那他现在给我提示了，他要是没给我提示的话。我可能就是放弃了，或者纯瞎猜。,游戏第一轮。,是，你这里能看到吗？对，我选四个都是深色的桌子。,我想着桌子跟以，因为我主要就是关注桌子跟沙发嘛，那我想着总要控制一个不变，然后去先把另一个的最优组合确定下来。后来又试了试浅色的桌子什么的，发现越来越低了，我觉得就深色的桌子是比较优的选择。第一轮纯属运气好，我感觉一下试了，试中了那个深色的桌子。,对，后来就没有想办法，但是第一轮20分的话，我后面可能会关注一些别的吧，后面就。ok。,会，当然会有记不住的情况。,编个绕口令，比如什么粉绿蓝黄，然后什么的，然后。,对对对。测测过的那个分数的高低和组合。,嗯，然后他的组合，在他基础上，然后可能再做一些小调整，看分数能不能再。,组合一样的时候，我还在想，我就想着看它系统有没有 bug， 看它分数会不会再高一点。,对，发现差不多就80左右。,,,,,,,,,,,,,,,,,,,,,,,,,,,,,,,,,,,,,,,,
26060301,without_obs,new_verbal,可能是四个不同的组合，四个不同组合，正好把这四个选到一块之后，就能拿到满分。因为让你选四个嘛。这四个正好都是他想要，就是满分。,就是他不是16选4嘛，那四个都选对就是满分。对。,猜测的话，我想的是壁画和沙发四个不同组合。它不是四种壁画，四种沙发吗？从这种组合中选四个。,一开始的话，根据沙发颜色以及壁画种类进行分类，比如说鸟、花、天空和人。然后沙发的话，粉色、黄色、蓝色、绿色，然后根据它们进行不同组合。,比如说粉人儿，然后蓝天、黄花和绿鸟。,猜的，一开始这么觉得的。,猜呗。,放弃了，因为我根本记不住，就记不住哪个是错的，记不住，放弃了。,一开始话我猜是不是。因为我忘了规则是啥了，我记得我猜的是不是有一个方案分数，是不是根据最高的方案分数来的？比如说这个方案分数本身就是80分。然后其他的都分儿不行，分儿都很低这样的。咱后来也放弃了，哎呀，我应该那么想的。,嗯，之前是。根据壁，我主要还是根据壁画来的，根据四，后面是根据壁画来的，四个壁画一个是挨组合，挨个试一遍。后面发现人，有人和天空的分都比较低，有鸟和花的分都比较高。后面基本上它就有它就选。,后面试的时候是先把，反正四种壁画，然后16个方案，中间不是每个方，每个壁画都有四个方案，先把四个方案选出来，看看分数。,对。,看跟壁，哪，选出哪个壁画分比较高，哪个壁画不能选。,就是有花和鸟的分高。不高。人和天空的分低，不要选。,后面咋试的话。,沙发好像没有。,可能对壁画比较显眼吧。,我忘了，我好像偶尔偶然间选了个三个鸟加个壁画的，三个鸟加个花的壁画组合，结果折到了92分。,对，比四个花瓶和四个鸟分分数都高，所以我就应该跟三鸟三花一三鸟一花有关。,三鸟一花。为基准。对。去试的。OK。然后试沙发不行，试沙发不行试桌子，试桌子不行试地毯，反正都试一遍，没试出来。,不一样。,就。三鸟三鸟嘛，鸟先选出来，鸟先随便选三个，然后看哪个不一样，不一样的花就是那个。,就选不一样的。,组合吗？就是我看的，我关注的是一开始关注的是鸟，不是沙发，沙发，壁画和你，植物。我之前想的是，好像是，我忘了，反正，这三个都不一样的方案也是有的。有四个方案，我也试了一遍，没试出来。就三个都不一样。,关注过，比如说咖啡，还有熊什么的，也试了一遍，也选上了，但是分儿也不高，就后面没想。,有就选了。,对，然后看它们的大致分布，反正肯定也有不一样的选方案。就比如说有小，有小熊的，然后它是粉沙发和黄花，还有什么绿鸟这些的，就选个跟它不一样的。,忘了，但我觉得应该有，毕竟它出现也不是没道理的。,,,,,,,,,,,,,,,,,,,,,,,,,,,,,,,,,,,,
26060302,without_obs,new_verbal,他物品的元素种类有很多嘛，我觉得是因为最开始注意到元素不同就是5个。一个是植物的，沙发的颜色、茶几、地毯和壁画，一开始就觉得是，选出来四个，他有特殊偏好的东西，他可能分数高。一开始的理解就可能还不是很因为前期的策略就光去想着去找。他某个元素的一个偏好，就可能还没有过多的去想到这个得分的100分的这个问题上。,对对对对。,比如说，就比如说我就先选了四个粉色的沙发，然后其他都不管，然后得到一个分数。好像是五十五十二分左右吧。又选了蓝色的，四个蓝色的沙发，好像也是五十二分。之后又选了绿色的，就四十八分。和四个黄色的，它也是四十八分。这里我可能就猜测他对这个蓝色跟粉色他是有一个偏好的。同理，再去测了壁画的，还有和其他植物的这些。,对对对对，这样子的话可能就已经用掉了我，就是将近20次的这个测试机会。,然后还又测到二，测完之后又把前面的给忘记了，然后好像又又浪费了几次机会，就是又重新的测了整理了一下。,因为他这个是最直观的元素区别嘛，那肯定就是想找到不一样的，他有特殊偏好的这个东西，我觉得是个很直接的思考过程。,对。OK。,有，到了到了中期之后，我才发现它那个图片好像是，它是会变的。就是它不止那16张，就是我到了中期才发现的，到测试到20多次之后，我就开始用那种。排除法，测，比如说我的理解就是在这个游戏过程中，比如说壁画有一个是一个鸟的一个壁画，它那个分数会比较高嘛，我可能就选三个鸟的，另外一个可能选一个别的，再去弄。但是那一块我感觉我已经思路有点不是很清晰了，那段因为突然，我就知道它那个图片很多的时候，那个时候思路就已经有点乱了，可能就。不是，就稍微有点不知道怎么去进行。,对对对对对，但是感觉就是次数也不够，可能就不是一个很好的方法，就到中期开始就找不到思路了，就卡了很久。那你后期呢？到了后期是，可能试到了40次左右之后，注意到了它有小熊抱枕，还有什么，不一样的墙上有挂的东西，还有灯它好像也不一样。那个时候，用掉了几次，是，只选这些有特殊东西的花。,对，也是大概试了几次之后，好像没搞清楚那个规律。,我觉得有关，但是我搞不清楚，因为每次它随机出现的元素是不一样，它有很多种，没有那么多测试的机会，它，而且刷新的这个东西它也没有办法让我去测试，因为这个次数确实不够。,哦，就一个是那个，有一个鸟的那个壁画。然后还有的是一个黑色的那个小小圆桌。,对，然后其他的感觉是无关的。,是，就是先测所有的沙发，就一开始就，就先选四个粉色的沙发，然后其他的不管，然后再测四个蓝色的沙发，然后绿色的、黄色的，然后沙发差不多有一个概念之后再去下一个元素。,对对对。好的。,,,,,,,,,,,,,,,,,,,,,,,,,,,,,,,,,,,,,,,,,,,,,,,,,
26060401,without_obs,new_verbal,就是看到了一些图片，然后它大概分为了，明显的不同的元素，比如说有沙发颜色，茶几形状，沙发地毯图案，还有花的花的类型，大概就注意到这四种。不同的类型，我就猜想和这四种元素有关。,选择策略就是首先因为我一来就注视到了沙发。颜色，因为它是，就是面最大的一块，就先筛选了沙发的颜色。选择了它一共是有四种不同颜色，有，每种颜色有四张图片。对于每种颜色都进行了筛选，最后发现评分最高的是粉色和绿色，这两种沙发颜色评分很高。,在一轮上点四张粉色沙发的图片，进行提交。,自然而然就是感觉，就是自然而然吧，好像就是一种惯性。其实在这样选择之前，我也没有明确的说，确定我就是要一个什么样的筛选策略，只是大概想到说，先筛一下沙发颜色，那正好它粉色的，或者蓝色的各种都有四张图片，那就自然而然而然然的这样选择了，看了评分。,就是看看，比如说沙发颜色，某种元素，它的某一个类型，比如说粉色或者绿色，它的哪一种颜色或者说图案更受到顾客的喜欢？,先筛选的就是沙发颜色，然后发现应该是绿色是评分最高的。接下来是粉色，这两个的评分是明显比其他两种沙发颜色高的，所以可以确定的是，他肯定更喜欢粉色或是绿色。接下来我就是筛选了花朵的种类。现在回想起来好像不同的花的种类，它的影响并不是，没有没有沙发那么的影响那么大。就是评分变化没有那么高，但是黄色的花朵我印象中还是会比其他的花儿要评分稍微高一点，其他花儿不太记得了。第三个就筛选的是桌子的种类，现在回想起来它评分也都是差不多的。当时可能就是从，比如说48分到52分这个区间，但是当时还是没有明显的得到，它对顾客喜好选择的影响不显著，结论，所以又做了第二遍筛选，因为分数很接近也记不住，就又筛了一次桌子的颜色，后来还是选了两个评分稍微高一点的种类，作为备选。,最后一个就是筛选的是地毯的图案，它的评分也是差不多的，地毯图案这个就没有再过多重复的筛选。接下来就选择了粉色和绿色，以及黄色花朵的组合，发现并不能得到最高分。我又仔细看一下，发现还有壁画。就又对四种不同的壁画进行了筛选，发现海鸥，我不知道，不确定那个是不是海鸥，反正就是那个抽象的图案，还有一个是猫咪。这两个它的评分也是非常明显高于其他两种了。所以这两个说明对顾客的喜好影响也是非常大。所以也是应该作为优先考虑的。,就选择了最终排列组合就优先选择了壁画和沙发这两个的排列组合。发现还是不能达到最高分，就只能再观察，发现有一些会有什么水杯，书本、小熊之类的一些，还有动物版之类的杂物。在每一轮中刚好这些杂物就有四张，我就都选了，发现每次选这些评分都很低。这个好像选了两次还是三次？好像是两次。我就判断他不喜欢，如果说有这些杂物在的话，会影响顾客的评分。最后呢，优先选绿色和粉色沙发，海鸥和。猫咪壁画的组合，并且没有杂物。就结束了。,在尝试之前。没有下任何的结论。,是实在没招了，才会猜想到，可能会有影响，所以才尝试的。,好的，谢谢。,,,,,,,,,,,,,,,,,,,,,,,,,,,,,,,,,,,,,,,,,,,,,,,,,,,,,
26060402,without_obs,new_verbal,游戏开始的时候，我就是把它当成了自己的个人喜好去，没有策略的，一开始是这样。尝试几次了之后，我就发现还是有区别的，可能它是有规律的。,根据分数的高低嘛，我就发现有的时候分高，有的时候分低。一开始我在前期的时候，我尝试的策略就是观察到了壁画嘛，我就会尝试一样的壁画，或者说是。有不同的壁画。,我猜想就是它可能有规律吧。,我就是想的是它一共有好多元素，就比如沙发颜色，然后壁画的种类什么的，就一开始我只关注这两个元素，然后。我就想，那我就先试这个。壁画的颜色吧，我就在期间，一开始是四个，选择了四个一样的壁画，发现它的分数好像，波动比较大，后来就尝试一样的沙发颜色，就发现好像就是慢慢没有耐心了，我就在想尝试一下别的策略什么的。,确实是我第一个注意到的，就是色彩的不同嘛，沙发的颜色和壁画的颜色比较突出，我就一开始就只注意到了这两个元素。,我是想，尽可能多的，让自己的分数，维持在一个比较高的水平嘛。我就尝试了几次，发现我自己的记忆力也有限，而且可能沙发颜色一样了，壁画的颜色又不一样，我发现两个变量它很难去同时控制。,对。,是。,就是因为他这个就是猜顾客的喜好嘛。我会想他会不会喜欢哪一种沙发颜色？我就试四个粉色的沙发，假如说，我发现四个粉色沙发，我可能第一次试试这个颜色，第二次我又试了一次四个粉色沙发，发现它这两次分是不一样的。或者说有的时候我会试两个粉色沙发，或者说三个粉色沙发和一个别的颜色沙发，我发现这样测的话，可能次数太多了，很难去顺利的完成这个。60次的测试机会吧，我又说换个策略，从壁画了又开始，我又发现这两个如果同时测的话，也有点难，那样。前期我其实是没有找到一个比较稳定的策略，前期我算是比较迷茫的状态。,从头到尾，还是只说前期呀？,从头到尾。,您说是，就是四个一样的吗？对，我一开始是从沙发入手嘛，或者说，沙发和壁画这两个都是我最开始，混杂着，或者说交错着那样子。去尝试，到后面我又发现这两个就是很难达成一个统一，而且当时有点混乱，我就发现了，慢慢发现这个元素里面还有其他的，就比如地毯和桌子，我发现这两个好像是我之前面没有注意的，我就开始注意这个地毯和桌子，我就这次我就不像一开始那样去不停地试，我就是四个一样的，四个一样的，进行重复，我就试了四个一样的，先是从桌子开始的吧，四个一样的白色桌子，我发现试了重复了两三次，我发现分都普遍比较低，我就会避免弄四个一样的白色的茶几。到后面尝试到了深色茶几的时候，我发现分会比较高，我就更倾向于多试深色的茶几。再后面发现深色茶几不停地选，好像也就最多就80多分，我就尝试了好几次深色茶几，发现分数就维持在80分的时候。我又在尝试前面没有测试过的元素，就比如这个地毯，我又发现格子的地毯，四个一样的格子地毯的话，它的分数也是维持在80分左右。我就想，这个顾客可能会比较喜欢格子地毯和深色的茶几。,我又发现，每一次我选四个一样的深色茶几，或者说四个一样的格子地毯的时候，沙发和植物还有壁画这三个元素是四个不一样的，怎么说？我每次发现我这两个元素重复的选四次之后，这三个元素它是不一样的。我发现了这一点，这个时候已经是中期了嘛，我发现这个规律的时候已经没有多少次的测试机会，我就在想我怎么样才能达到突破这个80分，或者说达到100分，但是测试时间，不是测试的机会都不多了，我就。后面几次就是我也就围绕着深色格子和不，格子地毯和深色茶几，去随机的测了几次吧。,也不是，我想过一些玄学吧。因为它不是一个4×4。4×4的这么一个方格嘛，我之前，我就当时就联想到我之前喜欢玩数独，它是九宫格嘛，那样子，我就按照我那个思路，我可能会先控制住这个，假如说我当时印象特别深的是这一块是一个绿色沙发，植物和壁画我记不清了，但是它就是一个深色格子和深色茶几和格子地毯同时存在的这个元素在这里。我就用九宫格的思想，我就把这一排排除，这一排排除，在这个里面再想办法。通过一个我认为比较合理的方式去随机的选。就是各种尝试。,有。,我关注到的就是有什么陶瓷，还有闹钟。还有杯子，还有书本。就有的时候他们还有那个泰迪熊的玩具，还有什么格子板，还有镜子。,我觉得。应该不太相关吧。,有。,在在我确认那个格子地毯和深色茶几之前。,我有猜测，我猜测可能是相关吧。,就惯性思维吧，就像一般的游戏，游戏思维的话，就是可能它会突然出现一个特殊道具。然后你选了无意识拿到特殊道具之后，就会加一个 bonus 那种感。嗯，对。,,,,,,,,,,,,,,,,,,,,,,,,,,,,,,,,,,,,,,,,,,,
26060403,without_obs,new_verbal,我对开始的时候，我认为是要得到一个顾客喜欢的家装方案是一个组合性的。我并没有猜想到他可能是对某一个特定的元素的喜欢。,开始的时候我并没有一个特别明确的目标或者策略，仅仅是出一个试验性的选择去，我首先是观察到了它有几个元素是有规律的，比如说在这16张图片里面，一定会呈现四组，我是先，首先我观察到的是沙发的颜色，我发现沙发的颜色可以分为四组。分别是粉色、蓝色、绿色和黄色。我就想到了是不是不同沙发的颜色，有不同的喜好程度。我先选择了四个不同颜色的沙发，我发现得到的分数比较低，我又进一步转变了策略。,在刚开始的时候吗？对。刚开始的时候，就是比如说在一二轮，我是先选择不同，四张图片的元素是不同的。我就意识到了，这四，在这四个四个沙发，四个颜色可能就代表他四个不同的喜好程度，我就可以意识到，如果说我每一次选择，四张图片都含有同一张元素，就是这四张图片都是同一个颜色沙发，我进行四次推推荐的话，我就知道他对这四个颜色沙发分别不同的喜好是什么样子的。然后以此类推，我发现在这16张图片里面，还有呈现不同的组别，比如说有四类不同的画，四类植物，四类地毯，四类桌子，然后进行同样的逻辑的一种分析，他到底喜欢什么？,就是我观察到了他们这个图片呈现它是有规律的，它必定包含着。四组元素，我又发现了，假如说在这四张图片之中，我确定一个元素是这四张图片的同一元素的话，其他元素必定是不相同的。所以说呢，更可以判断顾客对共同的、同一个、单一的元素，比如说都是黄色沙，都是黄色沙发，和都是粉色沙发，他们的对比。喜好。,我是想去判断顾客对不同的颜色，或者说不同的内容的喜好，进行一个排序。,首先我第一个获得的信息是关于沙发颜色，我发现顾客更喜欢黄色和粉色。第二个获得的是桌子的信息。我首先我通过排序，我知道顾客他不喜欢石头材质的桌子。我进一步的把石头元素给 pass 掉，去排木头材质的桌子。我发现他更喜欢原木桌，而不喜欢方木桌。我发现原木桌有深色和浅色两种类型。进行定，更进一步的排序，我发现他最喜欢的是。深色的木，原木桌。,我再继续排的是地毯。地毯我在第一次排的时候，我当时我对地毯的喜好，我并没有一个很深刻的记忆，所以说导致了我在后面的时候，我又多费了几次推荐，去重新确定他对于地毯的喜好程度。我发现他对于地毯的喜好是相对来讲比较的接近的，他的最讨厌和最喜欢，他相差的分数应该不大于3分。,我最后是排的花。花的话，同理我一开始有一个错误，我一开始我记错，记成那个红色花是最喜欢的，在我后续我排的时候，我发现在最后推荐这个方案有红色花，并没有说给到一个很高的分数，我就去重新的排，重新确定，我发现他就是那个白色花，白色花应该是他最喜欢的。,首先就是我确定，还刚才忘说，就是他那个画，我确定他最喜欢的那个画是。油画带有罐子和水果的，第二喜欢的是飞鸟，是两个他有明显的偏好性喜欢的，还有另外两幅画是他比较不喜欢，我没有记错的话，那个分数应该都是20多分，所以说我在去16张图片呈现，我去排除元素的时候，我尽量会去优先把后两幅画去排除。,还有一个就是他比较有明显喜好度的是他对于桌子的喜好，他很讨厌石头材质的桌子，方形的也比较讨厌，所以说我会优先选择圆形的木桌。对于沙发地毯，我是比较在排序的话，是比较靠后去 pass 掉的。如果说这个图片里面可能有他不是那么喜欢的沙发的颜色或者地毯，但是有他比较喜欢的元素的话，我可能会还是会去选择他，包括花也一样。,我有关注到，但是它不在我去考虑的范围内，因为它不是变量。,它在每一次出现的过程中，它并没有一个变化，它既然没有变化的话，那它肯定不是评分的一个包含的范围内，所以说我不去考虑它。它既然有变化，那才是它评分考虑的范围内。,,,,,,,,,,,,,,,,,,,,,,,,,,,,,,,,,,,,,,,,,,,,,,,,,,,,
26060404,without_obs,new_verbal,就是看到16张图片之后。会觉得应该给出的4张图片需要同时满足某一种。特殊的排列组合形式，能够去迎合给出的顾客评价的标准，所以在选择的过程中需要考虑到不一样元素的组合。,我考虑了总共五种元素，就是沙发呀、壁画、地毯、茶几以及旁边那个植物的类型。,我一开始会先选择。这五种元素的其中一种，选择，因为它们每一个元素都有四种不一样的出现的形式，我会先在四张图片选取一个类型，比如说在进行沙发的选择的时候，我会把绿色、黄色、粉色和黄色那个蓝色，它们四种颜色分别都全部选一遍，看哪一种颜色最高。分数最高，最后发现绿色的颜色是分数最高的，这在我后面的判断里是，会增加绿色选取的概率。,我在单轮选择的时候会把一个颜色全部给选上。,因为我觉得排列组合嘛，它总共。16张图片，每一张图片的元素，它们之间的两两组合都不一样，所以我觉得先看能不能选出到底是哪个元素的哪一个颜色，它在最后的评分中占比是比较高的。最简单最快速的方法就是这样的一个穷举法，就把它们每一个颜色都选出来看哪个颜色评分最高。,嗯，通过这样的选择的话，我会依据这个评分的结果去进行判断，看这个选择对于后续的选择，后续的进一步的提交是否有比较好的一个论据支撑。,嗯，我第一个。发现的信息是沙发的颜色，对我而言，这五种元素我第一个捕捉到的信息就是沙发的颜色不同。我选择了个绿色的时候，发现它的分数是52分，在其他四种颜色中是排名最高的，因此我在后面会额外的对于绿色沙发的不同组合进行筛选。到中后期的时候，我对壁画筛选的时候，发现。其中有两只小鸟的壁画，它四个壁画出现的时候达到了最高分，也就是83分。出现这样的情况之后，我发现选取四个壁画，那么沙发的颜色肯定就不一样了，因而我会判断是否会存在不同的组合会展现出不一样的分数，这样的一个结论。因此在后面就改变了前面单独元素选择的策略。,对，在后面的话，因为当时已经到了中后期嘛，轮数也比较多，所以我一直在，通过回忆看我之前选择的比较分数高的那些组合都是哪些元素在，但是呢，我在这里遇到的问题就是每一轮刷新之后。可能上一轮。选择的一个固定的组合，在下一轮它没有出现，所以我在这里会考虑到可能这个实验的题目会将一些无关紧要的组合去进行抹除，而去进行两两组合的就是不同组合的呈现吧。但是我在这里是遇到了一些困难，因为我无法去完整的回忆出我之前选择的一个具体的情况。所以我在后面就还是沿袭之前的选取两两元素之间的一个策略去进行完成。,我先试了沙发，然后试了画，随后也试了茶几的种类，然后地毯的种类，还有最后试的是植被的类型。,就是我会把它的四种类型都给全部试一遍嘛，因为对我来说这样的话，根据这个得分的结果，我能够去更快的筛选出来这五种元素中得分最高的元素是哪一种？然后在我后面的选择过程中的话，我会倾向于把前面得分高的这些种去进行一个排列组合。,我有关注到一些不变的组合和一直在变的组合。但是有一些小物件也在我的过程中有发现，比如说沙发上的抱枕啊，茶几上的茶杯，还有我身旁的镜子，还有落地灯的颜色。我有关注到，但是经过其他图片的对比，我发现这些图片它只是偶然的发现，应该是一种干扰的选项，所以我就没有考虑在内。,,,,,,,,,,,,,,,,,,,,,,,,,,,,,,,,,,,,,,,,,,,,,,,,,,,,,
26060405,without_obs,new_verbal,我刚开始觉得是它会有一个组合，比如说这个里边它会出现三种元素，比如开始觉得是桌子，然后沙发的颜色，还有地毯。我觉得它们可能会有一个特定的组合，比如说粉色的沙发加小的圆的桌子和。波点的地毯，我觉得它可能是有这样一个特定的组合，就是它会比粉色沙发加别的东西还要分高，所以我要只要选出四个非常确切的东西，就会得到满分。如果说它和那个确切的答案有一点区别的话，就会得不到满分。我觉得它可能这个分数在0、25、什么75、100，我后来发现好像不是这样的。,最开始是控制变量，比如说我可能会猜想某一种特征它会比别的特征的分数要高，比如说粉色会大于绿色，我就会一直，比如说这一轮都选四个粉色沙发，下一轮再选四个绿色沙发，这样，对比来看，可能什么特征它会分更高，就把颜色，什么。桌子的什么样式，什么都试了一遍。,因为我觉得可能我，如果从设计这个实验的人的角度来看，他应该不会在一些非常小的地方，一般人考虑装修，他也不会说在什么这个地上有没有钟，或者地上花的颜色，或者。是我觉得这个画可能，因为它价值比较低嘛，所以一般人在装修的时候不太会考虑到那些非常细节的东西。而且它既然作为一个实验的话，应该是那些比较大的特征才会让人选，不然60轮应该也测不完吧。所以我觉得首先肯定是大的特征，然后的话，控制变量我觉得可能是一个能够比较节省的办法，就是节省次数和，因为它有比较多种变量，就这样可以观察出来到底是哪个变量分会比较高。,我可能得到的是，是不是某一种元素它就是会比另一种元素就是分数要高？比如说是不是绿色就会比粉色的分要高？或是不是方形就是会比？如果是这样的话，那之后多选这个特征就可以了。如果说不是这样的话，那可能是这个组合上的问题。,应该最开始的时候分别试了桌子的形状，沙发的颜色，后来没有再接着试地毯，是因为我发现好像粉色的沙发和叫什么？浅黄色的圆形小桌子这个特征好像会比别的特征要分高，所以我当时就觉得可能这两个答案它是绑定在一起的，后期我就在这个方向上不断的尝试，保留这个特征，替换其他几个，后来发现好像又不是这样，就是浪费了非常多次机会。总结来说，就是一开始我分别用了在沙发的颜色和桌子的形状这两个方面，用相同的，比如说同时用粉色的沙发，或者同时用绿色沙发，就这样试了很多轮，得出了一个特征，保留这个特征，就是粉色的沙发加圆的什么黄色的小桌子，分更高的策略又往后试了很多轮。,后来发现好像跟这个地毯又是有关系的，因为我又在推翻了我原来那个东西的设想之后，又接着试了地毯的情况，就发现如果都选那个原色波点的地毯，它分数就是会比其他的高。都是在70分左右，我当时就稍微有一点困惑了，我以为每一个元素应该只会出现一次，比如说在四个格子里只会有一次出现圆形的波点地毯，它是一个一一对应的关系。后来发现好像又不是这样的，所以我又尝试着找这些元素怎样组合出现的时候分数更高，好像进入了一种比较玄学的或者比较宏观的一个方式，不再执着于。找到底是什么特定的组合，就是好像更加的抽象一些。,对。,嗯，对。,偶尔出现，就比如说沙发上偶尔会有靠垫，地毯大小其实也会有变化，但是我感觉我顾不上这么多了，因为。如果考虑这些的话，它会太多，而且会有一些小的东西，比如说花，经常会出现钟和玩偶，那个地方是否有门也是会不太一样。但是我当时觉得可能这些东西只是，因为这个图片可能是 AI 生成的，所以 AI 它可能会自动加一些东西进去，但是这个应该不太会作为。,这个变化，这个评分的重点吧，因为我也不是很能预测这个东西是否每一轮都会出现，如果它不是每一次都会出现的话，对拿到100分这个事情有点随机了吧，比如说我出现这个钟，它就会分更高的话，那很多人就没有这个钟，那人他不就不太能拿到100分了，所以我觉得它可能不重要。,重要的是感觉。重要的是那种协调感，可能，我后面有一种猜想叫做，是不是桌子的形状和地上地毯的比如说桌子是。方形的或者是六角形的，地毯是格子的，或者是那种射线型的，它们看起来更和谐。或者是这个顾客他就喜欢某种元素出现的概率更大，比如说他喜欢圆点的概率更大，那我多出现一点这个，好像出更，是不是圆形的桌子和圆形的，或者波浪形的，这个圆，就是同样都是曲线的这种模式会得分更高？,我到后期发现原点地毯就是会比其他分高，我觉得这好像就是某种联系，其实没有联系是吧？,,,,,,,,,,,,,,,,,,,,,,,,,,,,,,,,,,,,,,,,,,,,,,,,,,,,
26060501,without_obs,new_verbal,刚开始的时候吗？刚开始就是我第一眼的时候，我是感觉好像是整体的整体的光线氛围，可能会有一种，就是明暗的光线氛围，会对这个游戏产生一个影响。然后它是一个比较大体的感受，我就直接按照一种感觉去判断。,没有，我是个人比较喜欢亮的，所以我就去选了这个。,就是刚开始前面几个基本上都是在盲猜。就不知道，后来我就稍微感觉到了比较大件的几个物品，就是像茶几，然后沙发，还有地毯，它们当中的组合可能会有些影响，我就尝试去排列这些组合。,我刚开始我先筛的是那个。茶几的形状，因为它是最明显的一个特征。我在想它有几种，一个大理石的，一个方的，还有一个圆形茶几，我就试了一下，每种茶几排了一下，我当时感觉可能是他们的顾客最喜欢圆形茶几。我就卯定了这几个点，我也特地去试了一下会不会他们不喜欢那些什么方形茶几，或者是大理石茶几，试了那个分数就骤降。,比如说我，我刚开始是不，我刚开始是在几个圆形茶几当中，放了一个其他的茶几，那个分数它其实比较中等，我也看不太出来谁是谁。后来我就特地去选了几个，全是方形茶几，或者是全是大理石茶几，我试了一下。就是，然后那，都一样。分数在20到30分左右，我觉得不行，肯定不能选这个。,后来我就开始试圆形茶几。然后反正就，因为圆形茶几它只要选了，基本上分数都稳定在60分往上，反正就是六七十分，好的时候会，有时候会猜到80，80来分，我就想，那应该就是往这方面去猜。然后下面下面我其实细节我也没有太关注到，就是像那种什么画之类的，我也记不太住，我感觉可能也不是要考量的点。然后盆栽，我也不知道那个顾客喜欢什么样的盆栽，因为他变的好像有几种黄花，然后红花，还有那个树，反正他种类也太多，我也记不住。所以我不去记那个东西。但是感，我感觉他可能好像和地毯有一点点关系，我也不知道有没有，反正就感觉好像那个茶几的比例和地毯的比例之间，他们好像。他们好像喜欢比较矮胖的茶几。可能吧，我也不太清楚，反正就可能会有这东西。,后来最后反正分数往上了以后，就开始用一种比较大概的感觉去判断，我其实用了一些，就以前温题的一些思路，就是我发现那个沙发刚好是四种颜色乘四个选项，那我就在每个颜色的沙发当中，因为我感觉沙发颜色好像不是一个要考量点，好像我总是，我刚开始是用颜色去判断嘛，就可能是这个顾客会不会不喜欢绿色沙发，或者不喜欢蓝色沙发，但好像也没有这个，那我就想，那会不会是每种。颜色沙发当中都会有一个最让顾客喜欢的选项，我就去挑。然后就是按这种思路，到后面就突然就弹出一个满分，我也不知道后来是怎么做的。,啊，这个倒真没有太考虑，因为我个人就是觉得那个圆形的好看，那我就先选圆的，后来感觉选了其他的怎么分数就变低了，那我就不选其他的。,就做一个分类嘛，因为我觉得这种可能是让我去找相同，或者是，因为他如果有偏好的话，肯定是要一个比较大概的一些哪些元素，他们会比较类似。我其实也关注了一些比较细小的元素，就相当于一些什么茶几放在桌上，玩具熊摆在旁边。我不知道那个有没有影响，但是好像选了那些以后分数也不会太高，我就不往那方向选了。,小熊我忘记有没有选过，但好像选过一个杯子，还一个，还一个什么书之类的。,对，我后来感觉它好像没什么关系，就不选它了。,就比如说我先选几个，比如说暖色的沙发，然后我再去选那个绿色或者蓝色沙发去加进来，但是好像。,刚开始比如说两个颜色相同的，两个颜色不同的。,不是，是我当时选完圆形茶几以后，它的沙发的那个颜色组合就是这样子的，不是我去特地分配的。,对，我后来是，我后来是没招了，我就想，那沙发可能也不是要考虑的吧，就就那个去。,别的主要是别的不好记。像沙发的颜色，它其实就四种，那个还是比较好记的。然后像画的种类，我也。搞不太清楚它到底出现了几种。然后尤其是地毯的图案，它我也记不太住，我就感觉有一个圆形的，一个放射状的，还有一个格子的，但是记不太住。,哦，我刚才其实说过，我刚开始只是看个人偏好，我才去选的圆形桌子。我也不知道，后来我就到了。其实在早期偏中期的时候，可能就已经有点感觉，可能顾客喜欢这个圆形的桌子了。那个时候我也说，我就特地去测试了几款，可能不是圆形的，那个时候他分数给我一个很明显的负反馈了，我就知道不能选他们了。,,,,,,,,,,,,,,,,,,,,,,,,,,,,,,,,,,,,,,,,,,,,,,,
26060502,without_obs,new_verbal,需要我根据不同的就里面的一些东西，自己进行搭配，挨个比吧，看看最后怎么能让顾客更满意，或者拿到满分。一开始猜测是这样。,其实我主要是关注了他的沙发颜色。然后壁画，一开始还是关注了植物，但是后面好像完全忽略了这个。反正也是，就是比方说我一开始看那个沙发颜色和植被，然后就根据它们进行一个排列组合，然后看看顾客会更喜欢，比方说更喜欢哪个沙发或者哪种植被，就大概是这样。然后后期也是，只考虑了那个壁画和沙发，然后策略也差不多，也是看他更喜欢哪种。,关注沙发。因为他关注沙发还是，一开始中间会有，选四个，四张图全部都是一个颜色的沙发。就是会这样大概比较一下。,因为这种排列组合之前好像有体验过。感感觉之前在，要么在玩游戏，或者在学习，还是什么？有过这种经历吧，虽然也记不太清了。感觉得这么选择，因为它确实那么多图，太多了，而且好像每次都会变化吧。所以如果不比较的话，其实还挺难的。,就看他更喜欢哪种颜色的沙发。,一开始其实是试了植被和沙发的搭配，因为。,对，因为一开始我以为他们是那种绑定的，其实后面也感觉他是绑定的，但是到最后的发现不是。然后一开始是这样试的，然后中间发现感觉不太对，每次分数其实波动的不是特别大。然后后面说要不就只考虑沙发的颜色，然后后面中间是试了，应该有试个几轮吧，然后有。有试出来沙发的颜色，后面就是考虑壁画和沙发的组合。但是中间有几次是忘记之前的选择了，所以又试了几次。,对，因为中间是选好了沙发的颜色，选好沙发之后再考虑了壁画。,就是它不是四种壁画嘛，然后是有一个那种。很彩的那种。然后是感觉粉色的加上彩色壁画以及是黄色还是蓝色加上彩的壁画，它的分数会相对高一点，好像有一轮突然飙到了80多，然后之前都是四五十还是多少，反正就一下子高很多，就感觉这种搭配的话，可能顾客会更满意。然后后面就是考虑这两个，然后对于前面的之前有试出来绿色沙发，其实他顾客也比较喜欢，但是绿色沙发和壁画的搭配，其实组合也挺多的，然后就一直在试，是前面两个是全部都是绿色沙发，还是一个绿色加一个其他颜色的搭配。然后以及它跟壁画的一个选择，就中间一直在试这个，然后后面也是，哦原来植被还有影响，然后完全忘了，所以最后就放弃了。,大概50多轮。,因为我发现它变了。哦，你发现它变了。对，因为一开始是想起来，然后中间那个是壁画的时候又把这个植被的因素又忘了。然后又记不住他们三个的一起的搭配，然后说算了吧，就这样吧。,没有。,小熊小熊有，但是就是我以为都有呢。,对，没有关注那些小的。,壁画、沙发和植被。嗯，好的。,整体也没有了。没有了。,哎，好的，谢谢。,,,,,,,,,,,,,,,,,,,,,,,,,,,,,,,,,,,,,,,,,,,,,,,
26060503,without_obs,new_verbal,就是刚开始您跟我说的时候，我其实不太了解这个游戏具体的规则，只有在进入这个游戏界面，从一开始的初测的时候，让我在16个图片里边选4个，其实我也不知道很明确的到底是选哪4个分数会最高，因为它设定的分数是 X， 所以说我也不能靠前测去猜测它这个预算的结果是什么。只有在进入游戏之后，开始选择大概是前10次的时候，我才慢慢的反应过来，游戏它到底的条件是什么？,我第一轮选的好像是根据沙发的颜色进行选择，我在尝试到底是整体的四个我都选黄色分数多，还是整体的四个颜色选粉色分数多？,因为我觉得这个沙发它首先在一个房间里边占据的面积很大，如果我是，我同样是一个家具推销员的话，我肯定会先去问这个客人说，您更偏好什么颜色作为您这个屋里的主色调。,看看哪个哪个颜色的分数是最高的。,哦，就是我这个整个的流程呗，我就是首先就看这个图片最大的颜色是黄色和，不是最大的色块，大概就是沙发的颜色和桌子的和茶几的颜色，还有一个是地毯的颜色，我首先就是先筛了一下，我发现蓝色和绿色沙发的得分普遍都是50多，所以说我就想到说肯定不能是蓝色和绿色，只能是这个。,黄色和粉色，我就开始筛圆形的茶几和方形的茶几，我发现有棱的茶几它的分数会更低，所以说我就把所有的选择的。点放在了这个圆形的茶几上。最后我就挑了看，我就看这几张图到底还有什么别的区别，就通过对比旁边的花，还有后边的墙壁上的壁画，最后进行的推算，就是算出来了最后我最后选的这四张图片。,最终选择。我觉得可能是，我觉得可能是我觉得可能是整体，这个画面，它到底顾客更喜欢冷色调或者是暖色调，他更喜欢是。,对，就是主要是我觉得可能更多的是看这个顾客他他对于居住的一个需求，他到底进屋是想要比较温暖，或者是比较更适合个人居住，他可能对于我来说可能是就是颜色的呼应，就是是否都是呼应的比较完全。,这些那可能就是沙发加上沙发加上茶几，加上后边的那个背景的壁画，还有那个茶几底下的垫子。,对的对的。组合起来。对的对的。,因为我感觉我好像，因为我感觉我好像是做错了，因为。一开始试了一下方形的桌，有角的桌子，感觉有角桌子那个分数低，然后我又试了一些圆形的桌子，我发现圆形的桌子分数更高。但是到最后我就感觉一样的桌子之后。我可我把我认为一样的桌子放进去之后，我发现它的分数是不一样的。我就在想，应该不是桌子的问题，应该是壁画的问题。我就在想，是不是壁画的分数，我就在猜测哪个壁画的分数更高。,我39轮。我我也是试了好多次，到最后反正就是感觉哪个看着我在记忆里边分数最高，我就是选了哪个。,惊讶。惊讶。惊讶，我以为我可能还要试的，我以为我会试到。60轮甚至更高才能试出来。,我看到了那个洞洞板，还有一个是两盏的那个台灯，我感觉这两个就是跟好多应该都不太相似，所以说我可能用这个，大概排除了一下，筛了一下，我还是主要是用沙发和颜色和桌子和脚垫去进行筛选。,对的对的对的，我没有进行那些小细节的尝试。,,,,,,,,,,,,,,,,,,,,,,,,,,,,,,,,,,,,,,,,,,,,,,,,,
26060601,without_obs,new_verbal,我觉得选到顾客心中的场景的话，就会得到满分。,我一开始会觉得他色彩一致，我心里怎么想，我觉得他就会喜欢什么。就按照我对哪个场景比较喜欢，就选那个场景。,我，因为一开始做这个实验没什么头绪嘛，所以就只能按照我喜欢什么，来开始选，看它的得分怎么样变化。,我的选择策略就是一我一开始的时候是先统一这个场，比如说沙发，我都让它是一个颜色的这种。然后看他的得分，如果得分低的话，再试，一个一个颜色去试，沙发就试完了，再试壁画什么的，就这种。,因为就想看一下这几个元素在顾客的心里哪个。占比更大嘛，他肯定，他更喜欢的元素多的话，那得分可能就更高一点儿，所以我就想要统一下来，就固定住一这个元素，然后去看它的得分，这样就能够看顾客更喜欢的是哪个。,按照时间顺序就是指实验的前期，这种。对。前期的话我是这么去做的。前期就是，就像我刚刚描述的，先固定住沙发，然后固定住的其中一个颜色，然后去看它的得分。然后我发现沙发的可能在顾客心里不是那么，就颜色可能不是那么重要，然后就换壁画，壁画也是挨个去试了一遍，然后发现壁画可能占比，那个鸟应该是占的是最大的，就顾客可能更喜欢。然后我在后面中期的选择的时候，就注重整个场景。我会先看这个场景当中，先选择壁画，就是鸟的壁画的这个场景当中，同时还有桌子的形状、材质，还有地板上有没有什么东西，就综合考虑这些元素。这是我中期的话，整体去看，就适当的去加一些壁画多一点的壁画的鸟的元素多一点的。,后期。我就是稍微在这个基础上，因为一直都没有得到满分嘛，就稍微改变了一点其他的，比如说一开始我没有特别注重这个镜子的摆放位置，我感觉镜子它都是一样的，都是在右侧，都有镜子，每个场景都有。但是后来我发现它的图片会改变，有的时候镜子会在左边，有的时候镜子是不露出来的，有这种细小的改变，我我在选择的过程当中也，因为一开始选的都是镜子在右边，而且它是出现的，所以有的时候我就会。不选镜子在右边它是出现的，镜子，没有镜子的这种场景，我会特意的去选它，就这样改变一下。,嗯，就小的，我原来不太在意的这些因素。,因为一直都没有得到满分，而且它很接近了，所以我觉觉得应该是这些细节的东西就影响到分数。,就是试，我也就是看能不能瞎猫碰死耗子试出来，就那种。,也没有了。,有，那个镜子，我觉得它是一直在，都每个场景都有的，而且它没有什么变化。那个地上的东西是时有时无的，地上有的时候还会有个水杯，有个书在那块儿，有个玩偶，但有的时候就没有。,我觉得不太相关。,因为有。因为他的分数不是特别大的变化呀。就是我改变这个，它有的时候得分反倒更低了，有的时候得分就也不变，就没有说很高。,因为我感觉我心里已经知道的差不多了，就感觉。,,,,,,,,,,,,,,,,,,,,,,,,,,,,,,,,,,,,,,,,,,,,,,,,,
26060602,without_obs,new_verbal,开始的时候没有什么猜想，就是先去尝试。我开始以为可能是会有顾客的一些提示在那边，根据提示去猜想，但是做题的时候发现就是完全的靠自己找规律。,开始的时候我可能觉得。我以为这个真是一个跟喜好，装修喜好有关的游戏，所以顾客可能会提示，比如说类似什么样的风格，什么样的颜色呀之类的。但是装完之后我发现这是一个关于认知归类方面的游戏，就没有没有那种提示啊什么的。,哪个猜想？,得到的。因为就是看本身的游戏开始介绍嘛，介绍的就是说的要给顾客提供一种顾客喜欢的装修方案，我就以为是这种通过去分析他的心理，他的状态，来去选择他可能比较青睐的一种风格呀，或者怎么样的，我以为是这样的一种游戏。,刚开始的时候就是。再找整个这一个图案，所有图案里边变量比较小的。比如说我看那个落地的台灯，我观察到的有一个它只是，有一张图片它出来两个台灯，其他图片都是一个台灯。所以我会进行去试验，就是这四张图片是，就都是一个台灯。然后呢，剩下的我会在里边，第二次的时候我会加入这两个台灯的，通过对比看，多了这一个台灯，对于这个分数它有没有一个比较大的影响？最开始的时候我是通过这种方式，找那种变变量比较小的来确定它的整体的分数有没有一个。一个比较大的一个影响吧。,诶，看了一下，我觉得没有提示，大概去选的就是筛查嘛，控制变量就筛查了。,这个我发现小的变化的影响不是特别的大，第二次呢，我就采取了那种。完全的单一的，比如说的沙发的颜色，我第一次可能都是粉色的，第二次呢可能都是蓝色的，第三次可能都是绿色的，都选一种颜色在上面，看一看对这个组合的影响大不大？比如说地毯也是，我统一选都是条状的，统一都是格状的。我就发现呢，这种地毯里边统一都是格子的。它的分数就比较高，那种条数的它的分数就特别低，所以我觉得地毯的格子肯定是对这个顾客影响是非常大的，它是要有高分的。,同样比如说后面挂的画，我也是通过壁画，我也通过测验了，是一个有小猴子的，还有一个后面像类似于海洋的，这两幅画通过筛查出来，如果都选它们的话，分特别的高。但如果选那两个画的话，分就特别的低。所以店中途呢，我觉得还有这种大规模的这种形式，确定了几个肯定是能有高分的项。,最后一个阶段，已经确定了几个，比如说后面的画我确定就知道了。比如说茶几的样式，我确定一个是圆的茶几，还有一个石头状的茶几，这两个是分相对比较高的。他家地毯的样式，就是一个格的，还有一个是，应该是小点点的吧。这通过这三个元素，我确定他们三个元素分都是特别高的。所以最后我在试的时候，主要元素就是他们仨，其他的元素呢，就是挨个碰。所有图片里面，只要是他们三个必须都是存在的，其他的碰，就看哪个分比较高。,我猜想就是觉得大，因为再往后的次数也会非常少了嘛，所以次数越来越少了，游戏要结束了，我就觉得对于一些其他。既然我已经确定了这三个因素是最主要的，分数能特别高，能达到90，80多90这样，剩下的一些其他因素我就没有必要说是再采用这种方式挨个去试，这样比较浪费时间也浪费机会。所以就是只是确定这三个大元素，其他的小元素就是可以说是蒙吧，这样子。,就是觉得应该这是一个类似于归类的游戏。,就是想确认。看图片里面哪些因素，它是对主分影响比较大的，把它们归到一起。这几个元素对它一起分数影响大，把它们找出来都可以了。,这个没太关注到吧，因为我主要还是以，就我刚才说的那几个大的得分点为主。,对，我在测验那个灯，然后还有有一个植物好像也是，别的植物可能都是出现四次，有一个植物什么形状我忘了，它好像也是只出现一次。我开始的时候是先关注的这些小植物。,,,,,,,,,,,,,,,,,,,,,,,,,,,,,,,,,,,,,,,,,,,,,,,,,,
26060603,without_obs,new_verbal,我觉得60次得一次满分，我认为是可能的，而且机会比较大。,我在一开始采取了穷举法的思路，试图寻找出正确的满分组合。,就是一开始我没有发现你每个图都是不一样的。然后我就试图穷举各种各样的组合，然后找出这个100分的组合。,就是一开始我以为你这个图就是这16张图。然后你我想你16张图无外乎这个组合在60多种里，我只要是摸索一定规律，然后这样穷举，我就能够找到这个100分的一个一个组合。,得到的信息就是我在进行了大约10轮左右，我才发现你的图都是不一样的。我就放弃这种思路，转向由权重的一个思路，就是找你引起你高评分的这个元素大概是什么？在选择的时候尽量选择四个同一元素的方案来触碰高评分的方案，推测出哪些元素可能引起高评分。,对。,也用了大概10轮左右吧，我发现这个思路下，你的评分并不稳定。哪怕是四个同样元素的分，你得出来的上一个版本得出来的分和下一个版本得出来的分也有可能不一样。所以我我开始意识到单一元素的这种触碰未必能够得到这个元素的分数，可能是多元素共同作用的一个评分，你的加权机制可能会比我想的更复杂，所以我又放弃了这种方式，改为这种多元素配合着是来，模糊化的推测的喜好的方式来进行触碰高评分的方案。最后我在后期发现了几个元素可能会触碰高，触发这个高评分的一个方案的元素。,对，哪个元素能触发高评分呢？,哪个元素能得到高评分？,什么叫哪个怎么想到？,这个正常工作当中形成的一种工作思路吧。,就是我刚才说的这种，就是同一元素，看这个评分，如果说同一元素评分低，就放弃，换别的元素这样尝试，但是我后来发现你单一元素的一个评分是低的，再换一个，再下一个，或者下下一个版本，你再用这个元素再去评的时候，有可能就会获得高评分，是不确定的。我意识到你这个评分机制里头可能有很大的一个是多元素共同作用的一个结果，也就是说这个加这个和这个加那个是两个是不一样的分，所以你这个同样的元素，单一元素的触碰高评分的方案并不可行，我尝试了别的方式，我认为你这是一个数学游戏。,对，看哪个元素能够，或者哪个元素的组合能触发高评分。,对，两到三个元素组合可能更高，更大，更大的概率触发你的高评分，而且我我我我怀疑你这应该。应该是在加了随随机数的，并不是每一个组合就一定能够达到高评分，只有个别的一些元素可以。,比如说里面图里的某一些元素，你一定选它，你一定会得相对的一个高评分，但并不一定，只是说有较大的概率。,你说元素吗？对。沙发。地毯、阳光。,就是按照我刚才那个思路触碰出来的。,有，我看到地上有摆过那书、咖啡、熊这些因素。但这些因素它它并不是大量的，那种普遍出现，像沙发、像茶几呀，或者像地毯那样，所以我没有办法去冒险去去尝试这样的元素能够造成什么样的结果。,我认为有可能相关，但是从我实践的结果上来看，这些因素有可能会造成分数的降低。,对。,组合，对，我在尝试，比如说不同的沙发的组合的时候，发现有的也伴随着不同沙发的时候，不也伴着不同的摆，地上摆着这个东西嘛，就发现这个不同摆的东西有可能分数会更低。行，谢谢。,,,,,,,,,,,,,,,,,,,,,,,,,,,,,,,,,,,,,,,,,,,
26060801,without_obs,new_verbal,我的猜想可能就是说，就是某几种元素的搭配，可能是否是顾客的喜欢，或者说是否是选择四种，但是四种，那四种里面说尽可能就是说各种元素都要有，就是说这四种，就是说不同元素的都要有，就顾客想要，好比就是说什么蓝色搭配什么圆形的茶几，这种图案的地板，然后什么绿色是搭配这几，绿色的沙发是搭配这几种什么茶几。茶几，地板这种四种是完全不同的，顾客是想，或者有可能想要这几种的，我可能开始猜测吧。是。,为什么就感觉可，一开始信息元素很多吧，可能说顾客就是想得到我们，就是我们不同的，好比颜色的沙发适合搭配什么样的图案的茶几呀、壁画啊，他想要就不同，想得到这种，顾客也没想好，好比想要到底什么样的颜色沙发，但我想看一看这每几种颜色的沙发，我搭，好比搭配各种什么不同的元素，哪种感觉更舒服？,是一开始，开始先筛选，好比说我先筛选，好比就是说哪种颜色的沙发和什么图案的壁画搭配。好比就是说得分更高。是先一开始筛选的，筛选出来一个这种东西，后面再再筛选，是搭配哪种茶几，是喜欢那种大理石的，还是喜欢那种圆的，还是喜欢方的茶几，再进一步搭配，是这么个逐渐递进的，最，再到最后面是再过渡到那个地毯。,好比我就先选择两种颜色沙发，让他们搭配不同的壁画，先这样是筛一下，他们的。这，就什么颜色的沙发和什么壁画，他们会得分更高？先这样式的打筛。,对对对，然后对。,就不是从小到大逐步筛，那个筛选嘛，你要是直接的那个盲目的不也比较不好说嘛，这样式的能不能就先两两的筛，要是出现了低分，就证明这两种搭配不好，咱就后面就不考虑了，又出现两种高分，就证明这种可能倾向于好一些，可能就重点考虑一些。,哦，不是从物品的小，是从事物从小的方面来说，就是说两两选择这么个小。,逐步筛选，两个两个的配对儿，逐渐筛选出顾客的期盼什么。,就是先筛选了沙发颜色，好比我一开始发现了，好像他那个壁画就是海浪图案的壁画，好像跟蓝色和粉色沙发如果搭配一起，好像就得分不太高，例如这种以此的，先，还有还有一个人的图壁画好像跟黄色和绿色的沙发搭配起来分儿不太高，好像就是逐步筛选出来一个这样式的，好比筛选完了，哦，我们知道这这么个信息，再进一步，后面好比再，我们再逐步筛选，这样式搭配，我们再搭配哪种地毯，还有什么形状的茶几，这样一步步的，再到这里，开始筛选。,只关注一个，我感觉筛选不过来，关注太多，我感觉我也试了一下，发现记不住。,就我一下选了多多种颜色，然后试图改变，但我发现，然后我就后面就忘了，那前面都筛选的是。,不是，只关多，要是关，同时关注多个，对，容易忘。,关注一个，我感觉得不到太多有用信息，感觉也。试过吗？也试过一下，就就感觉一个，没什么别，就好比我，我就全沙发颜色全一样，就要改变别的。要发现。没没什么效果。,没有中间的时候。中间的时候试过。就是沙发。,是好比突然出现个什么小熊啊，对，注意了。,我发现后面尝试一下选了一下，发现分数也没什么大变化，后面然后好比还有那镜子，选了一下没什么大变化，我就没管它了。,就是最开始刚开始刚出现那段选了几次，后面发现没什么变化，后面就不搭理。,,,,,,,,,,,,,,,,,,,,,,,,,,,,,,,,,,,,,,,,,,,,,,,
26060802,without_obs,new_verbal,猜测的话，就是可能肯定针对一些大件的物品影响会比较大，我觉得。我一开始拆那个大件的，比如沙发，什么茶几这些。然后我就逐步的以先固定一个变量嘛，比如说沙发颜色，他会比较偏爱哪种？我选个粉色的，然后所有的都选粉色的。如果最后出来的结果分数不是很高，那说明这个沙发可能不是他喜欢的颜色，那我就再换一个别的颜色再试试。好，在其他的也类似于这种，比如说这个沙发颜色分数比较高，说明他偏爱这个沙发。沙发固定完了，然后再选下一个变量，比如说茶几，茶几是它的形状什么样？圆形的还是方形的？比如材质是木头的还是那个大理石的那种？然后最后是像地毯，地毯的什么颜色呀？什么形状啊？差不多类这种的。慢慢这种一个一个去找。,因为它里面有很多变量，沙发什么茶几啊，什么地毯，你不可能说漫无目的的去做这个东西，那样就很乱了，所以说只能先固定下来，一个一个去试，确定了他喜欢偏好的东西，再去选下一个他喜欢偏好的东西，再慢慢组合起来，就可能最得到他最偏好的那个类型。,就先固定下来一个，然后后面慢慢再推别的。,别的什么，那个茶几，什么地毯啊这些。,对，因为我觉得沙发这里面最大的，影响估计也是很大的。,对对对，因为感觉有点乱了，刚开始一个头脑有点不太清晰，感觉这个也不对，那个也不对，就感觉有点慌乱那种感觉了。然后就各各种试来试去的那种。,对，慢慢逐步逐步的。一开始我想着就感觉好乱了，反正点一个也有50，感觉点那个也是50，就感觉。,就没啥，就是按按照之前固定下来的了，我就确定他喜欢那两个颜色的沙发，再挑别的东西了。那个什么地毯啊，再试地毯啊，不同类型，再试别的东西。,他就。,对啊，就是沙发你肯定选一样的嘛，两个颜色嘛，那选别的变量啊，比如那个茶几。茶几它的是材质，还有那个颜形状。特别是这种圆形还是方形，还六边形那种的。,对对，我就不不不挑沙发了，我就沙发还是保持那两个不变了。我确定她喜欢就这两种颜色的沙发。,对对对。,对。,地毯啊。,嗯，然后一个茶几。,有点，我感觉还是有点乱，一开始到中间我还是感觉有点乱，我后面又想过试个，不行再换别，是我方法不对还是怎么的，然后还想过试别的。我比如说有试过，比如同一个颜色的沙发，我再试试别的沙发颜色，但确定确确实那没错，沙发就那两个颜色。,小的我也有，但我也试过，但感觉影响不大。,不是，我就直接排除那些小比较小的东西。,试过，但是感觉没啥影响，我就我就没有一直去试的。就一次，这个我就。就感觉没啥影响。就立刻就已经。对，就可排除掉。,不是很大。,,,,,,,,,,,,,,,,,,,,,,,,,,,,,,,,,,,,,,,,,,,,
26060901,without_obs,new_verbal,说实话，刚开始是没有这个规则，也没有想到这个能拿满分，是因为对这个游戏的理解可能一开始没有那么深刻。,前三轮都是比较无序，就是说实话都是瞎点的。随便点。因为我一看还有60轮，前面我先试试，看各种方法先试一遍。,大概是每次评分都比较低的时候，有一次有一个71分，我就开始观察观察游戏的每一个设计方案里面的各种元素，家具的元素，沙发的颜色呀，包括采光啊，还有窗帘啊，还有灯饰啊，还有等等，地毯啊，茶几啊，各种，后来进行了一些各种组合排列的这个方法，发现这样下去，评分会逐步逐步会有一些提高。,比如说第一轮，当我发现这规律以后，我就选择，比如说粉色沙发，我就全部选粉色沙发四个图案。比如说绿色的，我就全部选绿色的。哎，后来我发现这个方法可能还不太行，我又。两两组合，比如说我两选两个粉色的，选两个黄米黄色的，这样组合。后来我发现，在这个过程当中还有你的花色的选择，还有旁边的装饰画啊，包括灯啊，还有采光啊，亮色或者是暗色的。我后来的决策就是尽量选择颜色比较亮一些的颜色，评分会会比较高。,没有刻意的去想吧，因为我看了一下有这么多的元素，我总要一个一个去试。所以我就是刚开始选了四个沙发，包括四个壁画，还有包括茶几的形状，还有地毯，还有茶几的底座。这等等等等这些吧，我都做了不同的排列组合。,其实这么试的目的我是想让客户自己，他也会有一个选择，就是我把这四个方案给到你，实际上这个每个方案里头，他可能会配有不同的颜色的比如说壁画呀，包括窗帘，包括采光，客户他自己会去选择一个他喜欢的方案，我大概是基于这个考虑。,对对对。是这意思。,我是最开始是按沙发，第二是按那个壁画，第三就是按这个花色，就是那个旁边的那个花。然后第四个就是按照那个茶几的形状，然后还有茶几的底座，那个我不知道是不是地毯啊，反正那个底座它也有好多，也有四个四个是一样的。大概是这么一个时间顺序。,把所有的沙发都试了一遍。,对对对对对，几乎都都试过一遍。,发现评分不是很高。不是很高。然后我又开始试试两两组合，比如说两个沙发和两个茶几，或者两个沙发和两个壁画，这样，然后又试了一试了一遍。那。到最后我发现找到一点规律的时候，你的时间，就你选择不多了，就只有几几道题的选择了。,在意的我觉得是颜色，还有采光，对粉色和淡绿色还是军绿色，那个颜色可能会比较喜欢一些。因为这个是拿的最高的一个评分，我选这两个组合。,沙发的。,对，所有的这些，只要四个一样的我都选了一遍。,两两组合。,基本上是。,没太注意小，太小的，我主要是沙发，采光，灯饰，旁边的台灯，还有茶几、地毯。嗯，那个灯是。几个比较显眼的吧，就能一眼就能看到的。,灯有啊，有稍微亮一点的，有稍微暗一点的，就是你搁远一看，那就能看的很清晰，哪个显亮，哪个显暗。嗯，那你觉得。所以我基本上都选择亮一点的颜色。,有一定的影响。那有注意到有个小熊或者什么东西。没有没有。没有。没有，包括窗帘的颜色我也没注意到。但是刚才后面那个答题的时候有的有提到什么陶瓷啊这些我都没注意到。,其实因为你前面的评分都不高，所以我就后来改变策略，两两组合的这种都尽量选亮一点的颜色，或者采光比较好的。两个光线比较好的。,也不是，就是比如说两个沙发的颜色，它的采光各方面也都是很亮的，然后我选另外两个沙发，它整个这个环境也是比较亮的一种颜色。,ok， 好的。整体都是选的比较亮的颜色。,,,,,,,,,,,,,,,,,,,,,,,,,,,,,,,,,,,,,,,,,,
26060902,without_obs,new_verbal,在游戏初期的话，主要是能重新。没事没事。哦，不是，我忘掉问题是啥了。,哦，就是说在游戏初期的话。就看他房间的布局，比如说他是否是暗的，或者是亮着，以及沙发的颜色，这个主要是看，就是先选，比如同种颜色看看是出来的答案是不是，就是分数是不是很高的。,哦，就是刚开始的话是先选那个沙发的颜色。然后同种颜色都选，就不看别的，然后只选同种颜色的沙发。然后看一下分数高不高。然后后来呢，觉得没什么用。就看他房间是否是暗的或者是亮的。但是我感觉就是暗的话得分会高一些，如果是亮的话得分会低一些。所以呢，这个的话就是后面会选择很暗的房间。再看落地灯是否是白光或者是暖光。但是其实感觉都差不多，因为感觉他更喜欢白光吧，暖光的话也喜欢，但是更喜欢白光，再看桌子是否是什么款式吧，对，就这样。,这个没有，这个就是说就看直觉吧，就是看哪个能够放在房间里头更妥当，就是看直觉，对。,就是直接想到的，反正就是就是刚开始看到的时候没什么选择，而且我发现有60字嘛，就可以尝试一下，用同样的颜色来看一下，他到底喜欢是那种，比如说颜色，比如黄色呀什么的，他更喜欢什么颜色？,两三个吧，两个吧，两个。,想要看一下他更喜欢哪种颜色的。ok。东西，但是后来感觉没啥用。,试了那个灯，落地灯，落地灯的颜色，然后以及后面的，这是初期嘛，然后到后面的那个桌子的款式。就是后来我发现是圆桌子是更适合的。,有过。有过。对对对。,保持房间是暗的，因为我试前面试出来房间是暗的。哦，试出来房间是暗的。,试桌子。试桌子。,就看先试，就是房间暗的时候看一下比如同种桌子。不是先是大理石的菱形的桌子，看看得分是高还是低。后面再看是圆形的桌子。但是圆形的桌子明显是高的。所以呢，我就觉得他更喜欢圆形桌子。对。,有四张，这。就一定能选出四张。对对对，有四张，的确有四张。,四张都是暗的。,有六个是圆的。有六个是圆的。有六个是圆的，然后我从中选四个，那就看考虑别的因素了。就是，对你说。,当时的猜想是？,就是说当时猜想，就比如说已经知道他是暗的话，那就是看一下，不是，我不太明白你说的。,对，那就是看一下他桌子，除了桌子之外还有有那些杂物。比如说什么小玩具熊啊，镜子这些杂物。然后看一下他他更喜欢是这些杂物呢？还是更喜欢干净整洁的一个房间？就这么测试，后来发现他不喜欢这些乱七八糟的东西，他更喜欢那种整洁的那些。,专门去选一下那个有杂物的，全选有杂物的。,考虑。也考虑。对，就是在前面。选完的基础上，比如说暗的圆的桌子，加上暗的光照。再选这些杂物，看看低分还是高分。啊，明白。,这个不选这些杂物，圆桌子，按房间，也没啥了，还有落地灯的线，最好不要在镜头里。,对对对。,最后一两轮。感觉按照前面的来走，基本上。,他刚刚调查问卷说有什么地板的款式，我没有注意到。,对，不是地毯，是地板。地板。地板，地毯我注意到了，但是没啥作用，主要是地毯，还有墙壁的颜色，是落地灯的颜色吗？不知道，他那上面写的调查问卷，我没有注意到这些。,有吧。,我就是主要是想看看其他的一些东西是否是相同的。,,,,,,,,,,,,,,,,,,,,,,,,,,,,,,,,,,,,,
26060903,without_obs,new_verbal,游戏满分的猜想，你猜对了可能给满分吗？,这个问题不太懂。,跟客户想的一样就满分了。你是说具体的那哪个方案是吗？,那个没有猜想。,它里边不有好多物品吗？那个凳子什么，还有那个叫什么？沙发还有那个叫什么？还有那个什么壁画，还有那个。还有那个什么落地灯，还有那个什么，他那都不一样。所以说那个，还有地毯，反正就就一个，先固定一个不变，然后其他的变试试呗，反复试呗。,那有好多重复的，我看都四个四个重复的。,看看哪个分高，哪个分高可能那里边就是说元素就越接近于这个客户的需求，找到一个最高分以后，再把里边也微调一下。,具体过程忘了，这太多了。,先试了，可能先试了，但是我不不太确定了，因为里边因素太多了，可能先尝试了沙发，先试全选一个一种类型的沙发，看看多少分？全选一个，好比说这个，他那个旁边那个花多少分？全选那个，叫做什么？他那个凳子，那些凳子也分好几种嘛，有木质的，还有什么，我看好像还是有有石头类的，就挨个试，到最后试出来好像是那个地毯的那个分是相对高一点。地毯图案那个叫什么？黑白的叫类似于网格的那种，会高一点，80多分，80多分以后再微调，对，但是再微调以后就就试不出来了。,微调就是基本上，后来那个网格的，它应该分，它那个地毯，它那个凳子分两种，一个是木质的，应该好像另外看着像是那种石质的，那感觉石质的到时候调了它感觉分低，不太好调，就选那木质的，就是网格的那个地毯，再加上木质的凳子，这样的来跟其他的组合，最高的应该到92分。92分，但是再调的话，里边的因素太多了，记不下来。就再变的话，就是。对，记不清。,有，有一个，他地上有时候有个有个有个有个有个什么小熊，还有个什么的，有时候他地上可能还有一个别的东西，他有时候他会放到桌子上，或者放到沙发上，但是那个太小了，后期那个就不是特别关注，因为他就一个嘛，一个的话我心想他这个应该不会影响他的这个审美。客户的感受应该不会，所以都没太关注。,没有，因为他就一个。,,,,,,,,,,,,,,,,,,,,,,,,,,,,,,,,,,,,,,,,,,,,,,,,,,,,
26060904,without_obs,new_verbal,猜想肯定就是四个方案，就是肯定得是16个方案里排名1、2、3、4，就是他喜欢的程度才能100分。如果不是1、2、3、4的话，那可能比如说1、2、3、5，那就会扣除一些分数之类。反正就是得选出16个中他最喜欢的4个。,你既然帮别人设计方案了，那不得给别人选最好的吗？而且如果不是4个中最好的方案，那凭什么给他负100分呢？,这个决定好和不好，那肯定就是看这个方案是否符合这个臆想的。顾客的口味喜好之类的，这就是接下来也要慢慢去试的一个东西，他可能他自己就相当于有一个标准在那里，只不过你要通过这个过程去把这个标准猜一下，猜出来。,开始的时候尝试着都选同样的元素，比如看看有没有明显的喜好，比如说沙发都选绿色的，然后再都选蓝色的。壁画都选。带鸟的，都选带女人的。,单轮就是四个全点一样的，一定要点同个元素存在的，就比如说都点，四个都点沙发绿色，都点沙发蓝色，但结果是好像没什么用。,因为我觉得可能是否一个因素它会对整个评分产生一个明显的影响，也就是说。这个我们意向的顾客，他是否会对某个元素他会有明显的偏好？就比如说他是否就是特别喜欢绿色沙发，不是，而对其他几种沙发他就完全不喜欢。但是好像测下来发现没什么用。,我是想，意图刚刚就是。想要测出我们所臆想的这个顾客，他是否有对某个元素他有明显的偏好，这样就可以给以后提供指引，那么以后就都往这个元素上选就可以。,时间顺序，先前面四个，先把沙发四个颜色都试了一遍，然后发现他的分数都是50分左右，可能会有比50高一点，可能比50低一点，但可能也就是个位数的差异，那我感觉没有什么用，没有什么特别明显的。偏好，然后再开始试花，以此类推，试壁画，以此类推。好吧，然后最后发现其实单一元素并没有特别明显的变化，但除了最后试桌子的时候会发现可能对圆形的桌子会比较喜欢一点，这个是能够试出来的。就唯一可能试了这么多，就只有试出圆形的桌子可能会被喜欢点，但是其他的元素应该都偏好都，我们所臆想的顾客对他起的偏好都不明显，就可能。只有是桌子那一份是有效信息，其他的都试出来都是没用的结果。,选择策略是看看颜色的搭配，光线的亮暗之类的。然后颜色搭配就是搭配，以及摆的一些东西，它的位置，它的类型会，是否会有点影响？,试过的东西，试过的东西，比如说光线，我觉得光线好点，就是明亮点，确实会对结果造成积极的影响。东西的话。,这时候就是它并不是一轮中16个中就能够找出4个光线好的，这非常困难，一般都只有2个或者2个左右光线好的，那2个左右的光线好的都先给它选上。再在剩下两个里面选，按照其他标准选最好的。我感觉分数相较之前有一点点提升，我觉得可能光线好就是一个比较积极的因素。,有关注到偶尔出现，就是小熊随机刷新，书本随机刷新，靠窗台的柜子或者是镜子，随机刷新。反方向的远离窗台的挂耳机或者剪刀之类的一个架子。那个地方可能也刷新一些镜子，随机刷新，但是并不是每轮都有。,我认为会相关，因为我得分最高的一轮，我选了一只熊，它得分特别高。但那个熊的位置当然也摆的特别合适，后续后，因为后续几轮可能选了一些位置不太合适的熊，分数没有明显提升，但那个熊的位置确实挺合适的，那我觉得，小熊的位置，小熊的位置以及小熊这个因素本身，可能就会对分数有一点影响。,我认为他原本可能就有关。,,,,,,,,,,,,,,,,,,,,,,,,,,,,,,,,,,,,,,,,,,,,,,,,,,
26061001,without_obs,new_verbal,刚开始的时候，我还没有弄明白是怎么回事，所以。我对这个就是没有猜想。对，我还不清楚这个游戏规则。,我就是。看起来差别比较大的，比如说它这个颜色吧，有这个粉红色、黄色、绿色、蓝色。我我想着这样，每样选一个，它肯定有一个是比较准确一点，或者说比较符合一点的吧，我就每样选了一个。,得到了第一轮好像40分吧，我就这一轮我还是不太确定，就第二轮开始的时候，我就选择，我记得我是选了两个。颜色相同的，我觉得这样会比较，它的差别可能会能体现出来一点吧。,我的猜想可能就是从这种颜色还有样式上面。,它有沙发的样，沙发的颜色，还有茶几的这个材质和形状。还有下面这个地毯的花纹吧，因为其他我看着其他别的地方我的差别不是特别大，还有一些比较小的地方，比如说那些墙上的有一些照片什么的，那个就是太细节了，我特别容易忘掉，我就放弃选择这一项了。,就选择方式就是选择，先选择相同颜色的沙发，我选择了好像是两个黄色吧，还有相同形状的茶几，我选择了相同一样的圆形，圆形的茶几，我发现这两个分数会有一点提升，所以我就确定这个可能是对沙发的这个颜色，还有。茶几的形状，还有材质是有要求的，所以我就在这上面做一些比较。,怎么想到？就是因为首先就是过于细节，过于这种琐碎的物件吧，确实。确实记忆不住，或者我看完就忘了。而且你这个看完，你这道题做完，你也不能翻到上面题去看你的选择，所以我就放弃这一步了。我看主要的就是看沙发的这个颜色啊，还有茶几，还有下面这个地毯，我发现我按选规律做出选择之后，我的分数它是在提升的。所以我最后就是确定的颜色是一个黄色，还有一个是绿色，它它分数是比较高的，所以我就按照这个方法去选择。,这描述什么？,我就想，因为之前有几轮吧，大概就是我用我这个方式选的话，它的分数提升了，然后我就发现选择这个黄色的沙发，还有这个圆形的茶几，木质的这茶几，它的会分数就是会比较高一点，所以我就按照这个选择。,我刚开始选择就是有这个黄色沙发，蓝色还有绿色、红、粉红色我都选择了一遍，但是我发现这个黄色的。我选了两个的话，它的分数会有提升的，所以后来我就想，这黄色的，它比较喜欢，比占比比重，大的一点，我就选这个粉色的话，它的分数又会降下来了，所以我就去掉这个粉色了。,我在这个蓝色和绿色之间又做出选择的话，我发现这个应该是这种蓝色的沙发，它的分数会降低，所以我就去掉这个蓝色沙发了。最后我就发现这个黄色沙发和绿色沙发，还有搭配这个圆形的这种。圆形木质的这种茶几，下面这种地毯的颜色是比较整齐一点的，这种分数就是会比较高一点，所以我就按这个选择。,其他策略没有，我就是按这个策略选的。,我关注了这个窗帘吧，窗帘。还有旁边这个灯好像是。它是相同的，所以我就没有去选择这个东西。,对，应该就这些了。,我认为不相关，因为就是在一般这种现实生活中，你去装修或者什么的话。他会，不是会注重太细节的搭配的。或放，我看到沙发上放个小熊或者什么的，我觉得这个不是太特别重要。,我觉得还是去选择一些比较大的氛围感的东西，把这个选准的话，它的分数就会比较高。,具体的物物体的话，就是这个颜色、形状，还有具体的这种物体的材质，还有这些花纹什么的。,,,,,,,,,,,,,,,,,,,,,,,,,,,,,,,,,,,,,,,,,,,,,,,
26061101,without_obs,new_verbal,猜想就是顾客选择做出最终决定的话，它里边影响的因素比较多。我在判断顾客是从色调呀，还是从形状呀，还是从审美呀，从。实用性角度去分析他的选择。去慢慢做筛选，去做排查。,沙发的颜色。还有就是茶几的形状。茶几的颜色，还有就是壁画，从第一视，从主视角，比较明显的东西。最容易抓住眼球的。这几个因素去考虑。,刚开始呢，我冷色调、暖色调都选。风景画、人物画，还有。静静态画都选。,第一轮上就是尽量平均，比如说方形的茶几、六边形的茶几、圆形的茶几，包括粉色沙发、绿色沙发、蓝色沙发，包括风筝画呀，风景画呀、动物画呀都选择，然后去。根据评分来判断顾客在。,就是评分比较低，就是说明我选的这几样，有一半是顾客不关注、不重视的。,之后我就侧重先选择色调，比如说先排除粉色，或者先排除蓝色、绿色，再去看评分，看顾客的喜好。从茶几。从选多选圆形，或者多选方形，或者多选六边形去判断顾客的喜好。这样去排查。,用这个策略，比如说茶几，选四幅图，我会选三幅圆，一幅方，看评分。或者是三幅方，一幅圆，看评分。或者是两幅圆，两幅方，去看评分。或者是圆方六边形，按比例选去看评分，来判断顾客。,最开始的时候。,我也有有打20多分的，也有说是判断，我比如说都选方形，一看分数比较低，说明顾客对这个方形茶几不感兴趣，我会再去筛选圆形或者六边形。六边形选了几个，发现评分也很低，说明六边形也不合适，说明顾客最终的倾向是要圆形茶几。,就是根据居家这个实用性。还有安全性，因为安全性，比如方形、六边形，它这个棱角比较多。,一轮内选多个，看评分呀，如果是两个圆两个方，比如说打50分，这就没有这就相当于是没有选择性。比如说三个圆一个方，如果分高，说明圆的占比例大，如果分低，说明方的占比例大。就这样去排查。,得到信息就是去猜顾客的喜好。,比如说有刚开始，我大部分选蓝色和绿色的沙发，然后分不是特别高。然后我再去筛选，比如说加了粉色的沙发，结果分也不高，我就又把粉色排除了。然后壁画，比如说都选的静态植物的，分也不高。后来选了两只类似于鸟呀风筝的，分比较高。然后我就被把这个因素作为一个权重比较大的去选，然后在下面筛选时候。四幅图里大部分都会选这个壁画。然后再去筛选茶几，就是刚开始选圆、方、六边形都选，根据评分一步一步排查，最后就圆形比较占比比较多。尽量四幅图都选圆形，然后再去筛选别的因素。,没有，我就是这样去排除的。,我认为我能抓住顾客的心理去选择，按他的要求去选择这几个关键的因素。最后拿到满分的。,一直不变的。,有。落地灯就没变过。,没有。,因为中间选有部分就是这些经常出现的，无论你选不选，它对分数都没有影响。我就把它排除了。,没有。没有。,,,,,,,,,,,,,,,,,,,,,,,,,,,,,,,,,,,,,,,,,,,,
26061102,without_obs,new_verbal,觉得顾客打分高的话，就是他应该是喜欢某一种类型，我选择顾客喜欢的类型，按照类型选择图片，应该会给他满分。,是，开始的两张图片应该是凭着自己的喜好，比较喜欢明亮一点的，选择图片，后面不知道和前面的那两张图片有没有联系，在前面的时候选择图片依旧是选择比较偏明亮的。花朵的话选择黄色的，或者是蝴蝶兰，粉色的蝴蝶兰。沙发的话选择粉色和黄色的比较多一点。我觉得比较重要的是光线吧，选择亮一点光线的时候，整个色彩比较明亮的时候，我感觉分数会高一点。,一轮内。先，我感觉可能有点偏自己的。就用自己的偏好，先看一看花朵，花朵和沙发的颜色。,怎么去尝试？先大概浏览一下。,明亮，色彩明亮，,对，我觉得整个开始前面的多一点，后面的时候可能会有一些匹配什么的。,对，开始的时候是按照色彩，去选择的图片多一点，后面也会有一些影响，但是后面的话会观察到有一些其他的东西，比如说书立，还有报。小熊和闹钟，它们摆放的位置不同。后面的话，给顾客推荐的，可能就是稍微简洁一点的，但是因为每次的测试，它们的图片都是不一样的，有的时候有小熊，有的时候又没有书架，所以就不太好控制去测试顾客是否喜欢这个东西，所以后面就没有太。才注意到。,其他的策略，回忆一下，没有了，没有。,一直不变的东西，就是我关注到好像，我感觉它那个图片，每一张图的好多图片应该是有一些变化的，但是没有注意它们的位置。每张图片里面的沙发这些东西，它们的位置是不变的。我觉得发挥还是挺有限的，给顾客。,偶尔出现的有那个小熊闹钟。,我觉得应该不相关吧，因为相关的话可能也猜测性也比较大。,,,,,,,,,,,,,,,,,,,,,,,,,,,,,,,,,,,,,,,,,,,,,,,,,,,,,
26061103,without_obs,new_verbal,满分的规则猜想，感觉应该，有点摸不着头脑。,就最开始就觉得先随便选一下，看看这个分数会因为什么波动吧。然后后面感觉就是它有一定的偏好。是感觉就是找到了，就找到了一个方面的偏好，就是不知道，就是其他偏好是什么，就是半天试也试不出来。我中间就觉有几个觉得哎乱选试看吧，说不定对了。,开始，好像最开始以为是沙发吧，后面发现是植物。然后到后面发现壁画也有关联，就主要注意到了，在好像就主要就是壁画跟植物。,就是尽量选那个。包括那个壁画和那个植物的。然后到后面发现好像。,具体的。就是选带这对，就是带这几个我感觉那个分数比较高的东西。比如说它不是有那个粉色的花和白色的花吗？然后我试了一下，发现就我最开始试出来就是。,对对对。对。然后对就是。,一排一排的看，看这排就是带粉色或者白色的。哦，我中间还试出来一个，我感觉就是他不喜欢地上或者，桌子面子上放别的东西，就尽量往最简单的，带了粉色、白色的花。同时呢，壁画也是要尽量那种看起来艺术一点的。,因为我感觉就是他就有很多重复的方案，我就说那肯定有几个他喜欢的元素吧，因为我感觉这些东西就是几个元素组合在一起，那肯定就要往他喜欢的元素靠，就挨着试看他喜欢的元素，或者说他就是绝对不能接受的元素是哪些。,就是得到正确答案吧。,最开始是选了沙发，相当于最开始是把同样的，比如说选定一个元素，比如说沙发颜色，就把所有的。黄色沙发选一遍，这样子试一下，后面发现就比如说我都选了黄色沙发嘛，但是它有的花不一样，它可能会干扰我的那个就是分数，我就感觉这个效率可能不是很高吧，但是还是试出来那个花，花这个倾向很明显，我就感觉花应该是占大头的，后面就先定了一下这个是花，反正后面就是这么挨着挨着试吧，但是中间还是有很多干扰，我感觉我就是在乱试有点。但后面我发现这个顾客他就喜欢比较简洁素雅的吧，应该是。然后我就尽量看找，风格最接近那个的。但是我感觉我在我感觉我前面乱事有点多，后面地毯跟桌子那些有点。有点忽略他们的存在了。反正就是一开始就是乱试，后面发现有点规律，就卡到这个规律，就是你你也不知道该试该试出什么，最后就努力往风格方面靠。就反正后面基本上分数就定了，大概就是在80多分，然后接近90的样子。,有，它有的背面会放一些东西，或者镜子啊，有时候它台灯的插线也有点不一样，还有拍摄角度那些。我在想那个是不是干扰我的？因为我有几个就是我按照我的想法选了之后，但是它桌子上突，最后分数出现，我发现桌子上多了一个杯子。我就感觉他会不会让我分数变低了？不过现在想想也有可能就是，他就是让你选不一样的。,,,,,,,,,,,,,,,,,,,,,,,,,,,,,,,,,,,,,,,,,,,,,,,,,,,,,
26061401,without_obs,new_verbal,刚开始是吧？,刚开始的话。,就是因为他那个不是有个60个轮次的循环。然后我刚开始想的就是，在这60个回合中的话。要在每一次尝试中的话，应该是优先选择就是元素相同的一些背景。比方说我刚开始想的茶几，比方说茶几它有圆的，还有方的。有这种木头做的，还有那种石头做的嘛。刚开始的话想的就是先选相同颜色的和相同形状的茶几，优先选了四个，然后看它那个分数。结果选下来之后发现，圆形的茶几的得分比方形的茶几的得分要高。而且是木头材质的要比石头的分数要高。这是茶几，再就是除了茶几就是我想想，就是沙发。,沙发我刚开始也是想着尝试的，看是不是这个沙发的颜色是最主要的因素，所以说我选的时候，优先选择这个沙发颜色相同的。因为有个米黄色的，还有一个棕绿色的，还有个灰色的应该是，我优先选的时候发现。优先选择棕绿色的沙发的分数要比选。米黄色的沙发的分数要高。,对，就是先是茶几、沙发，还有壁画，还有落地的花盆儿。我看那个花的颜色，比如说都是黄色的，或者都是粉色的。优先选择相同元素，这种看它的分数。,然后做一个比较。,有过，到后来的话，会选的是，选择就是一样的沙发，再看不同的元素。比方说我看到注意到，他那个地毯上有一个陶器。这么一个元素，我就会关心说，是不是这个相同的这个背景下，他多这么一个元素，会影响到分数的这种。的情况。,因为我看到受试的次数比较多，想的就是从大的背景上。肯定是种元素占的面积比较大的时候，它可能就是对人感官比较冲击力比较大嘛，所以我感觉它可能是影响到整个设计的画面的最主要的因素。,得到的信息就是说，通过选择之后，分数的反馈，和我，这个选择做一个关联的对比比较，我看能是否看出顾客，在顾客的反馈中，他能不能得到是，我的设计跟顾客的反馈。能不能建立起一种联系？比方说我关注的元素是不是他比较关注的？这样的话就是能给顾客推荐出更好的，就符合他的。去，就是预期的那种设计。,按顺序。,先试，我先试的是桌子。因为桌子的话，它那个形状有圆的，有方的。还有石头的，还有木头的，这个是优先在画面中获取到的这些信息，所以我第一次尝试的话，是优先尝试的是桌子。就是桌子的，它是圆形的，还是方的？还是深色的，胡桃木的？还是就是这种奶油风的黄色的。,后面的话就是开始，因为尝试了主要元素之后，开始关注到整个画面的一些点缀，比如说。有些摆件儿呀，还有一些落地灯，还有一个窗帘的光线的变化，这是到了后期，中后期的时候开始尝试一些这些。,这些元素应该是在三十轮次之后了。因为刚开始都是根根据我的我的策略，优先是尝试那些主要元素的。,就是所有画面里边都包含这个元素，是吧？对对对。有除了那个小熊，还有就是关注到那个。壁画，还有落地灯，还有花盘。,我觉得跟分数关系不是很大，因为我尝试的选过之后，感觉分数相差也就一两分可能。不是，变化不是，这个整体的分数变化不是很大。,,,,,,,,,,,,,,,,,,,,,,,,,,,,,,,,,,,,,,,,,,,,,,,,,
26061402,without_obs,new_verbal,我觉得吧，应该，一，我想，我我最，我最开，最开始就觉得就，可能需要不一样的方案吧。最开始我是从试沙发颜色开始试，但我都发现分数都大差不差，最后以为沙发没关系，导致我中期也误判了。,就是怎么说呢，觉得分数都差不多，我觉得可能和沙发颜色影响不大，直接把沙发给抛除了，就主要就开始试地毯、茶几、壁画什么的。,就是试不同，我基本都是试一样的组合吧，比如都是一样的茶几，一样的沙发，看它们分数高低。然后那分数高，我肯定权重会高一些，分数低就权重低一些。就导致我误判了，就误判了，反正挺。也是挺那啥的。,我这是笨笨笨啊，就就这分数权重高，就是分分数多肯定就权重高，就这么选。,就想能让我尽快找出无关选项嘛，或者找到能排除的东西，比如那黄花就明显能排除。,我想一下啊，就最开始是沙发，我再试了茶几还是地毯来着，最后就30到了50多，那会儿就急呀，就我怎么还没试出来，没还没试出来，最后就导致分数还甚至出现过20多，20多的给我急坏，给我急哭了都。我想啊，后期就后期就觉得不一定得要不同的，最开始就是不是会不同颜色也会有不同影响？不同沙发颜色会有不同影响，就试，最后结果发现和和选一样的，要选一样分数可能会更更高一些，就不是那格子还有圆点地毯吗？我发现这俩本来也权重也高。然后就这组合这俩算分数高，到50多分儿选择分数高，然后我就觉得，诶，这对。对了对了，最后就一选沙发颜色一样的，哎，哎呦，猜中了。,对，然后茶几，还有那有没有插座，在最开始也考虑了一下，但我看不清嘛，我忘了。,30到40轮吧，哎不对，20到40轮。,试试呗，试试呗，就还是试不同的，不对，这几张是一样的，一样，几张有一样的东西，是看他们权重，看他们分分数高低，看，我分权重。,就是大于70分肯定权重更高一些，小于70分，不，小于3，小于40分，我基本就会能，就差不多能估摸着能排除了。,后面就后面就是，后面就是权重就是学学更高一些，就80分以上的才会可能着重考虑一下，就发现这格子还有圆点地毯的分格外的高，就开始慢慢的排了，就发，最后发现沙发颜色也会有影响。,分高的会全部选，最后最后我才开始试组合，就是格子地毯和那圆圆地毯的组合。然后最后我发现不是沙发颜色也有关系吗？就就选了沙发颜色一样的。,有几个不一样的，不是有那个粉沙发还有黄沙发，应该是这俩吧。这还是绿沙，反正我忘了，反正就俩沙发颜色，我发现这个也会有影响。,不是还有花儿吗？花儿也，花儿也有影响，壁画儿壁画儿也有影响，没了。,有，比如插座、镜子之类的。,相关，我觉得这玩意乱呢，乱应该就不选了。,对。OK。,我觉得应该是肯定是一半儿一半儿，对，就是肯定里边儿有相关的元素，但又不是那么那么相。相关，或者可能是跟分数无关的选项，我觉得。,一样的，我觉得一样的。,我急我急了，我就我就想，哎呦，怎么还不能，我换个方法，干脆就换方方法了。就不如，然后最后我不也试沙发颜色了吗？没想到真有关系。,对，我觉得我看了这分不一样，分高肯定还是权重高。最后不有90多90多了吗？90多了我就觉得，哎呦，这肯定肯定有很有很大关系，然后就最后再试一下，对了。哦，行。,,,,,,,,,,,,,,,,,,,,,,,,,,,,,,,,,,,,,,,,,,,
26061501,without_obs,new_verbal,我感觉刚开始的时候没什么规律，然后后来，因为刚开始点的时候就随着自己的，凭着自己的感觉点点了之后，就会点了几轮会发现，哎，有一个得了个高分的那种情况，我感觉他们应该是要。,我感觉因为观察到的是76的时候，我算了一下，应该是四个里面应该是有三个是对的，应该，但是我猜测哈，因为它会有四个图案嘛，推荐方案，我觉得应该是有，其中有三个是对的，其中有一个是错的，我就会调整策略。去选择哪一个是哪一个是错的，但是后来我感觉根据我的方案调的时候，分数越调越低。,我刚开始的时候选择的时候其实是很随机，然后后来我发现的时候它会是沙发。是四个颜色，他们的地毯的图案有的一样，有的不一样，还有茶几的形状，有圆形的，有方形的，有但是我发现选圆形的时候得分比较高，所以我就执着了一个点，就找圆形的但是刚开始的时候也选过，也根据地毯就选一模一样的地毯的颜色呀，包括茶几的颜色，一模一样的那种颜色呀。反正就是经过了几轮，几轮筛选。,对对对对，我选了四个一模一样的，就是比如他们的地毯颜色都是放射的，都是圆形圆点点的。桌子都是那种。椭圆圆形的那种的。,因为我发现有一轮发现选择他们的时候得分比较高。后来我就在换茶几的时候，我就印证了一下我的想法，我就换成了其他的茶几，分数确实一下下来了。就降下来了。,我意图想得到满分呀。对，但是我不知道什么原因，我就后来尝试了很多，然后发现。离满分，我最多达到的分数是77分。,按时间顺序，刚开始是。无序啊，后来的时候就刚开始没无序的时候就选择桌子一个类型，地毯一个类型，后来发现分数不太好，选择圆形的之后，分数比较高的时候，我就又观察了一下，他们是刚开始是根据自己的喜好去选择，根据凭自己的感觉去选择，后来发现沙发还有茶几，还有绿色植物都不一样，但是其他的我看着都差不多，所以我就根据主要是这三个进行，还有一个壁纸。壁纸去调整，绿色的沙发对应一个暖色的暖色的茶几，再对应一个壁纸和一个绿色的植物，还有黄色的时候就偏黄色的时候就沙发对应黄色的桌子，还有一个绿色的植物。,对对对，我就觉得这种，一直在用这种方式去组合。,每一轮上。对。前面的时候，你说后面还是前面？,组合的方式是，哎，我也不记得了，反正但是从组合的方式之后，我发现。也能得高分了，也能得到七十多分。但是后来我发现，因为我没有太记住分数的图案，在后面在变化的过程中，发现稍微改动一下，变动一下，比如我把那个沙发的颜色和比如绿色的沙发，我对应成了黄色的时候，它分数可能高一点。我对应成深咖啡色的时候，深色的时候，哎它分数又变低了。等我再调回来的时候，我发现好像分数也没有涨，所以我就有点困惑了，我就。有点怀疑自己这个点到底是差在哪里了？我就开始又转换了茶几的类型，我觉得应该是要不要对，把它颜色。个类型都对调了一下，但是我对调了之后发现分数更低了，所以我就很迷茫了，后期就不知道到底该找哪一个方向了。,就是我我我感觉我的基准点已经定在了，就是，必须要搭配上，就是粉色要搭配一个暖，要搭配一个黄色的茶咖，那个茶几，然后绿色要搭配一个，可能会调，来回调一下黄色的或者咖啡色的，但是形状一直都没有变，因为我发现一变形状。有问题就会分数就变低，但是我发现变不变形状变颜色也没有高。就后来我就卡在了一个点，我不知道哪里出了问题，所以我就自己在试的过程中就没有思路了，就开始，后来我就发现有的时候可能是壁纸，你要选择两个一样的壁纸的时候，分数可能还会高一点，但是同时也要搭配前面的我说的那几个组合，但是后来再搭配壁纸，再调换壁纸的时候，我发现分数也没有上升，就不知道卡在哪一点了，就一直得分就没有没有太高上去。,偶尔出现的会有我看有闹钟，还有小熊，还有，有一次粉色沙发上还有。还有叫什么抱枕，但是我觉得那可能不太影响，还有一些书架呀，镂空书架，还有地毯旁边有的时候会出现一些书。,我觉得他们不固定。,不做影响因素。,一直不变的绿植、沙发，还有窗帘，虽然说那个窗帘形状我感觉一直是没有变化的，我看所有的里面都是白色透光的那种，墙壁，墙壁的颜色我也，我我感觉是没有变化的，还有一直不变的就是沙发的颜色应该总是有，是有固定的四种颜色。,我觉得应该不相关，因为它们每张图片都一样，所以我觉得它不是一个影响因素。,,,,,,,,,,,,,,,,,,,,,,,,,,,,,,,,,,,,,,,,,,,,,,,,
26061502,without_obs,new_verbal,猜测猜测，我认为它的概率不是很大。我觉得有一定撞大运的那种概率，所以我就用那种平常心去对待。,我是从左往右，顺序挨个试嘛。一开始是他。光线，沙发的颜色，花儿。还有什么来着？还有墩子，那个桌子。还有地毯。,怎么试？我我一开始我是，比如说花儿。我就四四个都用一种颜色，就一模一样的花儿，就是差不差不太多那种。都用蝴蝶兰。去试。试完之后发现嗯，分儿不高不低。所以我觉得客户应该。不会特别反感这个。后来又试了他那个墩子，他不有圆的吗？有浅色墩子，还有深色墩子，还有那个大理石的墩子，还有那个方形的墩子，我都试了。客户我就知道客户不喜欢那个大理石的斑点，墩子，不喜欢方的棱的墩子。,对，我知道他就喜欢圆墩子。,只要我那么选的话，它的分就肯定是80来分。,嗯，一开始是一样的，就是一开始都是都是一个颜色的墩子。,嗯，差不多。,我也没有策略，我就是想从左往右挨个试，它不就几样吗？反正60轮呢，你就挨个试呗。,试错，就我想知道他不喜欢什么。,顺序，画我试过，墩子我试过，地毯我试过，沙发我试过，花我试过，,光照明亮我也，中间我也穿插着试了。穿插着试过。对，但是我觉得好像不是主要，能提能提分的那个元素。,那就是碰运气了。,对，纯碰运气。,我就是我的运气就是，我知道他不喜欢什么，就他喜欢什么的话，我实在是不能100%掌握。我只能说说，他不喜欢什么东西，我就尽量排除，然后我就去碰。,哎，对，他不喜欢，我说刚才说他不喜欢。大理石墩子，不喜欢方形墩子。他不喜欢黄花，也不喜欢白花。我知道他喜欢艳色的花。,一直持续。,我就觉得他应该喜欢就是艳色的花，反正不是蝴蝶兰就是串红那种。,有有小熊，也有那个剪刀那个，就是扣那个洞洞板。,我发现我选的那些东西分也没提上去啊。,好看，就是比较明显。,试它们的方式就是，只要它们那张图里面没有客户讨厌的东西，我就去试。,谢谢。好，嗯。,,,,,,,,,,,,,,,,,,,,,,,,,,,,,,,,,,,,,,,,,,
26061503,without_obs,new_verbal,其实开始我不太明白的，到底要推荐怎样去，怎样是适合顾客需求的？前面前，前面10道题做的就是相当于是在不断的去猜想去适应规则，后边才开始，现在才理解了是。要做什么东西。,就是开始前，前面几个就是通过试，我是主要试那个不同沙发的颜色。然后相当于四个四种颜色嘛，然后不同不同的颜色先大概判断一下哪哪一些哪些类型是可能是对的。,我是靠第一个是沙发的颜色，另外一个还有是墙上那个画，画里边图案，它图案是四，也是四种，一个人，还有鸟，还有苹果，还有个画，风景，就这四种，我是用一个一个去试。就是先选出其中两个或者三个，然后剩下另一个作为一个不断的去替换，然后这样试。,感觉这个就是个怎么说呢，就是个之前玩的游戏好像跟这个差，也不算是个游戏吧，是做的那种题什么的，是差这样的，挨个去试，去相当于跟，什么以前上学的时候做实验那种，就是有个对照组，有个对照，我这我往这个方向分数变高了，说明我这个方向是对的，我再去。,判断我其中已经选的这三个有没有错误，我再去，先把最后一个判断出来，把从这三个里面再去换，有没有错的。我是先，基本上是先确定了两个绿的是对的，再找，又从粉的和蓝的和黄的里面去试，其实最终试出大概粉的方向应该是对的，相当于基本上确定了三个，但是第四个用了很长时间去确定，相当于把其他系列三个系列的挨个试了一遍，才试出来。所以次数也比较多。,我就是想看，我不同的组合到哪个，我因为开始你看这个分数很低，就是说明四个里边都是可能都是错的，然后慢慢的试，就是哪个，就是我说的往哪个方向。首先确定一个大的方向是对的，我再往那个方向上去试。我因为我主要是我基本上就看的是两个元素，一个是沙发的颜色，另外一个就是墙画的内容，其他元素可能都没太关注到，像那些杯子呀，还包括那个地毯的颜色，这些我其实都没有关注到，我就是主要靠这两个元素去去去在这试。嗯，因为就是他看这么多题，他前后其实内容基本上是一样的，就是类似的，就是我把这几个元素固定下来了，我就在这里边去试。,用不同，对，用植物那个试是，开开始好像推荐的那个好像是不是有有，我是看着植物的高低判断的，这几个植物都我都选的是高的，结果发现好像分特别低，就是说明这个方向是不对的，我就开始用用沙发这些去再去考考虑了。,沙发我觉得这边就是我判断出来这个。绿色这个颜色是对的，我绿，我用绿，这么记的，有绿色的。绿色的鸟，绿色的苹果，我就判断出来这俩是对的，一个绿色沙发对应的图案上苹果，另外一个是绿色的沙发对应的绿色的鸟，对应那个鸟，这俩是对的。我再去，又往刚才说的，又往粉的方向去试，最后试出了一个粉色。后边就突然到80，最高到88分，88分，8分之后，又开始试错，试，把那些蓝的、黄的试了一遍，分数就不停地在往下降。最后又试回到，因为我可能中间过程记得有点乱，就黄粉色的，其实就差一个嘛，差一个，试着，可能是，应该是试，可能把那个漏了，所以把那个正确答案一直。就错过去了，把其他颜色都试完了，回来才又开始试粉色的，终于是，这，对了。,我理解的才最终你要从这几个里边选出，反正60轮就是相当于排列组合，不停地在去排列组合，实际上正确的答案只有一组嘛。就是要么就是沙发的颜色，要么就是墙画，还有地板，可能地板的颜色，包括茶几的颜色我都没有注意到，我其实只注意到了这两个元素，我就真，其实就是笨办法去去去这么解决。因为前面让我记注观察给了四组图，一组16个还是多少？图片，我那会不知道我要去记什么，他虽然说没有说让让全部记住，但是要熟悉每个项目的特，每个图片的特点。但这个特点，我不知道我要去怎么去对照，没办法去记，所以后边就是变。不断的去试。,你，你说这块儿是吧？,就是记乱了。格格新的地毯也是出现两次。就是就是我的记记乱了。我选的时候可能已经试过了，但是因为四四个到底哪个试过了，哪个没试，然后我就记乱了，然后可能就再重复。,沙发那个应该是，植物那个没有，那个很明显，我一看那就方向就不对。这沙发那个感觉方向还是差不多的，因为分数能能往上走一点，就说明这个方向大概是对的。植物那个就完全是感觉就不对，我因为我开始看观察那个图片的时候，我不知道要记什么，我就主要是看的植物，我就选高的。,我没有观察到地毯。,对，我没有我没有我没有通过地毯去判判断。,就是沙发和。不，不是植物。和墙上的图案。啊，沙发就四种颜色，这是四个，然后。墙上的图案。不管它什么颜色的沙发，里面它图案也是那四个，就我刚才题里边答的那个。,对，其他都没有再关注。,就是不断的去试，然后再往出拍。,就是绿色的鸟，绿色的苹果，然后粉色的，粉色的鸟和粉色的，还粉色的啥来着？反正是对，两个绿的，两个粉的。,偶尔出现，是不是有那小茶杯可能出现，但是我没有，我那会儿到大概到第十几个题的时候，开始已经有点乱了。就那会儿其实已经选那个。选不知道他这，不知道怎么选了，后边又嗯到20多题的时候，又重新感觉冷静了一下，去思考了一下到底前面是怎么个选的逻辑，重新再梳理了一下。然后选对了。,反正我，因为我没关注到我，我可能我我觉得他可能没关系。,没有关系，就是他对我选，起码对我选择这个东西来说，他不构成我，我考虑的东西，我不考虑他。因为我这，我决定了这个方向，我就只能继续往下试了，因为已经绕30多次了，总共机会就60次嘛。,,,,,,,,,,,,,,,,,,,,,,,,,,,,,,,,,,,,,,,,,,,
26062201,without_obs,new_verbal,因为通过你的介绍，感觉你像猜顾客的兴趣爱好，所以对规则的话，其实也没有太多的想法，先想着先。其实前头也不是说到底该他这个是怎么开始测试的，所以说对你刚开始说时候我会提问，就是说怎么样知道顾客的兴趣，或者是感兴趣的东西，所以做了一个练习，然后才对这个游戏有一点体会了。,观察完之后，感觉这个内容其实挺多的，在游戏中，比如说实际上有一些钟，我还真真没观察到。地板颜色我也没注意观察，但是像有一些墙，窗帘啊，或者是一些小杯子啊，玩具熊我倒是注意看到了，有一些东西内容包含内容挺多的，倒是没注意看到。,我应该是。一，第二轮，两三轮就感觉应该主要还是牵扯到排列组合，因为你主要的一些东西，比如说桌子啊，有石头的，有木头的，还有沙发的颜色，壁画，还有植物这些东西，我开始想到就是主要这是最明显的，因为你所有的游戏肯定是由浅入深的，所以先与主要的这一些东西的差异化进行一个区分，主要开始是这么想。,最开始的话我是想。看看这个桌子。选择这个桌子，有石头的、木头的，先看客户到底是喜欢石头的、木头的。第一次实际上选的全部是木头的、石头的桌子，其实分只有40多，所以我就想着是不是石头桌子不是太喜欢。后来是对植物，植物有白花、黄花，还有深红的那种花，还有粉色的花。所以对这个又对花车是花。感觉到这个顾客应该属于喜欢比较粉色的花之类的东西。开始主要是做大项比较测试，但是后期的一些小项，比如说杯子，还有玩具熊抱枕出的并不多。,这个东西我认为是跟评分无关，如果说这个跟评分有关的话，它应该出现的频率会多一些，你要不然的话偶尔出现一下，你对怎么参与这个客户的评分呢？但是你选择，我记得有一期选择杯子放在茶几上的话，分还给的比较高。所以我想有关吧，但是你下次测试又没有又图案中基本上又没有杯子图案了。,嗯，对。,因为你这个不同的东西比较多，第一个肯定是先想固定一个东西，去看其他的变化来，这是应该说是最简单的吧，这个最初级的一个选择者都会先选择一些固定的，去排除这种其他有变化的一些东西来看看。,先看看如果选石头桌的分会不会高？如果高的话，说明他有可能会喜欢这个石头桌的。你是分比较低，说明可能他不太喜欢这种石头桌的。,沙发的话，其实完整的策略的话，就是说。,时间顺序的话，其实就是说这个沙发的话，其实也是根据，主要是根据，也是根据颜色来固定颜色进行选择的。偶尔会碰到沙发上有抱枕的这种签，图案，但是也比较少。根据沙发，沙发也。得分高低的话，其实因为有其他的变数影响，也不是说他就一下选择同一种颜色，就得分高低就一下能判断出来。有时候花的颜，植物的颜色变化的话，它也会影响这个沙发的。,所以沙发颜色我选出来以后，选出一个颜色，粉色，比如说我认为她比较喜欢的话，我会粉色固定以后，我选不同的，再反过来选桌子，或者选花，又反过来来。重新推，把之前做过的又重新再推一遍，这样来做，之前做过的有些东西只是心里有一个印象，印象以后我在选择沙发以后，选择好以后我反。反过来再印证前面的当然前面的选项是否有是否合理？这个有时候有一些都是在变量之中，我觉得还是有点挺难的。,就是比如说这图案里头我都选紫的，紫的沙发，粉色沙发，我再选不同的植物，反过来再吹，但是这样也容易。有时候会前后结果会有，有时候会有一些影响，会有一些打乱，可能对前期的有一些测试会产生一些疑问，会容易把自己，说是这样测，我倒是没有想到好的策略，感觉这样就是说容易，还是容易有一些受干扰。,是是是，选择沙发以后，我会选择花花的话。在前期我认为，因为我选择粉色的花，粉色花我觉得粉。分比较高了，经过几轮测试，我觉得分，选择这种花的话，它分比较高，基本上可以固定了。然后再通过选择这个沙发颜色，沙发颜色再把这个花选择另外的花，再加上粉，他喜欢的花，同时加在一块看他的分怎么样。如果说是分稍微高一点，或者稍微降一点，然后就可以排除一些花的颜色呀，或者是沙发之类的。,对，对，嗯。,也有这样做过，但是我感觉这几个都是有点变量的，可能我看的这个东西，可能体验的不太清楚，我是你刚才说的这种方案，但是这样的话，我觉得有时候会有一点乱。比较有一点乱，就对自己判断可能会。觉得有的时候前后有一点矛盾了。,换四个完全不一样，对。对。我会选择两个，两两足的，比如说两个粉色的，然后再选两个黄色的，这样的话。,后没有，我我我做排列组合这一块，可能就这些。OK。但是我数学时候我记得排列组合好像是什么 P 啊、 C 啊，好像是学的不太好。,地毯注意桌子下面那个地毯，倒是注意了，这个是注意了。对。钟我没有注意到，地板颜色我没有注意到，我就刚才看那个内容，我这两个我确实是没有注意到。其他的。哦，还有实际上是房间的颜色变化有，我也注意到有一点细微的差别，但差异不是很大。钟我可能到现在我也印象中我没有看到这个钟的这个图片。,地毯我没有选，好像。我好像主要是针对桌子做了一些，地毯不同桌子底下那个地毯是不一样的。好像地毯好像没有做，没有选。,壁画、地毯，地毯没有试，桌子、沙发颜色，花，还有台灯，这些都做，试过了。,两两，还是两啊。,,,,,,,,,,,,,,,,,,,,,,,,,,,,,,,,,,,,,,,,,,,
26062202,without_obs,new_verbal,既然怎么说呢？在试选选项的时候，我就发现他的16个选项吧，都是几个元素的排列组合。然后我就想，可能那顾客应该是对哪几个元素是他比较关注的？有些是无所谓的，有些的我在想，有些是不是反而还会有减分的情况？,观察中有得到，然后玩的时候就更确认了，他肯定是有一个喜好。,刚开始的时候吧。呀，我想既然他有这么些元素，什么沙发颜色，什么桌子的形状、材质什么的，我就第一次的时候我就去选。就是以，只选一种沙发颜色。一，一个一个试，就是它只有四种嘛。选出那个分最高的。后边，它有那么多种元，那个元素嘛，就一个一个试吧。,哎呀，这种策略是怎么想出来的？这是一种排列组合，我觉得最后还是可以试出来的，就没有。没有什么一种思维的链路，具体的、清晰的思路，思维链路可能对我来说这个。就是试嘛，就是试，就是测试。,测试看他那个，不，有不同的分数，他肯定会有不同的分数，不同分数那个，我就选了一个，就是分数最高的。就会记住他这个颜色。,沙发是很快就选出来了。因为他这个分数明显是最高的，然后我就记住了，是这个颜色的。然后。后边就有点不确定了，中间有一段时间，就是有点乱，因为一个是。是我发现他并不是，顾客可能并不是对某种元素，很，看着某种元素，比如说画是什么元素，是什么选项，其实好像都感觉无所谓，因为我画的话有四种选项，每一个分，每一个我都这么选，分都不是特别高，我就有点乱，我就想我就想是不是还有什么其他的问题，而且还有一个是什么呢？我的有时候我记不住我选了哪个，中间就有些选机会我就浪费掉了。,到了中期的时候，到了中期的时候突然发现，诶，花也是一个选项，因为我选了某种花色的花以后，它的分数也是很高。也是很高，我就觉得那个沙发的那个颜色和花的那个类型，组合起来肯定分就不会低。我就确定了，我就确定这两个选项肯定是那个顾客重视的，看中的那么一个元素。但到了最后我也没试出来其他的有没有什么重视的，或者说他特别讨厌的，我就。没有去试出来。,整体的策略就是一个一个试，只关注这一个变量，其他的先不考虑。就比如说先，就是沙发嘛，我就试沙发，其他的我先都不试，然后比如那个画嘛，我就试那个画，有四种，我就其他的我先不管。,对，都会，都会试完，对。,试都试完了，你比如说我试出了那个沙发的某种颜色和花的某种颜色，那这两个结合起来肯定分数就不会低。然后后边的策略我就有点乱了，说真的我就。因为我再没有，试出第三种元素，让能让分数很高了。后边就没有什么太好的办法，就是有点。我就猜，我就有点猜了，但是最后没猜出来。,首先花和沙发肯定同时选，这肯定是必选项。然后剩下三个选项里边儿要么有花，要么有沙发。我的那个策略就是这样，但是其他的，但是最后这个也也没得出更高的分儿反正。,对对。,绿色的是全选绿色这个分最高的，曾经达到83分儿。那花呢？然后全选花是那种粉色的花。好像也是到有到80分以上。,三个是。剩下的三个，不确定，也可能那种大理石的桌子反而会减分，我不太清楚啊。我这是感觉，但是我没有最后，我没有确定它一定是会减分或者会加分的。,对对对，它一定是个必选项。好的，好的。,注，注意到了，钟表我没有注意到，但是我注意到有时候会有小熊，有时候会有书，有时候会有。靠枕或者茶杯什么的。这个我没有试出来它会有什么影响。因为它不是一个每次都会必然出现的那么一个物品，所以我没有办法去试。但是我隐约感觉到有时候，如果比如这个东西放到不合适的地方，比如茶杯搁到地上的话，这种时候可能会减分。,啊，就是跟延续刚才的策略，就是你比如说，就是那个粉色的花和绿色的沙发，同时出现必然是一个选项。然后其他的呢，比如其他那个，我注意到这个有那个，就是随机出现物品的时候，那其他的三个选项里边就把那三个全选上，有的全选上，然后我就那么试。但是唯一试出来的就是茶杯如果搁地上，可能会分数不那么高。,对。,对。,,,,,,,,,,,,,,,,,,,,,,,,,,,,,,,,,,,,,,,,,,,,,
26062301,without_obs,new_verbal,,,,,,,,,,,,,,,,,,,,,,,,,,,,,,,,,,,,,,,,,,,,,,,,,,,,,,,,,,,,,,,,
26062302,without_obs,new_verbal,得到满分，我觉得自己多选一些，观察那几个因素，找到那几个因素里边，最接近高分的时候，再从那些高分的因素里面再找它们的相同点，这样几轮下去之后，自己就可能得到。高分或满分，一开始是有这个信心的。,我选择策略是把这一个图片里面大概分成几个因素，有五个大的因素，比如说植物的颜色和形状，还有沙发颜色和形状，还有桌子是方的还是圆的，这桌子的一个特征，还有右边台灯的那个特征，把它分为几个大的因素。,几个大类之后，我一开始是我通过这个一开始做完之后，我坚信有一个因素是圆形桌子是肯定的，我加了，一开始加了这个圆形桌子，发现那个分数也并不高。后来有一次把那个桌子给选成圆的棕色之后，就那次分数最高的一次，那是一个棕色的圆桌子，还有。棕色圆桌子，还有一个因素是什么来着？当时我就是确定了这两个因素是肯定是能高分的，但是其他那几个因素我不知道具体是什么，但是我隐约自己就是猜想，感感觉可能是可能是植物，高植物和矮植物。对了，刚才我说的那个因素是那个后面壁纸就是墙上贴那个壁纸样子。,这两个因素，后面把这两个因素确定之后，我就想找就是植物，再从植物入手，高矮和颜，植物的颜色和种类。但是职务我中间应该用了大量的机会，得有三四十的机会是用来从事这个职务的，但是后来我感觉好像这些结果。选完之后都影响不大，都，植物好像影响不是那么大，在这个植物过程中，测植物和沙发，我这两块我想把它排除掉，我觉得这两块排除掉之后能找一个因素，再加上圆形棕色的桌子和四个不同的壁纸，我就感觉应该能拿满分儿，但是后来我发现好像不是这么回事儿。,桌子和壁画是吗？因为一开始。一开始的时候，好像是前面。开始做的时候，我一开，看完之后我一开始有一个坚信的点，就是桌子必须选圆的，就是有这一个点。我选完那个圆桌子的时候，我记得有一次是四个图片里面，有三个桌子的是圆形棕色桌子，另外一个是圆形的淡木色的，就像这个桌子一样的这种木色的桌子。选完那个之后，有一次得了高分。我再从那次高分里边儿，我就知道如果把当时我自己的猜想啊，我觉得把另外那个桌子像这种颜色的，换成深棕色的之后，可能会分数就会更高。,我选完那个深棕色的桌子之后，那个壁纸，对了，前期也是在测后面壁纸那个样子。在测壁纸样子，把壁纸样子，我一开始看那些图片之后，我觉得壁纸应该可能是一个情侣或者两口之家那种，因为它的壁纸选择的是什么两个人在海边儿，什么就是有两个人的东西。但是后来我发现不是这么回事，就好像这个猜测是不对，又把那个壁纸，选完那个棕色的深色的桌子之后，再选壁纸，我发现选完那个之后，那壁纸是四个不同的种类。我就在想，是不是这个游戏的规则里面，壁纸不同，四个不同的壁纸里面。四个不同的壁纸，再加上圆形棕色的桌子，在其他再找两个因素，是不是就对了？当时我是这样想的。,我试的时候怎么说？一开始加上这个因素之后，我想把是控制住，是定量的，就再换成其他的变量，就是不同的。这两个是肯定勾选的，就有这些特征的肯定勾选，没有这些特征的，我之后再找植物，再换植物，换植物和另外的因素，甚至沙发，桌子腿的形状自己都试过几次，最后发现好像影响不大。,用这个因素，就是前期得分高的。前期得分高的那些因素，再加上这个因素，试过几次之后，能确定得分高的那两个因素之后，我再加上其他的，我感觉有可能会影响结果的几个因素，用这个叫排除法吗？还是叫什么？再选那几个因素，看它那个分数，高的话就证明这个因素是对的，然后低的话就证明这个因素不对，然后再把它排除掉。,最开始获得的信息是，我感觉是桌子一定得选圆形。后面的话，感觉桌子得选棕色圆形。再后面就是它俩是同时的时候还看了一个壁纸，那个壁纸想选择是有两个形状的在一起的，后来发现那个壁纸影响不大，它是四个不同的就，好像四个不同的就就行。再后面我又想试桌子的腿和和沙发的形状，甚至还想过沙发、桌子和壁纸要三种不同的形状，不是三种不同的颜色。然后就按这个思路去试了一下，然后发现好像都不太对。都不太对的之后，后面那个思维就乱了，就不知道说就不知道应该再怎么控制那个变的那个因素了。,很多次一样的桌子。,对对对，因为我，因为在这个测的过程中，我坚信了，加这个原因素肯定是会高。因为只要那个桌子没有棕色的，颜色不对了之后，后面好像分儿就会低一些。,对对对，所以我觉得桌子这个是一个必选项，另外那几个影响分数的选项，我自己再试出来。但是有的时候把棕色原色的桌子都选完之后，发现后面好像那些因素就是。就不一样了，就不一样了，好像就是我之前那些猜想，我觉得那几个因素可能就是影响不大，但是那个时候我机会已经很少了，我没办法再选，如果有足够多的机会的话，一点一点怎么都能试出来，但是后面的机会可能当自己意识到这一点了之后，发现后面好像只有10次机会，还是十一二次的那个。就没办法了。,那个小熊，然后还有那个。对，小熊，还有那个书架，还有那个厚壁纸旁边那个镜子，自拍就是那个镜子，这几个因素是出现的非常非常少。,嗯，注意到了。,我觉得有相关的可能性，但是这可能性很少，因为我还记得最开始那几幅图里面，就最开始让我观察5分钟的时候，那个图里面就带这个因素的里边有有两三个，但是不大，在那么大的篇幅里面，它只占两三个，我就觉得它对我影响可能是不大。,观察到了，那个落地的台灯是一直不变的，还有窗户也算吧。对，然后这个是一直不变的。,落地灯的话，我觉得跟分数。不相关，但是还，我注意到一个情况，那个落地灯它有时候会带着有带一个线。对，但它有时候不带。但是我感觉这个因素可能影响不大吧，因为你在选了有几个肯定会影响分数的选项之后，通过测试出来之后，你发现最后再加选项的时候，有可能带线，有可能不带线。我觉得这可能影响就不大。,记忆的，选择对我有哪些影响？,对，就是记忆。这个好像打过这个题，在电脑上面，记忆对我的影响就是，记忆对我的怎么怎么大概这个意思，就是当时我念这个题的时候，就没听懂他想表达什么。,啊，有。,记忆会影响我，会会影响我，影响很大。,就是我最开始，它记忆的影响是，是意思是，是不是说我最开始看那几幅图的时候，然后你观察5分钟的时候那个记忆吗？还是说后面在测的过程中那个记忆？整体的记忆。都有。整体的记忆对我影响还是挺大的，好像哎呀，怎么说这感觉，我想想怎么组织一下，这表达能力有点差。,哎呀，怎么说这个。就是还是那个棕色圆形桌子的那几个，我的记忆只要一定格在这上面之后，我后续甚至有可能我怀疑过，是不是这个圆形和棕色里面有一个因素是不重要的？但是后面有过这个怀疑，但是前期因为我选过这个得过高分，所以我就坚定的判断是这个因素再加其他因素。所以这算是记忆对我的影响吗？,这个是印象最深的，其他的就是影响是我在在试过各种颜色搭配什么上面，我这个怎么说？颜色搭配上面，我的感觉好像关系不大。这这算是这个算影响吗？,最最早的时候怎么进行选择？最早的时候我感觉好多问题是重复的。,就是，就是您是问的我的那个策略，是吗？一开始怎么选择的？一开始我选择的，我坚信，因为观察那几个图里面，我坚信一个点，就是肯定是圆形，有一个圆的桌子。,对，我一开始有这个，因为他那个方桌子的比例很小，我就选可能带带圆桌子的。带，选带圆桌子之后，又。选后边儿那个壁纸，因为最开始有两个因素影响我，一个是那个桌子形状，还有后边儿那个壁纸，因为剩下的都是那几样儿东西，剩下的我觉得那个影响不大。后面儿那个壁纸，后面儿那个壁纸，我一开始是选择圆桌子加后面儿那个壁纸，那个壁纸是带有双人的因素在里面的，有可能。,最后这样试过几次之后，我发现壁纸壁纸那个样子的什么，它好像影响不是很大。然后甚至我把后来我从这里边儿发现一规律，它有四个不同的壁纸，每种壁纸的选项是四个，4×4=16，就是16个。我就选我就从那个壁纸里面选一个不同的颜色的壁纸，不同颜色的壁纸，不同样子的壁纸，加那个圆形棕色桌子这个组合，用这个组合再加其他的东西。是这样这样这样去想的。,,,,,,,,,,,,,,,,,,,,,,,,,,,,,,,,,,,,
26062401,without_obs,new_verbal,刚开始。会找他每一个，沙发、板凳什么的，他们的款式的变化。然后数一下他们有多少款式，会按这个款式进行选。,一共是，一共，我认为一共有五个跟那个。评分相关的项目，而且这五个项目每一个，每一个项目都有四个不同的款式。我是尽量选两个或三个都不一样的图片。假如说这张图可能是，假如说选四张图，沙发我四个颜色都选上，画我四个。四个也都选上，都不重复。剩下的茶几、地毯还有那个花，我是尽量不选重复的。,对，但肯定会有。一样的。肯定会有一样的，因为它五个五个元素嘛，它肯定会，如果是每个元素有四个不一样的款式的话，那肯定会有重复。,我想固定一个。我固定一个，那叫什么？固定一个东西的款式，选其他的，看有没有得分高的。,我先看的是叫什么？沙发的款式，我发现沙发四个款式好像都可以选，而且好像对评分没有什么。影响。就哪怕有影响，也影响比较小。所以我就先把沙发排除，但。我之后选的每一个都是尽量把沙发的颜色都要分开。,就是绿、黄、红、蓝这四个色就都要有。对，之后选的是茶几，之后选的是地毯，地毯但我发现地毯好像没有办法在一次选择里边儿把所有地毯的款式都选上，同时还要让那个沙发的颜色会。分开。对，所以之后我就可能对地毯的选择也没有那么重要，找那个茶几。选了几次，发现茶几的款式好像对分数影响比较大。对，尤其是带点点的。茶几它好像每一回选都分数都会比较低。所以我就先把茶几点点给排除掉，之后好像。觉得那个方形的也不太好。就也把茶几的方形也排除掉，然后最后就剩了一个圆，两个圆形的，一个棕色，一个黄色。,特别低的，我觉得好像有 top。,有一个瓶儿，在在右下角，还一个杯子嘛。然后我发现选完那两个之后分数也不是特别，也不是特别好。,对，还看见了有一个书柜。我我觉得书柜可能没有那么因为做了六轮之后发现只出现过一回。我觉得可能没有那么。,重要，所以我就没选。好的。好。,,,,,,,,,,,,,,,,,,,,,,,,,,,,,,,,,,,,,,,,,,,,,,,,,,,,,,
26062402,without_obs,new_verbal,我觉得应该是6个主要的元素吧，就是什么？有沙发的颜色，然后地毯的种类，以及茶几，然后还有旁边的植物，还有画面和灯，以及一些其他的部件，就比如说可能出现有镜子、书本、洞洞板，还有其他的一些茶壶，还有水杯、水杯、茶壶之类的。然后以及他们出现的地方是否合理。,就是我先进行了沙发颜色选择。,就是选择的话先，一开始先随便选四个，后面的话就先选粉色粉色蓝色蓝色这样子选，就是两个一块选。然后选完发现分数有下降。然后感觉，然后回忆了一下就差不多，选了几次，感觉分数特别低之后，感觉不是沙发颜色是主要因素。然后去选择了桌子，就是看了一下，又回忆了一下当时选择的在选择之前他不是有选择方案嘛。然后我选择了一下，就是桌子的。想了一下，回想了一下桌子的类型，去试了一下大理石，非圆桌。发现了，分数会更低。,基本上沙发颜色就是不变，还是上面的，去选择桌子，直接去选大理石桌，或者那种非圆桌。,主要还是选择大理石桌，可能选了1到2个吧，还有木头的方桌。也选择了一下。,就是分数会有断崖式的下降。,就是发现桌子最好还是，最好去选择那个，因为回想一下当时选择的方案，就是桌子好像是圆桌的。并且是深色，无论是深浅，当然选的应该肯定是圆桌。就开始选圆桌，选成圆的，就选了两三次，然后选到。,就是方，方的桌子。对，方的或者非圆的，就是大理石的桌子。,没有了，基本上就是沙发的颜色，然后就维持之前的，就是深蓝色或者粉色。,然后就就莫奇就发现。我装桌子影响比较大。,,,,,,,,,,,,,,,,,,,,,,,,,,,,,,,,,,,,,,,,,,,,,,,,,,,,,,
26062403,without_obs,new_verbal,我觉得主要就是家具的选择吧，有比较显眼的就是沙发的颜色，以及茶几的款式，还有地毯的款式。挂画也有可能，当时我比较困惑的一点是，他有的方案是有洞洞板，有的是有书架，有的地上会放一些小东西，当时我就，首先是比较想知道这些小东西他们会不会。影响这个选择。,第一轮我首先是想先测试一下茶几，因为它比较醒目。然后。是怎么测试的？就是茶几它是有圆形的，有方形的，还有什么的，像石头材质的那种。然后我想的是我先都选圆形的看一下。然后颜色也就比较均匀的，就是黑的白的应该是都选了。,然后有得到什么信息吗？,得了86还是89来着。然后当时觉得差不多，可能圆形的茶几就是一个比较重要的方向。,嗯，然后后面怎么选择呢？,后面第二轮我是想测试一下，那些附加件是不是会影响我的得分。我就特地选了些比较奇怪的，比如说应该是选了一个带书柜的，还是带什么的？选了一个带附加件的。还选了一个大理石材质的方形的茶几，我得了两分。知道顾客应该是不会喜欢这些奇怪的，奇怪的附加件以及这种方形的茶几。,之后是又又是怎么去选择的呢？,之后是。是他，他不喜欢附加件的话，那很简单，就是我全部都选比较素净的方案，就是不要有洞洞板，不要有书架。如果说同等条件下，有一个地上有东西，一个地上没东西，那我就会选择地上没东西的那个。桌子的话，就是茶几它有一个深色的和一个浅色的。所以我想测试一下它对颜色是不是有偏好。,后面就是有试过，就是全，应该它最多就是出现过三个同一种颜色的，就是三个黑色的，或者说三个原木色的。然后。当时发现他好像更喜欢全黑色的一点，但是区别不是很大。所以之后我就想，那下一轮的话，我就是。要不还是均均匀一点，两个两个深色的圆茶几和两个浅色的圆茶几，这样去选。,好的，那了解了，然后面就满分了，对吗？就是两个深色茶几，两个浅色茶几，圆茶几。,对，后面，我就是猜测了一下，那个配色方案，因为我发现它，如果你选两个深色圆茶几，它好像。每一套里面也有可能会有两三种不同的选择。然后我就猜他可能喜欢那种比较素净一点，比较和谐一点的颜色，然后就跟着感觉选了一下。,就是搭配的颜色是什么颜色？是沙发吗？还是什么？沙发的颜色。基本上是沙，就是沙发的颜色。,嗯，好的，然后就买灯了。对。,,,,,,,,,,,,,,,,,,,,,,,,,,,,,,,,,,,,,,,,,,,,,,,,,,,
26062501,without_obs,new_verbal,是还没有开始，还是我已经开始这个游戏的时候？,就是通过一个排列组合吧，排除法。,就是我看到了他主体的关注到的几个要素，就是沙发、植物。还有茶几地毯，还有那个画框，有可能是，我没有想到它后面的图片是每一轮它是有细节的变化的。如果是固定的话，我觉得很快几轮通过它不同的一个排列组合，应该，不说满分吧，高分应该没有问题。,就一开始我注意到它那个背景里头，我一开始没有看到，就是像柜子呀、镜子这些东西的，到后面，它是慢慢出现了。,先是第一轮，开始通过沙发的颜色，第一轮全选，粉色的、黄色的、绿色的，这样子几轮下来。确定了他是喜欢绿色的沙发，第二轮就是植物，是白的、黄的、粉的，还有一个红的，基本上能就发现他是他对粉色的还是比较喜欢的。我后期基本上能固定下来的就是他粉色和绿色的沙发，这两个是他最喜欢的要素。嗯，后面也发现白色的植物跟，是粉色的植物和绿色的沙发，他喜欢，后期是白色的植物和蓝色的沙发，好像也还行。但是其他的就画框、茶几和地毯。对他的影响并不是特别大，我几轮都选的就是，来回就是50多分的那个，我在排除。地毯和沙，地毯和茶几的时候出现的比较多。,就是本人嘛，就是他如果是你要是自己作为顾客的话，软装的话可能就是茶，家具的大件是比较影响你的直观的感受的，那些东西的色系和风格是整个就是决定你整个家装的一个风格嘛。占，就是他的视觉在你的占比比较大。,首先它占的位置很大，它这几个要素数出来也是通过简单的。那几轮就能通过它那个分数让我判断我的选择，接不接近吧，大概其这个意思。,就谈前几轮，我发现我很快能把它那个沙发的颜色定下来，我觉得跟我正常，以我自己的那个思维方式来说的话，我这个方法没错。但确实后面混乱了，发现咱们细节多了，后面我是通过问卷才发现后面窗帘和地板也有不同，但实际上我并没有关注到。里面我关注到的有一些杯子呀，钟表、书本，它的柜子、洞洞板，这些我都看到，但是我并没有拿它的小熊啊、杯子啊这些作为我排除的一个方法，因为我认为这个它不属于家装的一个范围。它只是一个生活的一个小细节，我不，我觉得它并不属于室内设计。确实后面我是通过问卷才发现它的窗帘和地板有变动，我最后思维只局限在它的。就是植物、画框和沙发这几个东西的排列组合，后面就是有一点没有关注到更多的细节了。,在我得到了好几个80多分了以后，我尝试的改变了一下沙发和植物的一个颜色，或者加上一个书柜和洞洞板，我确实是选择过几次，还包括镜子。我发现影响也不是特别大，要不然我应该用一些可能更大胆的一些方法，把我前面的推测推翻一下，但是我没有这么做，所以我的分数可能变化就是70、80这样子的。,我想想啊，基本上就是固定在蓝色和绿色的沙发，粉色和白色的植物。然后在画框变了一下，然后我记得问卷里头你们说那个台灯，台灯的款式，其实我没有，我基本上用了二三十轮吧，我都发现那台灯基本没什么变化。然后它可能就是色温，色温的变化就是光线的变化，稍微有一点变化，但是没有影响我的选择。,对，我看见了，但是没有影响我选择。,我觉得关系不大。,怎么说呢？他没有太出现在我要选择的沙发和植物的画面里头。它在我不想选择的粉色和黄色的沙发里头，包括那个茶几，有一个白色的汉白玉的大理石的茶几，它在那些上面出现比较多，而且我认为书本和小熊这些东西，在你生活过程中，它每天摆放的位置是不一样的，它也可能出现，也可以不出现，我还是认为它不属于家装的范围，,影响很大，到后面就是排除法，我就是说你们是让我从它那个选项里头选择，我觉得如果你是把那些东西让我给，现，把它组合出来。可能我分数会更高一点，到最后就是对我感觉完，就是有一点点混乱，我哪些选过，哪些没选过，分数低的那个，尤其是我记不住，哈哈哈，这样的。哦，你记不住低分。嗯，对。,,,,,,,,,,,,,,,,,,,,,,,,,,,,,,,,,,,,,,,,,,,,,,,,,,
26062502,without_obs,new_verbal,游戏刚开始的时候。,刚开始的时候，不知道怎么能得到满分，所以就是在随便乱选，我会关注到比较大的一些元素，比如沙发。对，沙发的颜色，还有他们方案之间的组合，对。,选择策略，刚开始就是随机乱选。然后在乱选的过程中，看看能不能发现一些有趣的东西，因为你根本不知道他喜欢什么，所以最开始我没有带入任何自己的有关的倾向，我就是随便点一些我觉得看起来还不错的图，对。,对，如果得到了高分，我就会开始停下来观察这个。高分的这些方案里面的一些特性，提出一些自己的猜测，对。,用这个策略我得到的信息就是。太多了，因为你随便乱选的时候，你没有带任何的设定，你随便乱选的时候，你有的时候也记不太清自己到底选择了什么。并且这个高分出现之后，他给你的信息太多了，你选择出来的这几幅图，他可能给你75分的分数。但你根本不知道这个分数代表什么，因为你选的这个图是一些无序的。他们沙发的颜色可能有的一样，可能不一样。这个茶几的形状、地毯的形状，还有花，你又发现他。即使得到了高分，带给你的是一个更复杂的一个信息量，反而你根本不知道下一步你要开始去测试什么，你就只能从里面再勉强的提取出一个。或许可靠的一个猜测。比如说我会觉得可能顾客会更喜欢蓝色的沙发，我会在第二轮的时候再去尽量多选一些蓝色的沙发，或者怎么样。但发现这样的效率其实很低，因为你之后你得到一个高分之后，就会得到很多的低分，这样的策略不是很高效，对。,在后面我会更多的去关注那些低分的方案。对，我会发现他们在有一些很明显的低分。我就会去观察这个低分的原因，猜测它这个可能是什么原因，就在下一个方案的时候重复去验证。比如说我发现它黄色和。粉色的沙发，如果你搭配方形的茶几，这个顾客得得分就会很低。我在下一个测试的时候，我就会选择黄色和粉色沙发，但是配的是另一个形状的茶几。蓝色和绿色的沙发，他如果用石，大理石的茶几，顾客就会很讨厌，我就会选择另一个。就是通过反向选择的，排除掉这些组合，你的选项就会很有限。你再去带入其他的猜测，比如说顾客会喜欢不同颜色的沙发。当你限制了沙发的组合不能是这个，他又需要是四个不同颜色的沙发，那你就很快的会容易从。16张图里面缩短到你可能只需要做出不是很多的选择，对。,我其实也没有，就是我还在试，还没有试完，就很幸运的就选到了满分。我我现在就目前只测试到，顾客喜欢的方案可能更 prefer 四个颜色的沙发。他很讨厌黄色和粉色的沙发与方形的茶几结合在一起，他更 prefer 大理石的。然后绿色和蓝色的沙发，他可能很讨厌大理石，但他可能会 prefer 那种圆形的木头的沙发，木头的茶几，对。然后他的地毯的话，我已经不记得了，因为地毯的大小、图案都不一样，还没有测试到那么多就结束了。,方法就是先根据以前失败的经验，更多的是失败的那些低分的 trial， 去获得一些你觉得可能的一些猜测，你会从最开始根本不知道顾客喜欢什么，到中间对顾客的喜欢有一个自己的一个判断。然后你再去验证这个判断。你可能会根据一个低分的 trial 会提出很多的猜测，然后你去验证。就是相当于是一个反向的一个选择，对。,对，我会发现就是刚开始我以为那些图片的顺序呀，包括它出现在这个方案里面的台灯啊，或者落地灯啊，这些它们的元素都是一样的。直到我在后面的 trial 里面发现，有的落地灯长得不一样，所以我还会选择那个长得不一样的落地灯。但是我发现选择它之后，我的方案的分数并没有提高。包括它不是所有的图片里面都会出现小熊玩偶啊，或者其他的东西。对，慢慢的你就会忽略到这些。你觉得不会在每张图里面出现的话，出现的元素，更关注你认为重要的元素。,哦，记忆影响实在太大了，就是如果你可以记得你上面一个 trial， 或者说上上一个 trial， 你那个高分和低分，你选择的东西的长的样子，你在提出新的猜想的时候，你就可以在通过前面的经验去验证它，你就可以省很多的精力去进行新的 trial 尝试。但你根本记不住，因为你前面的信息太多了，图片里面的。,元素种类，元素的组合，或者说它的大小，都可能是影响你决策的分数高低的一个重要因素，所以你根本记不清那么多细节，你只能模糊大概的记得一个，你根据之前失败的，或者低分的，或者高分的 trial 得到的一些，你自己认为结论性的东西。对，但是这个结论性的东西其实有挺大的这种诱导性、欺骗性的，它不一定准确，你会发现你在验证的时候是不准的。所以如果你可以记得上上一轮或者上一轮 trial 的那些细节的话，那你的决策效率会很高，但是其实很难记住。因为信息量太大了。OK。,啊对，我先测的是沙发的颜色，再就是面积很大的桌子，对，桌子的种类，桌子和沙发的组合，还有地毯，我也我也尝试使用不同的地毯啊或者什么样的。对，但是没有发现什么规律，所以我就会我还测试了花，对，也测试了那些偶尔出现的落地灯之类的这些元素，但是发现没有太大的差别，就是没有让我。眼前一亮的结论性的东西，所以我就忽略了这些东西，对。,沙发的颜色吗？就随便点，就点不同的沙发，刚开始我会尝试不同的，我刚开始尝试想要去呈现一个完全不同的方案，比如沙发的颜色不同，茶几的种类不同，地毯也不出现相同，我尝试能不能在这16张图里面找到这样完全不同的方案提供给客户。但这也是其实基于我的猜测，比如说顾客喜欢完全不一样的东西，或者说顾客喜欢完全一样的东西，结果发现找不到。就是在随便乱选。就是它总是会有重叠的元素在，或者总是有不能重叠的元素在。,所有的都尝试不同组合。,就尝试，比如我现在会觉得沙发的颜色会和茶几的种类有比较强的关联性，它会有明确的偏好，我就会测试这个，带着这个假设去测试这。,就是排除法。对，比如我会觉得他的黄色的沙发，顾客可能会更喜欢圆形的木头的茶几。我就会去选择这个，去排除所有黄色和粉色与大理石茶几的组合的图片，把它全部排除掉，再从剩下的图片里面选，选择比如排除掉黄色、粉色沙发和大理石的。方案，蓝色、绿色沙发和方形茶几的方案，再从中选择四个不同颜色的沙发，再去看看地毯，就莫名其妙的就，拿了满分。,,,,,,,,,,,,,,,,,,,,,,,,,,,,,,,,,,,,,,,,,,,,,,,,
26062503,without_obs,new_verbal,刚开始的时候，我主要想的也是，因为就是前期有个判断呢，大概有五种主要的选择嘛，每种选择四种策略，通过这些排列组合，但是它每一次刷新的整体，它选项又不太一样，因为每一次我可能它这个16个选项不是完全一样，不是和上一把完全一样。都是重新打乱过的。,因此我前期判断就是，也是先去试一些，我前期猜测是沙发、茶几和地毯，尤其刚开始是吧？和这个有过关系，我就比如说是全是一种茶几，全是一种地毯，全是某一种颜色的沙发，这种就是能通过这样来去判断说，到底我的选项哪种更高，哪种更高，我就修改我的进步选择的策略。,就前期可能主要还是先看沙发颜色，就感觉我猜测这个可能对最终分数占比比较大，就先选了全蓝、全黄、全红，然后发现这分数就比较低，选全绿的话发现分数比较高。选权力的话，我在保持权力的情况下，去又进行，然后发现如果保持权力不动的话，其他选项它这每次选项就是出的选项并不是完全随机打乱的，而是有一定顺序的。就比如说我选择权力的话，那我的花儿就会一样一种，我的地毯也会。一样一种，我的茶垫会一样一种，我的画也会一样一种，那其他几个选项是，就是我通过每次我每次如果选都选全绿的话，是分数是一直保持不变的。然后呢，这个是我判断他每次刷新的时候，他这个会有一个逻辑在这里吧，然后呢后面我就想，那我既然选了四个绿是这样，那我选四个绿，一个红，四个绿，一个蓝，四个绿，一个黄怎么样？然后再调整这个颜色，就调整剩下一个沙发的颜色，因为这样也可以改变其他几个选项，其他几个配置的结果。,就是因为他这个也猜测说沙发就是顾客更喜好什么东哪种选择嘛，然后我就。因为前几天前几天也猜了哪种选项可能对结果有关，可能结果无关。我觉得沙发是大家家里都有，然后我就猜沙发可能就比较重要，就直接一开始直接试了沙发。,也算是感觉它控制变量吧，也想排除，就是我当我选全一种沙发颜色的话，我发现其他几个选项完全没有区别，那这样我可以，好像也好像感觉也只有这种，就是选同一种，就不管是选同一种沙发还是同一种画儿的，可能只有选同一种，他选，你选任何一种东西的同一种的这种组合，他其他几个都是完全一样的。,那这样的话，我就可以去判断到底哪一个是我的最终，可能最终顾客想要一个组合是有更多的某一种颜色的沙发，更多的某一种画画，更多的某一种的其中一个选项嘛，所以就。先是先是全选，然后试完全选之后发现，诶，可能四个绿的是80分儿比较高，我就那我再后面再选那，再选别的选项，这样。,也算是排除法，就是因为后面我先，就可能前5步就发现四个绿的是分最高嘛，把用80分，那肯定还有一些细的，一些别的选项需要调整，我就选四个绿的，一个黄的，一个红的，一个蓝的，发现暂时是四个绿的，一个红的，这个选项更高，这一下就是上了90，90多分，我可能要根据，我当时就可能花两两三分钟的时间。,或者一两分钟的时间把当时那一次第一次出现比较高的分数那个好好记了一下，要不你们能不能拍照嘛？就好好记了一下第一种那个比较分数高的，第一次得到比较高分的选择，后面我再去根据这个再去优化我的，比如说我可能发现那一次我猜测啊，那个选次，那次选择有地毯，某一种地毯比较多，某一种茶几比较多，某一种花比较多，那我就根据，我就一个一个验证哪个是更次要的选项来影响它的分数。,没有选三个，一个是我在想，说会不会有可能我最终选项是，比如说两个绿，一红一蓝，两个绿是可能这样的组合，我在猜这个。同时另一方面我当时发现了，花儿这个选项是一个，也是影响比较大，我不能选那个黄郁金香。我选点别的。,对，就是才试这个，我发现正好如果我选三绿一红，我选三个绿的，因为三个绿的嘛，那我不再不选那个绿的，不选那个黄郁金香，那我选哪个红呢？我就选，一开始我看我猜测，我就一开始我发现如果我选红的那个，不选郁金香那个选项，并且保证挂块儿齐全，这样分儿也挺高的。后面有几次，他因为他每次刷新不太一样，还是偶尔能刷出来一些比较，和之前不一样的选择，我也，我，我。因为他正好刷出来和之前不一样的选择嘛，我就重新又选一次，发现分数不变，发现可能挂画儿对他也没啥影响。,其实一直排除吧，发现地毯和茶几好像都没啥影响，我就看植物。我是在先排除了地毯和茶几之后，才开始看植物的。,其实也是，就是在第一次发生那个比较高的分数的时候，我特意记了一下，那种组合，那种组合是确实有一种植物没选，其次又有一种地毯没选，其次又有一种茶几没选，那我就根据这个挨个试。后面发现确实地毯和茶几好像影响不大，其实现在我也我也不太完全，也也不太能这个完全确定，其实有。就是那个最终的正确选项到底是几个组合几个组合，其实也是在不断的试，所以有一定运气成分在。,就也没啥新的想法。可能就还是想，我到底我换策略，这个操作本身到底是不是对的？当然考虑这可能考虑了四五步去验证这个策略。,我觉得就是，因为其实每把他的选择其实也就是我不一定每把能选成完全一样的选择，在从总体来看，所以即使我已经排除了一些不能选的选项，就是无关的选项，但是我觉得整体来看可能还是得，一直在微调这些选项。就是一开始我是不带黄花，那我不带黄花，我后面我是我多带一点那个白的栀子花怎么样？多带一点红的那个。怎么样？多带一点黄，多带一点这个紫的怎么样？也就微调这个策略。,前面其实就是先获得了这个沙发是很重要的一个信息嘛，中间可能获得了其他两个地毯和茶几，不是那么重要的一个信息，以及画的排列组合，全组合就是把画全找齐了，画缺一种好像也没什么太太大的影响。但是更可能更倾向于选那个画不缺的组合。这样好像就是分数能够稳定更高一些，但是具体能怎么从90分到100分，这个的话可能还是主要是花儿的组合。,一直不变就像刚才说，比如说如果我选四种沙发，它会所有组，就是四个同一种的沙发，它会所有组，就是它会涵盖了所有我们这个大的那五个东西的的排列组合。它这个就说，其实这个这个生成图片的这个其中的要素它是有有这个这个。规律。规规律的，一直一直不变的。然后其实也有一些像您刚才说的它那个沙发垫子啊，什么，底下小熊啊，茶杯啊这些偶尔出现的一些东西，但是我那大组合都记不住，小的更记不住。,可能一开始观察的那个不是有四，就是。是16个图一组，一共出现了滚动的四组，你开始记的这些选项了，那个时候的话，也观察到了它台灯和窗帘，其实有些微小的区别，但是都区别不大。,我认为跟分数没啥关系。,就是没太注意。,就还是可能有时候策略总体策略我大概清楚自己总体想的是什么，但是具体起每一步我的分高分低可能确实还是记不太清。,嗯，对，就可能确实我会浪费几步来去去去去想一个我之前试一半的一个猜想到底对不对，可能试一半的猜想发现一个更好的捷径来去实现它，但是那我试一半那个我也得还没有结论嘛。我说还要，还就这还要倒回去再试一试。,,,,,,,,,,,,,,,,,,,,,,,,,,,,,,,,,,,,,,,,,,,
26062504,without_obs,new_verbal,其实刚开始我个人感觉是浪费了一些机会的，一开始的话我是想着先，因为这个整个过程中我首先注意到的是图片，它们可以说其中有很多元素，很难找出说，我想想该怎么说，很难找出说就是一一匹配的元素，比方说如果说有四张沙发都是绿的。他可能对应的墙上挂画的内容是不相同的，所以一开始是注意到了这些，基于这点呢，我一开，最开始想的就是，比方说选四个同色系的，是否能够推测出顾客的喜好。,比方说我选，第一个选的是四个绿色的沙发，那四张图加一块是80，可能在之后的选择中，我会更倾向于去选同一颜色的去看一下，是否暗示了顾客的某种喜好。当然除了，比方说这个同一颜色之外，因为我一开始是有选四个同一颜色，四个绿的，四个粉的等等这种，还有有注意到别的一些元素。比方说茶几或者地毯，我会去找有着共同元素的，去看看他们的分数有没有变化。,说实话，我可能不能保证我一定能记得特别清楚了，但就像刚才说的那样，一开始是先选了四个绿色，感觉分数还好，再选四个，比方说四个粉色或者四个黄色，可能效果都没有那么好，这个时候我会考虑是不是可能有。别的元素，比方说挂画的内容，或者是茶几的材质，再或者是地毯的。风格，我会去想着凑这些，看能不能达到比四个绿色，也就是80分更高的分数。,嗯哼，说实话也没有说特别有策略的想过这个问题，一开始还是浪费了嘛，只是说想先随机选四个去看一下它是怎么给分的，从这个角度开始再去。比方说一开始选四个绿色也是误打误撞吧，碰上了之后就想，一个是去看一下。规律，再一个就是看能不能以这个为基准，我再去微调几张图片的选择，去拿更高的分数。,说实话，我不能保证这些信息都是正确的。当时我想想怎么说，一个就是这四张绿色的图片中，可能就。有一些分数是会，就在这16张图片中都是比较高的，因为其他几个色组都没有这么高的分数。如果在中途进行调整，比方说选两个绿的，或者再加上别的一些颜色，分数反而会更低。这让我意识到说这四张绿色图片的如果说每一张图片可能有自己的分值的话，这四张绿色图片可能是分值比较高的那一档次。,我得想一想，因为之后，虽然说我没有走神，但是注意力可能确实没有说专注到能够记下每一次选择与因此我想的策略，就我的意思是我想到，但不一定说我能够把这个策略落实好。我想的策略就是，不要再去浪费宝贵的这些机会，再去试错了。去想基于这四个绿色开始，我怎么，比方说，换掉某一个，再去加一张，换掉某一张，重另一张图片，能不能拿到更高的分数？这个如果要说的更细一点，可能就是我抓到的第二个比较抓我眼球，或者说吸引我注意力的元素，就是后面的挂画。因此我会再去想。比方说这四个绿色的沙发，其中有一个是后面有一个人像的一个挂画，这个人像的。如果我换掉，选另一个也是人像挂画，但是是粉沙发、黄沙发、蓝沙发等等，会不会更高？再或者呢，我换掉这一个，我选另一个别的挂画，会不会分数会更高？当然就像我说的那样，虽然策略是这个策略，但是我可能也不能保证说自己，一个是不能保证自己能够很冷静，或者说特别理智的做好这个策略。再一个就是我也。确实记不太清自己都选过哪些了。,没关系，我那个我可能就是偏后期了。后期的时候也算是误打误撞吧。我就选了一个，这个我记得比较清楚，粉色沙发，外加背景有海浪，还是说夕阳挂画，那样，就选了那个之后，分数达到了91分，这让我很惊喜。所以在之后的过程中，如果说有什么策略，那就是固定住这个粉色的挂画，然后。再去换其他的元素，比方说固定住粉色的挂画，固定住一个绿色的，后面带绿色沙发加后面人像挂画的这样一张图，去换其他的，比方说换成蓝的或者黄的，看能不能对的上。看能不能取得更高的分数。,说实话，这个得到的信息，我现在也搞不太明白，说这个到底是怎么一个机制或者原理吧。然后如果说我之后要做什么调整。那可能我会感觉有点类似幻觉的想法，我可能会误以为说某一张图，比方说黄色的人像，是不是会更高分？因此我，就像我之前说的那样，我确定了粉色沙发加海浪的家装可能是一个比较高的分数。,我就想定死这一个点，后续呢，我会误以为黄色的人像，黄色沙发加人像的挂画是另一个分数更高的图片，我就定死这两个点，再找剩下那两个。但是后来我逐渐意识到，可能黄色沙发加人像挂画，可能不是一个很高分的选择。因为我换掉了它，用别的的时候。可能有取得过更高的一个分数。,我其实感觉理解过来就是，如果再让我做一次，我会去做怎样的策略，是吧？我可能，我得，说实话，这个可能得真得想一想，到现在呢，我也不能保证说一定给出一个特别完整的方案，但是就我来说，比方说沙发的颜色四种，挂画儿四种。我之前只说了这俩，是因为当时我的注意力只能保证我专注并且记忆住，就这两个了，再多的话我难以说把我的选择跟分数对应起来。如果说满分的策略的话，我再做一次，取得满分的策略的话，我首先会想，比方说四种沙发颜色，4加四种挂画，四四一十六，四四一十六，再加上茶几的材质、地毯等等，再乘4就是64，再乘4就是等等，再往后。但是呢，乘一块儿肯定远超出16种，但是图片展示只有16种，所以我在选，如果再给一次机会，我在选择之前，首先要确认。,这64种中，到底是哪？选出的是哪16种？有没有说出现，比方说哪两个元素就给锁死的一个情况？比方说一旦有绿色的沙发，一定要配木质的茶几，一旦有蓝色的沙发，一定要配石质的茶几。当然这个我没有发现有这样的情况，这是打比方哈，就是这样。除此之外就，一个是找有没有这种连锁的，再一个就是找有没有。,有没有显著缺失，或者说分配不均匀的？比方说，如果有五个木，不是，如果有9个木质茶几，6个石质茶几，只有1个是别的特殊型号的茶几的话，我可能也会去想，这个是不是会影响我的策略？这个是在选择前，再一个就是选择中，首先我可能还是会去选一个四个纯色，来去看他们给的分数，因为这样的话，沙发是整个场景中最大的一个物体，我对它的记忆也是最为鲜明的，选择这四个能够让我初步了解说哪些图片可能被分到高分组，哪些图片可能被分到低分组。,这是中途选择的一个方法，确定了之后可能就先分出来高分的八张和。低分的八张吧，比方说在高分的八张里，再去挨个组合。挨个组合的话，想想，但是对，我能想到的大概就这些，还有可能就是排列组合，比方说在小学数学学过的 C 几几、 A 几几等等。还有一个，说实话也不能说策略，就是只是自己想到的一个点，哪怕是。7×8，在8张图片里这么选，可能60个也将将够用。如果说一个一个试，那肯定还是不太行，还是得有一个方法，比方说。我得到了一个高分值之后，就能自动排除某些更低分的，或者说更浪费这个机会的选择了。抱歉说的有点乱。,如果说偶尔出现的话，在最开始那些图片的选择中，我观察到有一张图片，大概有且只有一张，放了个泰迪熊在地毯上。有且只有一张，放了个马克杯在地毯上，这些都没有再次出现。所以我就没有费心去记他们。,我不好说，因为在后续的选择中，我没有遇见。但如果要我说的话，我一开始会倾向于他们跟分数不相关，因为对，他们没有多次重复出现嘛。但是在走投无路，比方说怎么着都达不到高分的时候，我反而会转念去，有一个完全相反的想法，就是他们会不会跟分数相关？我会去把这些有特殊元素的都选一遍，看看分数会更高还是更低。这是偶尔出现的，像您刚才也有提过，经常出现的一些，对吧？,嗯，对，这个是，包括构图或者说镜头。也好，都是维持着一个尽可能不变的一个角度，这些算是尽可能不变。还有一些尽可能不变，就是不像说咖啡杯或者泰迪熊那样。沙发、挂画儿，茶几、地毯、植物等等这些元素，它们是都有出现的。就虽然说种类会变，但是不会说哪个少了这一项。,说实话，我觉得，我是觉得像我说的这些，就在所有图片中都有出现，且款式比较多样的这些元素，就沙发呀。植物啊、茶几、地毯、挂画等等。这些是相关的。除此之外，不相关的就有两，很可能不相关的就是只出现一次的元素。一定不相关的就是所有都一样的，比方说构图或者景别。,sorry， 我喝口水可以吗？好。有，或者说有很大影响。如果说我刚才说的那些策略是一个顶层的设计的话，那么这个策略能否落实？或者说能否让我按照我的想法去进行推行？这个就是记忆的一个。重要性，或者说关键。比方说，哪怕是我刚才想的那样，我说我一个一个试，哪怕就是这么简单或粗暴的一个策略，如果说我记不住，那带来的问题就是我没法记住哪个是低分组，哪个是高分组。那么我可能会走很多冤枉路，绕很多圈子，甚至最那啥的就是重复选择了已经选过的组合，去得到这样的分数。这样的话，一个是我记不住哪些组合对应哪些分，再一个是我不会记得住我做到哪里了，我做到哪一步了。对，所以可以说是来回打转吧。记忆感觉是算是重中之重。一，嗯。,,,,,,,,,,,,,,,,,,,,,,,,,,,,,,,,,,,,,,,,,,,,,,
26062601,without_obs,new_verbal,,,,,,,,,,,,,,,,,,,,,,,,,,,,,,,,,,,,,,,,,,,,,,,,,,,,,,,,,,,,,,,,
26062602,without_obs,new_verbal,刚开始就是会看到图片里有很多种元素，每个元素有四种特征。肯定会有偏好的，可能会有偏好的元素。但是它就只有60次。如果是每种编号偏好元素都尝试一遍的话，那肯定不行。所以我也没有尝试这种策略。但是好像也暂时也还没有发现其他的。策略，但是到后面，这是前期嘛，前期的话就是主要就是关注，看看有什么重要的元素。比如说刚开始我会根据我自己的偏好，比如说他的搭配整体是否协调，他的光线，是否光线是否明亮。,在一轮里。刚开始先从整体协调先看。,刚开始也有看是哪一个重要元素。,对，但是好像分儿都不高，没有什么规律，我就放弃了，放弃试某一个东西，就看某一个东西。,然后稍微有点高，比如说会有70多。偶尔有80多的，就会看它里面哪一个元素会多一点，可能就会，就是说这个元素会比较重要。,我感觉就是可能是鸟，还有绿色的沙发，或者是圆的桌子。或者是高高一点的树。然后地毯它不能是特别小，也不能特别大，地毯的大小。,用中间的话，因为这个。不想一直尝试，因为就只有60次的次数，然后我就看那个干扰项，就是有一些，我有它，就是这些其他东西有什么小熊，然后杯子，它们出现的意义是啥？它们有可能是有用，有可能是没用的。先选，全选的话，发现分儿特别低。说明可能有用，有用的话就看他会有什么提示的，可能没用，看他有什么提示信息。比如说他杯子他有的时候放地上，有的时候放桌子上。放地上的话就可能不喜欢那个桌子，如果放桌子上的话就可能喜欢那个桌子。还有抱枕，抱枕放桌子上可能喜欢那个沙发。那个小熊放地上，还有小熊。如果没，反正就是如果这一个东西它没有放在它合适的位置，可能就不喜欢。然后还有墙上挂的有一些镜子，还有挂一个那个铁栏的壁画，钉木板，就他们如果出现，而且对，就说在考虑他为什么有时候可能有用，有时候没用，他有用的话就说明他，他出现了这个东西，可能就是说他就可能会有意向居住这里，所以会出现这些东西。来吸引他。,后期是。中期探索了这些小东西之后，发现还是没有探索出来，又回归了，去看，还是说要给某一个特定的元素去排序。后面可能做这个比较多，就是前面壁画给沙发都试过，后续的话就是很主要是桌子、地毯和花。,有这样试过。,反正到最后得到结论，可就是可能发现。就是圆桌，它可能不是局限于某一个特定的桌子，它可能是这个桌子形状。地毯的话，地毯也不是看花纹，可能还有地毯的大小，它不会，可能不是局限于某一个特定的，而是有这类特征的。比如说花的话，可能都是高一点的花，不是低一点的花。,,,,,,,,,,,,,,,,,,,,,,,,,,,,,,,,,,,,,,,,,,,,,,,,,,,,,,
26062603,without_obs,new_verbal,首先我对他的猜想就是肯定有不止一种，应该不是要把所有的东西选对，正正好好是100分，应该是加起来的分数可能会超过100分，会给100分，因为你说了不能选三个同样的同样的特征。那就是说我不可能。100%的尽量的选到最好的搭配。对，所以就是我只要足够好，我选的只要足够好，就能应该就能拿满分。但同时我也意识到，就是因为你每一轮刷出来的，就是在我刚开始的时候，意识到玩了两轮之后，我意识到每一轮刷出来的图片是随机的，那也就是说我需要尽早的确定到底哪个特征是好的，哪个是坏的，否则最后我可能会。没有足够的轮次，可能每一次刷出来的轮次里面都没有足够我拿100分的组合，所以我得尽早的确定，我最后得留足够的轮次去拿分。对，主要主要是，所以开始的时候都是这样的。,应该都有这样的问题。,一开始我就先看最大的那个沙发，因为它最大，就直接映入，而且它很明显就分四个颜色。所以我就先试一下哪个沙发是分最高的。那就还是最简单的策略，就是选三个同样颜色沙发，选一个不同色的沙发，然后保证其他的 feature 尽量处于一个随机分，处于均匀分配的状态，没有太多的偏移。然后就看一下，然后大概应该就是试了没几轮吧，就发现这个粉色的沙发很明显的分高。我忘了我是先试的沙发，还是先试的壁画，反正就是我先试的这俩，以后他们俩就是。最大最显眼。对。,就是用，就是我差不多就是用同样的策略，确定了沙发和壁画，分数都比较高，然后接下来我就要确定说我把沙发和壁画一起选会不会分数更高？所以我接下来几个回合我就尽量的把粉色沙发和那个抽象的壁画，我尽量把它们选到一块去，能选多少选多少。然后我发现就分数就从70多，80出头到最高好像到85、87。确实更高。那我就基本上确定说，对，我就是要尽量多的去。选 prefer 的 feature， 并且这两个就是最重要的，最最最他们最喜欢的。,对。,因为我我中间，我接下来我就去试其他的特征，就是我确定它俩加起来能拿高分，然后我中间。你应该是能看到我每一步的那个分数的。,就中间有一段我应该是连续拿了好几个七八十分之后，我我就去测试别的特征，然后在这几个，在剩下几个特征上，我应该是犯了几次错误，就是走了一些回头路，我。,这这三个 feature 是不是比那两个它权重要低？,就后来我就就我就发现这件事情，就是沙发和壁画是最重要的，然后剩下三个里面应该花儿比其他两个要重要一点。然后地毯和桌子是最不重要的。应该是这样，所以我当时把能拿最高分的地毯认错了。能拿最高分应该是那个波点的吧？还是？,好的，有时候分，总之就是我发现它的方差很大。对。我发现它的方差很大，那我觉得方差很大就暗示着说这个特征不重要，就它的方差很大就意味着其他的。feature 影响大。所以这三个不那么重要。然后接着我就又回头去试，沙发和壁画。好的是什么？我发现绿沙发好一点，黄沙发和蓝沙发拉完了。壁画的话，好像是橙色的壁画好一点吧。嗯，应该是。然后所以接下来就是我基本上就确定是怎么回事了。然后接下来就是尽可能的把，先选粉色沙发，再去和那个抽象壁画，再没有的就再选一个绿色沙发，接下来我就试，就看哪一次能刷出来高分，最后就刷到49分，就刷到100分。,,,,,,,,,,,,,,,,,,,,,,,,,,,,,,,,,,,,,,,,,,,,,,,,,,,,,,
26062701,without_obs,new_verbal,刚开始我认为找它存在几张图片，大约会是有4张，或者说是3张，它会有额外的一些物体。刚开始我就尝试这4张图片是不是，后来发现并不是，以这4张图片。其中的两张或三张，随机选取，再在别的剩余的图片中，找相似规律或者是不同规律。比如说随机选取这四张图片中的两张，让其尽量让与这两张图片，从剩余的12张图片里面，尽量让与其中我选择随机选择的这两张不同的图片，让其里面的物体一样或者是不同，我这样尝试，刚开始我认为这样。可能会获得满分。,是的。,刚开始选择是四个有额外物体的，不可以，然后我就开始根据花，沙发。还有，桌子，还有地毯，让其四个完全一样，进行测试，或者说是尽量完全不一样，这样进行测试。,我认为它既然是有评分机制，而且可以能答对的话，肯定是有一种搭配规律在里面的，所以说我就选择一些比较常见的，就完全相似、完全不同，或者说是根据那四张图片随机。你选择两张，尝试一些。相同不相同的这种搭配。,想想拿满分呀。,获得信息就是查看一些，判断一些，这四张存在额外物体的图片，比如说后面放张镜子，挂一个东西，或者是是一个茶杯。放在旁边，想判断一下他是优先选择的图案，还是最后备选的图案。或者说是要不要选择他，还有全选择。同一种物体，如果分数很高的话，可能就是需要同时选择这种物体。如果分数很低的话，可能不能同时选择这几个物体。如果说是某种物体，像花，如果选择三种不同的，一种相同的，再判断，如果它达到了50分左右，60分，可能就是要完全不一样，这样不断的尝试，看来。看，他们之间全选一样或不选，全部选一样，看这个分数之间的起伏，判断与这种物体的种类是否有关。,时间顺序，刚开始是全选择物体多出来的，这个只有在40分到50分之间的一个分数，所以说。把这个方向给排除掉了。,尝试，所有的花选红色的花，所有的花选黄色的花，所有的花选什么的，这个分数它其实很低，我就在尝试，画、沙发，全选一样的，中间偶尔穿插几次随机选择，如果分高的话，观察一下它们之间有什么相同信息。最后我得出来的结论，不知道对不对，我认为花，还有壁画、沙发和桌子，桌子，不，就花、壁画和沙发不能选完全一样的。我认为桌子和地毯之间。存在某种关系，但是并没有找到。,其他的策略，我尝试过，在把它第一行和第一列进行一个对比，选择一个搭配规律最少的，比如说第一行出现了两张橘，两张。圆形矮桌，出现了三类，第一横行，第一竖行出现了四类，第一横行和第一竖行，之间有一类，只有在横或竖只出现了，并没有交集，就选择这。这种，在第二行第二列，这样依次往后排，就尝试一些几何上的一些规律，但是也没有做对。还尝试了，最后尝试的一些规律，不考虑地毯，主要是考虑壁画、沙发。还有壁画、沙发、桌子、花，这四类物品。我想让找，让他们完全选四幅画，让里面完全没有相同的点。但是也没有做对。,就是一步步走，完全一样的，选完，式子错完以后不对，分数并没有很高，而是集中在一个区间，我就认为这个方式它不对。但是如果它存在，光主体物品就存在四种，如果我并没有把这四种全部。就有四类，四类里面还有四种，就是四四十六，我认为全试16次，那太浪费机会了。我试了大约七八次，就全部是红色花，全部是黄色花，全部是棱形桌子。试了七八次，我感觉分数并没有突然很高，它只是维持在一个区间，我就认为全选同一种物物品的策略是错的，所以说我就把这种给否决掉了。,我就开始尝试几种一样，几种不一样，这种进行搭配，选择，但是分数也一直是，当分数是维持在一个50分左右区间的时候，我就认为。他并不对，因为我也试过随机几次选择，他有时候还能达到60多分，有时候50多分，我就认为他跟我随意选择的分数差不多，就尝试几次以后，就把这种方案否决掉，再换另一种方式。,会，偶尔出现的就像最多会偶尔出，我认为的偶尔出现的物品就是像一些后面墙上一个是跟收纳箱类似的东西，上面放放着帽子。或者说是后面出现一个镜子，前。桌子上出现一些抱枕，或者说是左右两边出现一些小熊或水杯，有时候水杯还可能在桌子上。刚开始我的关注点一直是在这上面，我认为这是一个主要信息，但是它出现的频率和位置，实际上后选项很多，我就认为这是，刚开始我认为是是个重要信息，后来我就认为它是一个干扰信息，就不进行对齐考虑。,我，哎，这个，我认为在，物体出现在后面的时候，你选择他以后，他的分数会比较高。他物体出现在前面的时候。左右两边像一个茶杯出现在桌子的右侧，他选择后，他的分数并不是很高，我认为还是有关系的，但是，但是我认为这个关系可能是在后面的几率会比较大一些，在挂在墙上，或者说是那个抱枕出现在沙发的时候。,会有，如果能把所有答案记下来，肯定会更有利于那个提高正确率，但是我感觉很少，这个很。几乎是不可能，我就是记住的是一些规律，尝试的是一些规律，我感觉记忆对我做这个题的影响不是很大，我在尝试一些规律。,,,,,,,,,,,,,,,,,,,,,,,,,,,,,,,,,,,,,,,,,,,,,,,,,,
26062901,without_obs,new_verbal,我觉得一开始前期的时候，获得满分需要猜测顾客的喜好，具体通过观察家具的设计，比如沙发的颜色、茶几的样式、地毯的样式。还有一些其他的，可以认为是不相关的一些的物品的摆放，有关。,它变换的主要原因就是它的颜色不同，所以我猜测它跟颜色是有关的。,不是，是主要的物品的，就是那主体，就像沙发的颜色，还有茶几的颜色。,最开始的时候我不知道那些小物品，比如说钟表，玩具熊，还有，沙发上的枕头的放置，是否会对顾客的喜好造成影响？我就在很多次的测试中，把这些单独的小物件，含有小物件的这些图片全部选出来，但是发现得到较低的分，我就可以知道顾客并不喜欢这些小物件，我就。,接下来的阶段我就会把这些小物件的东西给排除掉，再从剩下的图片中选择，看哪些。可能会符合顾客的喜好。我就在接下来的阶段主要是在观察壁画，在偶然的随机的测试中，我发现顾客比较喜欢的两幅壁画是有一个水果还有一个瓶子的，这是一幅，另一幅是好像是几只鸟的那个。他比较喜欢这两幅画。,在一次随机的猜测中。,对，然后后面我就知道应该往这方面去靠。OK。,在发现还有这两幅壁画的，这四张图片中能够获得高分，所以我猜这是跟壁画内容有关，后面就限定了范围，就是只选择与这两幅壁画有关的图片。发现他顾客喜欢，他要获得高分的图片需要，需要有颜色上的对应，比如说沙发的颜色需要出现在图片中的颜色中。不知道这样是不是完全对，因为我并没有获得100分的高分。,就比如说，沙发是粉色的。那你在壁画中需要有一个比较能够对应的暖色调。,可能也是，这个也是导致限制了100分的原因。,一开始就是随机猜测，看哪个可能会获得一些高分，最开始可能是50分左右。后来又到二三十分，是因为我在不断的试，又可能会回到了50分。然后再进行一些随机尝试，发现分更高了，就获得了70多分的样子。,这个好像没有太大的影响，因为我并没有选择过四张完全一样的。,相关的就是，壁画、沙发、茶几。不相关的，就比如说小物件。还有窗帘的，还有植物的样式，不相关。ok。,因为我发现获得高分的几张图片中，他们的植物的样式有很多样。,因为茶几的颜色也需要跟沙发类似，去呼应壁画中的颜色。,我觉得有，如果我能把所有能够得到高分的图片汇总在一起，再仔细观察一下，他们的共同之处可能会有所提升。,,,,,,,,,,,,,,,,,,,,,,,,,,,,,,,,,,,,,,,,,,,,,,,,
26063001,without_obs,new_verbal,,,,,,,,,,,,,,,,,,,,,,,,,,,,,,,,,,,,,,,,,,,,,,,,,,,,,,,,,,,,,,,,
26063002,without_obs,new_verbal,我是觉得它可能更偏向于冷色系色调一致。,我当时应该是一开始的时候，因为我是想，就是尽可能的挑不一样的。然后就是让他们每个。就是不是有沙发，我是主要关注在沙发，还有茶几，花，还有挂画。这四个，就让他们不一样。搭配，颜色搭配不一样。发现不行，又及时的转成，就是他们，不，我注意到了，他有一些小，会有一些小摆件，比如说抱枕，玩具熊什么的。又。选择出现这些的。,什么？,大概就是三四三四五三四五六轮的时候。,就是我会尽量给它有不同的组合。就比如说，就比如说它，让它尽量的有不一样的地方，尽可能的因为不是有颜色，它不是有4×4×4×4×4这么多组合，我会尽量的去试一下，但是我发现这个好像试不太出来。所以就转成了先有小摆件的。但是有小摆件的，虽然说有时候能提升，有时候提升不了，所以我在猜一下是不是这个的原因。我就又去猜想，我看到了花。就是壁纸里面它有的花开的会更旺盛一点，更好看一点，所以我会选择花更多的一开始，后来是花会更高一点的。,对。,我就是有的，有，有的图片它选择打开之后，放大了之后，它其实给你的感觉是更好的，我会更倾向于选择那几张。色调感觉就是更暖一点，更亮一点那种感觉。,我感觉后来我还选择有颜色呼应的，比如说红色就是粉色的花要和粉色的沙发，还有我感觉我要，我一般我会 pass 掉大理石桌子的我感觉我会把那从我的选择里面 pass 掉，在后期的时候会更偏向于那种木质感的。还有他的沙发的桌角，他有的是黑色的，有的是木，原木色的，我会更偏向于。原木色的桌角，就是沙发桌角的话，它和原木色的桌子去呼应。如果它是深色的桌角的话，会和深色的桌子去呼应。还有后期的话，我一开始的时候，前期有试，蓝色调，和蓝色调搭配的。但是我感觉后期的话，我其实更偏向于黄色调，黄色系的和粉色系的。然后绿色系的会偶尔也会选择。,其实有关注到他那个拍摄角度，就是他有的，他的画框。画框它在那个照片里面，它的构图，它的占比大小是不一样的。有的它会更大一点，有的会更小一点。对，这个也会当时也就进行了一个选择，还有就是它窗帘，窗帘到底是拍进去了一半，还是拍进去了很多，还是拍进去了一点？对，所以当时有注意到，去选择一下。但是基本上试了一轮。,对，还有就是壁画的。我会尽量选择，四组照片里面。我也尽量选择让壁画大小一样的，挂画大小，在照片里的构图是一致的。,嗯，然后还有就是它的色系的，暖色调，我感觉选择那种更明亮一点的色系的图片的话，它的分数好像有时候会更高一点，但是这个有时候它也会，比较低，但是。但是大部分选择明亮色系的图片的话，分数是比较高的，大部分时候。,大概在，前期的时候有测试过，但是当时没有得到理想的结果，但是后期的时候还想再测测试。,我测过那个原木色的，然后圆柱。还有有测过花。还有测过壁画。还有沙发应该也测过。但是信息的话，感觉是原木色的桌子的话，分数可能会更高一点。,沙发的话，我感觉可能怎么说呢？我没有太关注过，全部选沙发，沙发的话，我可能是有一点点我自己的个人倾向性，因为我自己就更喜欢暖色系的沙发。嗯，粉色和黄色。对，如果他那个分数比较低的话，我可能就是在我的选择下一个选择里面，我还是会去推，那个粉色和黄色。嗯，明白。好的。就其实是我。,,,,,,,,,,,,,,,,,,,,,,,,,,,,,,,,,,,,,,,,,,,,,,,,,,
26070101,without_obs,new_verbal,,,,,,,,,,,,,,,,,,,,,,,,,,,,,,,,,,,,,,,,,,,,,,,,,,,,,,,,,,,,,,,,
26070102,without_obs,new_verbal,,,,,,,,,,,,,,,,,,,,,,,,,,,,,,,,,,,,,,,,,,,,,,,,,,,,,,,,,,,,,,,,
26070103,without_obs,new_verbal,,,,,,,,,,,,,,,,,,,,,,,,,,,,,,,,,,,,,,,,,,,,,,,,,,,,,,,,,,,,,,,,
26070201,without_obs,new_verbal,最一开始我会注意到，有很多小物件嘛。我当时选的时候，去选了那些有小物件的一些图片。发现好像分值还算 OK， 就大概七八十那个样子。我在前，可能前十几轮那样，一直觉得可能会有这个策略，有这个小物件的这个选项会是那个顾客喜欢的，分数高的。对。,可能有一点关系，因为我觉得观察的时候，他这个是占少数嘛，有物件的是这个16张里面，就是不经常出现的这种。对。,策略就还是，只要出现有这种小物件的，我就会选。对。,后面发现分越来越低，甚至有的时候在二十多分，然后我就去换策略，去看那些家具的搭配，比如说沙发跟桌子，沙发跟后面的画，还有桌子跟地毯，几个的搭配，但是一直到最后也没有试出来那个分值高的搭配。,当时好像没有太注意，对。,分数好像就是，我没有到80多，但是一直是70左右在那里波动。,就是对提高分数的信息哈，就是提高分数的那些策略好像没有，就没有弄懂，就可能感觉试一个，然后不对，然后试一个还是不对那样。,后面我在想就是可。能，因为它不是四种嘛，每个都是四种，所以好像在某一项上面，这四种不同的时候，它有可能分是最高的嘛，结果发现那个根本选不了。就是，对，就比如说那个画吧，如果我选四张不同的画，它好像就提醒我说这个设计师不负责，就点不了那个选项。,我还真没有，我还，我甚至还在纳闷说为什么。,对，不一样的，对。,偶尔出现就还是一些小的东西，对，然后一直不变的就是那些大的家具的类型都没有变。,就比如说颜，沙发的颜色那四种，然后桌子也是四种，然后包括画也是四种，然后地毯好像地毯的样式可能更多一点，对，但是几乎还是那些的样式。嗯， OK。,我觉得家具的搭配可能是跟分数相关的。,就比如说我最后其实一直在选，绿色的桌，绿色的沙发配棕色的圆的桌子。对，然后我感觉好像一直在选就选那个的话，分数好像会高一点。,然后选的策略就是。我四个颜色的沙发不一样，选一张。,难度有点大。,对，因为我感觉最高分是最一开始的弄的，到后面分数越来越低，但是我又想不起来我最一开始看的那四张图片是什么样子，所以我就只能是胡乱的猜，就是一点方向都没有。,我是，我当时好像还是在秉承小物件是那样的策略，我就好像就没太关注，因为我一直以为会比他分数更高，对，结果没想到到后面就越来越低。,,,,,,,,,,,,,,,,,,,,,,,,,,,,,,,,,,,,,,,,,,,,,,
26070202,without_obs,new_verbal,我觉得可能与沙发的颜色、茶几类型，还有地毯有关。我以为会是一共有四种颜色，每种颜色各有一个，我以为会是。一些不同组合的搭配，让整体每种都出现。,我想想，观察阶段我观察到一共，刚才说的这些分类都有四种不同的。类型。对。,我就随便选。让我注意到好像粉色沙发出现的时候会稍微分高一点。,后面我发现好像一些小东西，比如说。有抱枕，还有放在桌子上的杯子出现的时候，分数好像会高一些，还有书架。然后像陶瓷。还有镜子好像分数不高，有粉色的花的时候好像会高一点，有红色花的时候分数会比较低。,就是我发现一个东西，我第一次见我就会尝试选它一下，然后看看得到的分数是高还是低。,对，差不多。比如说一个玩偶或者是什么。,有，比如说刚沙发，地毯、茶几和绘画都是一直有，还有落地灯，还有窗帘，对，有的时候桌面上也出现一些小东西，沙发上或者是。,好，我其实现在也没有很确定到底哪个是，我就觉得红色的花应该不太好，然后书架，放在桌子上的杯子，还有抱枕和玩偶应该是。,我能不能补充一点？我感觉好像粉色的沙发，还有浅蓝色的壁画，还有一个木质的茶几，好像会对氛围有提高。,有影响，因为我想。通过选四个一样的来确定这个东西到底怎么样。,我感觉还挺难的，如果想要达到满分的话。,感觉有一些，尤其是到后面可能有点累了，就记不太住。对。这一款没有别的问题了。,,,,,,,,,,,,,,,,,,,,,,,,,,,,,,,,,,,,,,,,,,,,,,,,,,,,
26070301,without_obs,new_verbal,,,,,,,,,,,,,,,,,,,,,,,,,,,,,,,,,,,,,,,,,,,,,,,,,,,,,,,,,,,,,,,,
26070302,without_obs,new_verbal,我想，当时我是觉得游戏可能是根据根据图片找不同吧，我想的是找到完全，就是没有相同点的图片就可以得到满分。当时是这么想。,最开始的时候，我是注意到它有五个比较具体的，比较显眼的元素嘛，我就想着去对比一下这五个的，这五个重复的图片，看看谁是，谁是对分数影响最小的。后面我发现五个五个元素就很难很难找到完全不同的图片。我就开始去测试，去测试它们对分数的影响，我发现地毯对那个分数影响是最低的。其他的，再继续测试的时候呢，我发现花朵和，植物和沙发，它们的颜色，还有它们的类型会对分数影响比较高，我就开始去往这方面去选，选它们两个。尽量让他们两个不同。在游戏中期的时候吧，我发现前期选择的植物和沙发，他们哪怕不同，还是会会得到低分。我就去看一下他们的颜色会不会对结果，分数有影响。,再继续选择的时候，我发现有会出现书架，还有钟，还有玩偶的时候，我觉得这可能也是一个不同点吧。我就想，之前我在答题的时候，我有写布置，房间内物品的布置会对。会影响顾客对设计的一些看法。所以我会在有书架这些偶然小概率出现的事物的时候，我会去选择它们。但是我发现它们好像也是不一定得到高分，所以说最后我就会，最后我测试的时候，我就开始随机测试，就抛弃前面的一些总结经验嘛，我就开始去选择那种光线比较好，就一眼看过去会比较好看的图片，我发现那种。那种时候会得到的分会普遍比我一开始总结规律的时候得到分要低，不是，要稍微高一些，但是也没有很高，我最高分的时候是在。在前期的时候。是在前期找不同的时候。,对对。,,,,,,,,,,,,,,,,,,,,,,,,,,,,,,,,,,,,,,,,,,,,,,,,,,,,,,,,,,,,
26070401,without_obs,new_verbal,在游戏刚开始的时候，我也没有想着一定要获得满分吧，可能我是先比如说用控制变量，先去进行不同元素的搭配，大概看一下它有没有一个什么方向，对。,我觉得因为它那个可以搭配的元素有非常多嘛，你肯定要先通过控制变量，让你的这个选择比较有方向一点，不然你乱组合的话，它这个可以组合的方式太多了。,就比如说我会先选定某一个款式嘛，比如说那棕色的茶几，可能我会先选三，就是说选三个不同颜色的沙发跟它搭配，剩下一个我可能就会选一个相近一点的吧，比如说选其中有的这个沙发的颜色，跟其他的茶几进行搭配，看它这个分数的变化。哦，我刚还有个忘记说了，我一开始的策略可能就是先去关注它。整个画面中，整个方案中占比比较大的部分，比如说沙发、挂画，茶几、地毯，其他那些小的元素，可能我一开始暂时就关注的不是很多，对。,就是一个整体感觉吧，如果我是一个顾客，我一开始第一眼一打眼肯定是先看一个房间中的大件儿，如果我要去在这么多的方案进行选择的话，我尽量通过控制其中1到2个变量，让我的选择就是更有方向一点，也不是乱选嘛。,就是可能，因为一游戏一开始也没有说想要获得很高的分数吧，对我来说不管分数高还是低都是一种提示吧，让我后面的选择更有方向一点，可能我知道就是。就是怎么选？对。,按照时间顺序，就是我记得我一开始第一轮其实得到的分就不是很低，我当时是应该是选了三个带棕色茶几的图片，还有一个我有点忘记了，那个好像就得了七十大几分还是，就七十九分吧，好像是，还是多少？后面可能我主要就是觉得他可能对于这个棕色的茶几还是。比较就是比较喜欢的。我可能就往这个方向上去试了一下。,经过几轮的尝试，我发现单一的元素好像对于他来说并不是非常的，就是单一的元素并不能够达到非常好的稳定的高分或者低分。后面我又去观察了其他的，比如说包括挂画，地毯，通过这样的组合，我可能会发现有其中几个元素。加入了之后，他就可以获得相对比较高的分，就是可能80到90之间，我可能就是在这个基础上，进行一些选择。,我不知道这个算不算方法的改变，一开始可能就是我刚刚其实已经说了吧，一开始我可能比较注重这个单一元素的对比，后面我可能就是除了单一元素之外，在单一元素的基础上，我可能会去看它整体的这个。和谐程度，可能还会注重一些它的多样化吧。,偶尔出现的。主要就是一些除了这个大件儿之外的装饰物，比如说镜子，墙上的装饰的板，还有一些地上的摆件儿，比如说熊、杯子，书，还有桌上的有一个我看不太清是一个什么东西，反正就主要这些装饰物为主吧，我觉得它是偶然出现的。一直不变的，我不太确定因为我有的我确实刚刚做那个问卷的时候，我发现我其实没有观察很仔细，比如说地板，墙壁、落地灯、窗帘这几个，其实我没有注意到它有没有。,因为我没有注意到，所以我在做的时候肯定也不会去想这个问题。但我现在可能会觉得，就是我感觉可能也不是很相关吧，因为就是如果我没有注意到的话，那我觉得就是作为一个顾顾客，他可能第一次看的时候也不一定会注意到。,不是非常确定。,我现在都有点忘记我选的啥，我记得就我觉得他应该是比较喜欢有一个棕色的桌子，还有一个另外一个黄色的圆桌，然后有一个橙色的挂画，然后可能相对来说感觉他对黄色。整体就是黄色黄色偏向的可能觉得会好一点。,,,,,,,,,,,,,,,,,,,,,,,,,,,,,,,,,,,,,,,,,,,,,,,,,,,,
26070601,without_obs,new_verbal,实验刚开始的时候，我先是对茶几的种类进行了尝试，首先是大概都选圆形的茶几，发现评分是在75分左右，我对茶几种类进行了更改，我将茶几种类全部选定为方形的圆。方形的茶几，发现评分骤降至20~30分左右，所以我推断顾客对茶几的偏好为圆形，进行下一阶段的尝试。OK， 就。,选择策略就是首先我注意到茶几主要有四款，但是又分为两大类，一类是圆形茶几，一类是方形茶几。我认为这个东西在装修当中的占比比较大，所以我首先对它进行了尝试。一开始在对圆形茶几进行尝试后，发现评分就是在70多分嘛，所以我认为它得分比较高。我转而对另一大类，方形茶几进行尝试，发现方形茶几的得分一下子变得很低，二三十分，所以。在经过这几次尝试之后，我就认为顾客一定喜欢圆形的茶几胜过方形茶几，所以我在后面的选择当中就只选择圆形茶几，而忽略方形茶几。,啊对，我第一阶段就只试了茶几。,后面，然后后面第二个我是测试，我在控制茶几只选圆形的情况下，我第二个尝试的是地毯的花纹，我注意到它有。线条的和有点状的，但是我在尝试的过程当中。我应该是，因为我应该是只尝试了线条的，我尝试了几次之后发现它影响估计不大，我就换另外一种元素。第三个元素是壁画，但是尝试了一两次之后发现好像得分没有太大的变化。最后进行的是沙发种类的尝试，因为我觉得前面的那几个尝试都感觉有一点偏离了应该进行尝试的路线，应该是先尝试比较大的物件，再尝试小的物件，我就。发现我的这个偏离之后，我就把他这个尝试的这个偏好返回到大型物件上面去，我就尝试那个沙发的颜色。然后我记得我第一次尝试的那个颜色应该是蓝色和黄色，就相当于我是每一次，比如说他沙发有四种颜色嘛，我每一次就是两种两种的这种，比如说我控制其中一种不变，比如说我就尝试蓝色和黄色，蓝色和粉色。然后在当我尝试蓝色和黄色，发现它的分还是七十多分，然后当我第二次尝试蓝色和粉色的时候。然后他就结束了。哦，明白了。,哦，关注到了，就是我关注到了，就在补图的阶段，我发现他就是会出现一些小物件，比如说那个沙发旁边的那个洞洞板，然后他那个地毯上会放一些什么书。杯子、闹钟，这些东西，但是我认为它得很仔细的看才能发现有这些东西，所以我觉得它影响不大，还有就是窗帘的颜色。包括那个问卷里写的是什么光线氛围，但是我认为那个光线氛围它的体现差异就体现在后面那个墙壁上有没有窗帘的投影，那个纹路，所以我觉得也是我仔细。发现，所以我觉得影响不大。还有一个就是地板，那地板我是发现它的因为那上面问卷上面写的是材质和颜色，但是我整体感觉颜色都，反正这种浅色的，只是说那个纹路有一点区别。就它可能有的地板是那种像条形的或怎么样的，所以我感觉影响也不大，对。,,,,,,,,,,,,,,,,,,,,,,,,,,,,,,,,,,,,,,,,,,,,,,,,,,,,,,,,,,,
26070602,without_obs,new_verbal,就是根据某些元素的搭配，或者种类。,对，因为观察阶段发现主要就是那么几个因素，对吧？差异在。款式是圆形还是什么？方形或者是颜色。地毯的颜色和图案，沙发的颜色和图案，颜色，对，沙发没有图案，还有一盆儿花，那盆儿花是什么具体？还有画儿，壁画是什么？可能和他们之间的因素有关。,刚开始的时候。没有什么具体的策略，试一下这个东西是什么样的。选四个，大概进行了两个吧，两个三个，发现这个东西是个什么样的东西。我想到固定某一种元素去进行测试。首先测试了沙发的颜色，沙发比较大嘛。对，从绿色开始，绿色的沙发，其他的发现正好在绿色沙发的时候，正好有四张图片。粉色的沙发、蓝色的沙发，还有一种什么颜色，现在记不太清了。对。可以发现选择不同颜色沙发的时候，它的分数的差别比较大。就确定这个沙发的颜色是一个重要因素。,可能是生物实验带来叫什么？控制变量法的一个。,就是得到什么元素最重要，以及这种元素的某一特征会得到更高的分数。,第一步应该是固定沙发，获得绿色沙发的分值最高，而且跟其他的差异比较大。对，然后是。测试的地毯、花儿以及画儿，这壁画，这三个。大概都是50上下，可能还有茶几，茶几呢，有一种纯色的，纯深色或者纯浅色的，圆形的，对，那两种似乎分值比较高，另外两种就相当低，尤其是方形的黑白的那一个，对，他们两个差别好像大一点。,开始的话呢，就是想使用最高分数的，我对自己是有一定怀疑的，可能是像另外的其他的，比方说壁画呀、花啊，是不是有差距？但是因为差距不大，没有被我注意到，所以我就固定了绿色的沙发、深色圆形的茶几，另外配两幅或者几幅其他的那种元素。但是我发现好像不是这样，这样是得不到满分的，就改变策略，我就想。那如果把这两个的前两名排出来，可以就回想刚才的一个筛查过程，想起来，确实应该是绿色和粉色的沙发最高。然后深色和浅色的圆形茶几分数最高，然后就把这四个组合到一块，基本上很快就完成了。,我。在早期的，所有的图片都放出来的时候，有一种熟悉所有图片嘛，我就发现有一些小的摆件儿在地毯旁边儿啊，或者是一个镜子，镜子就是在台灯的旁边。因为它偶尔出现嘛，我觉得它不太可能是关键因素，但是它可以很快的去排除。对。,,,,,,,,,,,,,,,,,,,,,,,,,,,,,,,,,,,,,,,,,,,,,,,,,,,,,,,,
